ID,timestamp,chain,tx/signature,source,destination,asset,amount,USD value if available,action,protocol,signer/authority if known,provenance status,classification,source_record,notes,related_ledger_ID,record_type,toPerp
F0209,2026-10-07T01:49:49.546Z,Hyperliquid account ledger (first-party API),0xd09044916f0e5402351d6edc68cc7afa48a00e08800791a02e0f48f554f1255e,Arbitrum bridge credit,0xd7efd720adf271b7173dd01a9b81668892bee6b1 Hyperliquid account,USDC ledger units,100542.304581,,deposit,Hyperliquid,NOT ESTABLISHED by unsigned read-only API response,intact exact deposit-hash/account linkage; mixed bridge custody,CONFIRMED,raw/hl_ledger_0xd7efd720adf271b7173dd01a9b81668892bee6b1.response.json,"First-party API observation, not independently reproduced HyperCore consensus inclusion or signer proof. Deposit credit is the accounting representation of an already ledgered Arbitrum transfer, not new proceeds. Transfer to spot is internal, not an external payout.",F0190,accounting representation,
F0210,2026-10-07T01:49:57.752Z,Hyperliquid account ledger (first-party API),0xa1dda728195b4c2da357044601919a0201b3000db45e6aff45a6527ad85f2618,0xd7efd720adf271b7173dd01a9b81668892bee6b1 perpetual account,0xd7efd720adf271b7173dd01a9b81668892bee6b1 spot account,USDC ledger units,100542.3,,accountClassTransfer,Hyperliquid,NOT ESTABLISHED by unsigned read-only API response,intact account-ledger association; physical pooled funds mixed,CONFIRMED,raw/hl_ledger_0xd7efd720adf271b7173dd01a9b81668892bee6b1.response.json,"First-party API observation, not independently reproduced HyperCore consensus inclusion or signer proof. Deposit credit is the accounting representation of an already ledgered Arbitrum transfer, not new proceeds. Transfer to spot is internal, not an external payout.",F0190,internal account ledger update,False
F0211,2026-10-07T01:52:57.383Z,Hyperliquid account ledger (first-party API),0x953cb3206cf345b500e518316a07151f10835663ce4e55f8e972d2d78e78ff87,Arbitrum bridge credit,0x68d6e20a28f9d50ebf798ccf9fae9e3d5e4f1ac4 Hyperliquid account,USDC ledger units,93738.289817,,deposit,Hyperliquid,NOT ESTABLISHED by unsigned read-only API response,intact exact deposit-hash/account linkage; mixed bridge custody,CONFIRMED,raw/hl_ledger_0x68d6e20a28f9d50ebf798ccf9fae9e3d5e4f1ac4.response.json,"First-party API observation, not independently reproduced HyperCore consensus inclusion or signer proof. Deposit credit is the accounting representation of an already ledgered Arbitrum transfer, not new proceeds. Transfer to spot is internal, not an external payout.",F0191,accounting representation,
F0212,2026-10-07T01:53:09.637Z,Hyperliquid account ledger (first-party API),0x15e88e957e9fd99217620446019bf1020334007b1992f864b9b139e83d93b37c,0x68d6e20a28f9d50ebf798ccf9fae9e3d5e4f1ac4 perpetual account,0x68d6e20a28f9d50ebf798ccf9fae9e3d5e4f1ac4 spot account,USDC ledger units,93738.28,,accountClassTransfer,Hyperliquid,NOT ESTABLISHED by unsigned read-only API response,intact account-ledger association; physical pooled funds mixed,CONFIRMED,raw/hl_ledger_0x68d6e20a28f9d50ebf798ccf9fae9e3d5e4f1ac4.response.json,"First-party API observation, not independently reproduced HyperCore consensus inclusion or signer proof. Deposit credit is the accounting representation of an already ledgered Arbitrum transfer, not new proceeds. Transfer to spot is internal, not an external payout.",F0191,internal account ledger update,False
F0213,2026-10-07T01:56:47.669Z,Hyperliquid account ledger (first-party API),0x0ddf411d8745a28b5efdd1c42ab0a1526c53f1c92b622b36c0f6baf595dc3a9c,Arbitrum bridge credit,0x888795f84f5f81352a7639f1254662ae5897e223 Hyperliquid account,USDC ledger units,93549.620787,,deposit,Hyperliquid,NOT ESTABLISHED by unsigned read-only API response,intact exact deposit-hash/account linkage; mixed bridge custody,CONFIRMED,raw/hl_ledger_0x888795f84f5f81352a7639f1254662ae5897e223.response.json,"First-party API observation, not independently reproduced HyperCore consensus inclusion or signer proof. Deposit credit is the accounting representation of an already ledgered Arbitrum transfer, not new proceeds. Transfer to spot is internal, not an external payout.",F0192,accounting representation,
F0214,2026-10-07T01:56:57.354Z,Hyperliquid account ledger (first-party API),0xe13da116e8f59385e2b7044601a8ae02105900fc83f8b25785064c69a7f96d70,0x888795f84f5f81352a7639f1254662ae5897e223 perpetual account,0x888795f84f5f81352a7639f1254662ae5897e223 spot account,USDC ledger units,93549.62,,accountClassTransfer,Hyperliquid,NOT ESTABLISHED by unsigned read-only API response,intact account-ledger association; physical pooled funds mixed,CONFIRMED,raw/hl_ledger_0x888795f84f5f81352a7639f1254662ae5897e223.response.json,"First-party API observation, not independently reproduced HyperCore consensus inclusion or signer proof. Deposit credit is the accounting representation of an already ledgered Arbitrum transfer, not new proceeds. Transfer to spot is internal, not an external payout.",F0192,internal account ledger update,False
F0215,2026-10-07T02:09:56.769Z,Hyperliquid account ledger (first-party API),0x0ed5e25dfa5a8a702349a7c05c6e6afe28fd4161ad4c87c056a0460bef9056c6,Arbitrum bridge credit,0x4079067aa1bdff060c6c45155966d81c79e754e9 Hyperliquid account,USDC ledger units,91353.381339,,deposit,Hyperliquid,NOT ESTABLISHED by unsigned read-only API response,intact exact deposit-hash/account linkage; mixed bridge custody,CONFIRMED,raw/hl_ledger_0x4079067aa1bdff060c6c45155966d81c79e754e9.response.json,"First-party API observation, not independently reproduced HyperCore consensus inclusion or signer proof. Deposit credit is the accounting representation of an already ledgered Arbitrum transfer, not new proceeds. Transfer to spot is internal, not an external payout.",F0193,accounting representation,
F0216,2026-10-07T02:10:11.752Z,Hyperliquid account ledger (first-party API),0xed71b0d379d3d379eeeb044601d46d02059c00b914d6f24b913a5c2638d7ad64,0x4079067aa1bdff060c6c45155966d81c79e754e9 perpetual account,0x4079067aa1bdff060c6c45155966d81c79e754e9 spot account,USDC ledger units,91353.38,,accountClassTransfer,Hyperliquid,NOT ESTABLISHED by unsigned read-only API response,intact account-ledger association; physical pooled funds mixed,CONFIRMED,raw/hl_ledger_0x4079067aa1bdff060c6c45155966d81c79e754e9.response.json,"First-party API observation, not independently reproduced HyperCore consensus inclusion or signer proof. Deposit credit is the accounting representation of an already ledgered Arbitrum transfer, not new proceeds. Transfer to spot is internal, not an external payout.",F0193,internal account ledger update,False
F0217,2026-10-07T02:13:44.343Z,Hyperliquid account ledger (first-party API),0xe295cfe85f341c4abb36c74a22ea62c767788712410f7d10df4b55abcad99b85,Arbitrum bridge credit,0x68b3a77db46418905c7eaf63324d4adcce06a680 Hyperliquid account,USDC ledger units,91283.855105,,deposit,Hyperliquid,NOT ESTABLISHED by unsigned read-only API response,intact exact deposit-hash/account linkage; mixed bridge custody,CONFIRMED,raw/hl_ledger_0x68b3a77db46418905c7eaf63324d4adcce06a680.response.json,"First-party API observation, not independently reproduced HyperCore consensus inclusion or signer proof. Deposit credit is the accounting representation of an already ledgered Arbitrum transfer, not new proceeds. Transfer to spot is internal, not an external payout.",F0194,accounting representation,
F0218,2026-10-07T02:13:56.348Z,Hyperliquid account ledger (first-party API),0x013814103ce40dd702b1044601e0c602027800f5d7e72ca9a500bf62fbe7e7c1,0x68b3a77db46418905c7eaf63324d4adcce06a680 perpetual account,0x68b3a77db46418905c7eaf63324d4adcce06a680 spot account,USDC ledger units,91283.85,,accountClassTransfer,Hyperliquid,NOT ESTABLISHED by unsigned read-only API response,intact account-ledger association; physical pooled funds mixed,CONFIRMED,raw/hl_ledger_0x68b3a77db46418905c7eaf63324d4adcce06a680.response.json,"First-party API observation, not independently reproduced HyperCore consensus inclusion or signer proof. Deposit credit is the accounting representation of an already ledgered Arbitrum transfer, not new proceeds. Transfer to spot is internal, not an external payout.",F0194,internal account ledger update,False
F0219,2026-10-07T02:18:16.031Z,Hyperliquid account ledger (first-party API),0xdffada3de106b8639c6af7e25fc106e075f1c1b02f9ffd8e6facb70413bcf0d8,Arbitrum bridge credit,0xd9249de6224382ce7791600d1d1f9e5fdf633abb Hyperliquid account,USDC ledger units,91382.763365,,deposit,Hyperliquid,NOT ESTABLISHED by unsigned read-only API response,intact exact deposit-hash/account linkage; mixed bridge custody,CONFIRMED,raw/hl_ledger_0xd9249de6224382ce7791600d1d1f9e5fdf633abb.response.json,"First-party API observation, not independently reproduced HyperCore consensus inclusion or signer proof. Deposit credit is the accounting representation of an already ledgered Arbitrum transfer, not new proceeds. Transfer to spot is internal, not an external payout.",F0195,accounting representation,
F0220,2026-10-07T02:18:21.895Z,Hyperliquid account ledger (first-party API),0xbf3feb6c9e5b37cbc0b9044601ef3b02089e0052395e569d630896bf5d5f11b6,0xd9249de6224382ce7791600d1d1f9e5fdf633abb perpetual account,0xd9249de6224382ce7791600d1d1f9e5fdf633abb spot account,USDC ledger units,91382.76,,accountClassTransfer,Hyperliquid,NOT ESTABLISHED by unsigned read-only API response,intact account-ledger association; physical pooled funds mixed,CONFIRMED,raw/hl_ledger_0xd9249de6224382ce7791600d1d1f9e5fdf633abb.response.json,"First-party API observation, not independently reproduced HyperCore consensus inclusion or signer proof. Deposit credit is the accounting representation of an already ledgered Arbitrum transfer, not new proceeds. Transfer to spot is internal, not an external payout.",F0195,internal account ledger update,False
