ID,timestamp,chain,tx/signature,source,destination,asset,amount,USD value if available,action,protocol,signer/authority if known,provenance status,classification,source_record,notes,network_fee_ETH,nonce,record_type,token_contract,raw_token_units,log_index,transaction_sender
F0187,2026-10-06T20:14:00Z,Robinhood Chain (4663),0x49e05a92a0b08841fac2b475877cd02732e957412d0e1a3cad706f489641c596,0x14aa2a71dbb5ef87b81f92205e2699aa4aa65794,0x427c4b37de0714821b09c4fc655a713abbcfba83,CASHCAT (current metadata),3700227.867433114634814141,,token transfer event,UNRESOLVED,0x14aa2a71dbb5ef87b81f92205e2699aa4aa65794 (transaction sender only),intact token event; downstream mixing/source-chain bridge matches require separate analysis,CONFIRMED,raw_sources/rh_eth_getTransactionReceipt_0x49e05a92a0b08841fac2b475877cd02732e957412d0e1a3cad706f489641c596.response.json,"Token sender and transaction sender recorded separately. Current token metadata is not historical extension-state proof. Transaction fee repeated for context, not allocated per log.",0.00000094734,10,fund transfer event,0x020bfc650a365f8bb26819deaabf3e21291018b4,3700227867433114634814141,0,0x14aa2a71dbb5ef87b81f92205e2699aa4aa65794
F0188,2026-10-06T20:14:00Z,Robinhood Chain (4663),0xbf1158177a2f350f092b2426025b339bfeeaa77923e4e51c6bb216d3292b8171,0x14aa2a71dbb5ef87b81f92205e2699aa4aa65794,0x427c4b37de0714821b09c4fc655a713abbcfba83,V4 (current metadata),13705666.431273061609772002,,token transfer event,UNRESOLVED,0x14aa2a71dbb5ef87b81f92205e2699aa4aa65794 (transaction sender only),intact token event; downstream mixing/source-chain bridge matches require separate analysis,CONFIRMED,raw_sources/rh_eth_getTransactionReceipt_0xbf1158177a2f350f092b2426025b339bfeeaa77923e4e51c6bb216d3292b8171.response.json,"Token sender and transaction sender recorded separately. Current token metadata is not historical extension-state proof. Transaction fee repeated for context, not allocated per log.",0.0000009442,11,fund transfer event,0xc60ba256b44334a0cd2c7242e98b88f031abb006,13705666431273061609772002,7,0x14aa2a71dbb5ef87b81f92205e2699aa4aa65794
F0189,2026-10-06T20:14:00Z,Robinhood Chain (4663),0xa71e132f397b427cc6f1bb58252a5c56b2e0a5dde14733c840103ec3552456a7,0x14aa2a71dbb5ef87b81f92205e2699aa4aa65794,0x427c4b37de0714821b09c4fc655a713abbcfba83,WETH (current metadata),0.500012122639901441,,token transfer event,UNRESOLVED,0x14aa2a71dbb5ef87b81f92205e2699aa4aa65794 (transaction sender only),intact token event; downstream mixing/source-chain bridge matches require separate analysis,CONFIRMED,raw_sources/rh_eth_getTransactionReceipt_0xa71e132f397b427cc6f1bb58252a5c56b2e0a5dde14733c840103ec3552456a7.response.json,"Token sender and transaction sender recorded separately. Current token metadata is not historical extension-state proof. Transaction fee repeated for context, not allocated per log.",0.00000108606,12,fund transfer event,0x0bd7d308f8e1639fab988df18a8011f41eacad73,500012122639901441,8,0x14aa2a71dbb5ef87b81f92205e2699aa4aa65794
F0190,2026-10-07T01:49:41Z,Arbitrum (42161),0xd09044916f0e5402351d6edc68cc7afa48a00e08800791a02e0f48f554f1255e,0xd7efd720adf271b7173dd01a9b81668892bee6b1,0x2df1c51e09aecf9cacb7bc98cb1742757f163df7,USDC (current metadata),100542.304581,,token transfer event,UNRESOLVED,0xd7efd720adf271b7173dd01a9b81668892bee6b1 (transaction sender only),intact token event; downstream mixing/source-chain bridge matches require separate analysis,CONFIRMED,raw_sources/arb_eth_getTransactionReceipt_0xd09044916f0e5402351d6edc68cc7afa48a00e08800791a02e0f48f554f1255e.response.json,"Token sender and transaction sender recorded separately. Current token metadata is not historical extension-state proof. Transaction fee repeated for context, not allocated per log.",0.00000284494,0,fund transfer event,0xaf88d065e77c8cc2239327c5edb3a432268e5831,100542304581,0,0xd7efd720adf271b7173dd01a9b81668892bee6b1
F0191,2026-10-07T01:52:53Z,Arbitrum (42161),0x953cb3206cf345b500e518316a07151f10835663ce4e55f8e972d2d78e78ff87,0x68d6e20a28f9d50ebf798ccf9fae9e3d5e4f1ac4,0x2df1c51e09aecf9cacb7bc98cb1742757f163df7,USDC (current metadata),93738.289817,,token transfer event,UNRESOLVED,0x68d6e20a28f9d50ebf798ccf9fae9e3d5e4f1ac4 (transaction sender only),intact token event; downstream mixing/source-chain bridge matches require separate analysis,CONFIRMED,raw_sources/arb_eth_getTransactionReceipt_0x953cb3206cf345b500e518316a07151f10835663ce4e55f8e972d2d78e78ff87.response.json,"Token sender and transaction sender recorded separately. Current token metadata is not historical extension-state proof. Transaction fee repeated for context, not allocated per log.",0.000002851657376,0,fund transfer event,0xaf88d065e77c8cc2239327c5edb3a432268e5831,93738289817,5,0x68d6e20a28f9d50ebf798ccf9fae9e3d5e4f1ac4
F0192,2026-10-07T01:56:40Z,Arbitrum (42161),0x0ddf411d8745a28b5efdd1c42ab0a1526c53f1c92b622b36c0f6baf595dc3a9c,0x888795f84f5f81352a7639f1254662ae5897e223,0x2df1c51e09aecf9cacb7bc98cb1742757f163df7,USDC (current metadata),93549.620787,,token transfer event,UNRESOLVED,0x888795f84f5f81352a7639f1254662ae5897e223 (transaction sender only),intact token event; downstream mixing/source-chain bridge matches require separate analysis,CONFIRMED,raw_sources/arb_eth_getTransactionReceipt_0x0ddf411d8745a28b5efdd1c42ab0a1526c53f1c92b622b36c0f6baf595dc3a9c.response.json,"Token sender and transaction sender recorded separately. Current token metadata is not historical extension-state proof. Transaction fee repeated for context, not allocated per log.",0.000002853693576,0,fund transfer event,0xaf88d065e77c8cc2239327c5edb3a432268e5831,93549620787,0,0x888795f84f5f81352a7639f1254662ae5897e223
F0193,2026-10-07T02:09:51Z,Arbitrum (42161),0x0ed5e25dfa5a8a702349a7c05c6e6afe28fd4161ad4c87c056a0460bef9056c6,0x4079067aa1bdff060c6c45155966d81c79e754e9,0x2df1c51e09aecf9cacb7bc98cb1742757f163df7,USDC (current metadata),91353.381339,,token transfer event,UNRESOLVED,0x4079067aa1bdff060c6c45155966d81c79e754e9 (transaction sender only),intact token event; downstream mixing/source-chain bridge matches require separate analysis,CONFIRMED,raw_sources/arb_eth_getTransactionReceipt_0x0ed5e25dfa5a8a702349a7c05c6e6afe28fd4161ad4c87c056a0460bef9056c6.response.json,"Token sender and transaction sender recorded separately. Current token metadata is not historical extension-state proof. Transaction fee repeated for context, not allocated per log.",0.000002898238872,0,fund transfer event,0xaf88d065e77c8cc2239327c5edb3a432268e5831,91353381339,9,0x4079067aa1bdff060c6c45155966d81c79e754e9
F0194,2026-10-07T02:13:35Z,Arbitrum (42161),0xe295cfe85f341c4abb36c74a22ea62c767788712410f7d10df4b55abcad99b85,0x68b3a77db46418905c7eaf63324d4adcce06a680,0x2df1c51e09aecf9cacb7bc98cb1742757f163df7,USDC (current metadata),91283.855105,,token transfer event,UNRESOLVED,0x68b3a77db46418905c7eaf63324d4adcce06a680 (transaction sender only),intact token event; downstream mixing/source-chain bridge matches require separate analysis,CONFIRMED,raw_sources/arb_eth_getTransactionReceipt_0xe295cfe85f341c4abb36c74a22ea62c767788712410f7d10df4b55abcad99b85.response.json,"Token sender and transaction sender recorded separately. Current token metadata is not historical extension-state proof. Transaction fee repeated for context, not allocated per log.",0.000003105048576,0,fund transfer event,0xaf88d065e77c8cc2239327c5edb3a432268e5831,91283855105,0,0x68b3a77db46418905c7eaf63324d4adcce06a680
F0195,2026-10-07T02:18:05Z,Arbitrum (42161),0xdffada3de106b8639c6af7e25fc106e075f1c1b02f9ffd8e6facb70413bcf0d8,0xd9249de6224382ce7791600d1d1f9e5fdf633abb,0x2df1c51e09aecf9cacb7bc98cb1742757f163df7,USDC (current metadata),91382.763365,,token transfer event,UNRESOLVED,0xd9249de6224382ce7791600d1d1f9e5fdf633abb (transaction sender only),intact token event; downstream mixing/source-chain bridge matches require separate analysis,CONFIRMED,raw_sources/arb_eth_getTransactionReceipt_0xdffada3de106b8639c6af7e25fc106e075f1c1b02f9ffd8e6facb70413bcf0d8.response.json,"Token sender and transaction sender recorded separately. Current token metadata is not historical extension-state proof. Transaction fee repeated for context, not allocated per log.",0.000003093685092,0,fund transfer event,0xaf88d065e77c8cc2239327c5edb3a432268e5831,91382763365,4,0xd9249de6224382ce7791600d1d1f9e5fdf633abb
F0196,2026-10-06T20:31:00Z,Robinhood Chain (4663),0x44a5ad893f64a338d607045068dc02e59ddea4e0d6d64ef186b72f0e3e861bc7,0x427c4b37de0714821b09c4fc655a713abbcfba83,0xc0b6f994c0f0462e2599afc8cd01dcae2625b0df,CASHCAT (current metadata),1100227.867433114634814141,,token transfer event,UNRESOLVED,0xf3f8d708caca1227af61e6de7b8cb6980ef87ad0 (transaction sender only),intact token event; downstream mixing/source-chain bridge matches require separate analysis,CONFIRMED,raw_sources/rh_eth_getTransactionReceipt_0x44a5ad893f64a338d607045068dc02e59ddea4e0d6d64ef186b72f0e3e861bc7.response.json,"Token sender and transaction sender recorded separately. Current token metadata is not historical extension-state proof. Transaction fee repeated for context, not allocated per log.",0.0000042943,2217,fund transfer event,0x020bfc650a365f8bb26819deaabf3e21291018b4,1100227867433114634814141,4,0xf3f8d708caca1227af61e6de7b8cb6980ef87ad0
F0197,2026-10-06T20:31:10Z,Robinhood Chain (4663),0x8f64098fb20160a16827dc109ad4d491fd80048a4eb90b2e7f1c7a9b31eff5db,0x427c4b37de0714821b09c4fc655a713abbcfba83,0x40132e775e14ef3a946fa5624468715456fa0be4,CASHCAT (current metadata),650000,,token transfer event,UNRESOLVED,0x5f8d74fcfe0b42a3a4d5646c0f5d9124059817a2 (transaction sender only),intact token event; downstream mixing/source-chain bridge matches require separate analysis,CONFIRMED,raw_sources/rh_eth_getTransactionReceipt_0x8f64098fb20160a16827dc109ad4d491fd80048a4eb90b2e7f1c7a9b31eff5db.response.json,"Token sender and transaction sender recorded separately. Current token metadata is not historical extension-state proof. Transaction fee repeated for context, not allocated per log.",0.00007032089168,11062,fund transfer event,0x020bfc650a365f8bb26819deaabf3e21291018b4,650000000000000000000000,10,0x5f8d74fcfe0b42a3a4d5646c0f5d9124059817a2
F0198,2026-10-06T20:31:26Z,Robinhood Chain (4663),0xb919361e06714ff49fe00e802252273d3daa67ba1325dcecef49ed52b189a494,0x427c4b37de0714821b09c4fc655a713abbcfba83,0xe0763177d7e80e290fc4fea055fae11f5024f687,CASHCAT (current metadata),487500,,token transfer event,UNRESOLVED,0x942b41d990133d8d9989bf3bb2f89f9aa1d127fd (transaction sender only),intact token event; downstream mixing/source-chain bridge matches require separate analysis,CONFIRMED,raw_sources/rh_eth_getTransactionReceipt_0xb919361e06714ff49fe00e802252273d3daa67ba1325dcecef49ed52b189a494.response.json,"Token sender and transaction sender recorded separately. Current token metadata is not historical extension-state proof. Transaction fee repeated for context, not allocated per log.",0.000059753580282,18254,fund transfer event,0x020bfc650a365f8bb26819deaabf3e21291018b4,487500000000000000000000,25,0x942b41d990133d8d9989bf3bb2f89f9aa1d127fd
F0199,2026-10-06T20:31:43Z,Robinhood Chain (4663),0xcce120c4ec3146307ebc93aa9583d4db913ac4b5bb227d96235a4adecf3da2ff,0x427c4b37de0714821b09c4fc655a713abbcfba83,0xe0763177d7e80e290fc4fea055fae11f5024f687,CASHCAT (current metadata),365625,,token transfer event,UNRESOLVED,0x942b41d990133d8d9989bf3bb2f89f9aa1d127fd (transaction sender only),intact token event; downstream mixing/source-chain bridge matches require separate analysis,CONFIRMED,raw_sources/rh_eth_getTransactionReceipt_0xcce120c4ec3146307ebc93aa9583d4db913ac4b5bb227d96235a4adecf3da2ff.response.json,"Token sender and transaction sender recorded separately. Current token metadata is not historical extension-state proof. Transaction fee repeated for context, not allocated per log.",0.00004231832836,18255,fund transfer event,0x020bfc650a365f8bb26819deaabf3e21291018b4,365625000000000000000000,13,0x942b41d990133d8d9989bf3bb2f89f9aa1d127fd
F0200,2026-10-06T20:32:04Z,Robinhood Chain (4663),0x40d27bb8c43a3f9894e9cc370f0ede1cdd6c383a39161a27e96314c3d1713050,0x427c4b37de0714821b09c4fc655a713abbcfba83,0xe0763177d7e80e290fc4fea055fae11f5024f687,CASHCAT (current metadata),274218.75,,token transfer event,UNRESOLVED,0x942b41d990133d8d9989bf3bb2f89f9aa1d127fd (transaction sender only),intact token event; downstream mixing/source-chain bridge matches require separate analysis,CONFIRMED,raw_sources/rh_eth_getTransactionReceipt_0x40d27bb8c43a3f9894e9cc370f0ede1cdd6c383a39161a27e96314c3d1713050.response.json,"Token sender and transaction sender recorded separately. Current token metadata is not historical extension-state proof. Transaction fee repeated for context, not allocated per log.",0.00006664168534,18256,fund transfer event,0x020bfc650a365f8bb26819deaabf3e21291018b4,274218750000000000000000,0,0x942b41d990133d8d9989bf3bb2f89f9aa1d127fd
F0201,2026-10-06T20:32:23Z,Robinhood Chain (4663),0x93e3a389c5ac4824eecb3805fe2d73cd0e924260cf7eabe86b44289262e22ecf,0x427c4b37de0714821b09c4fc655a713abbcfba83,0xe0763177d7e80e290fc4fea055fae11f5024f687,CASHCAT (current metadata),411328.125,,token transfer event,UNRESOLVED,0x942b41d990133d8d9989bf3bb2f89f9aa1d127fd (transaction sender only),intact token event; downstream mixing/source-chain bridge matches require separate analysis,CONFIRMED,raw_sources/rh_eth_getTransactionReceipt_0x93e3a389c5ac4824eecb3805fe2d73cd0e924260cf7eabe86b44289262e22ecf.response.json,"Token sender and transaction sender recorded separately. Current token metadata is not historical extension-state proof. Transaction fee repeated for context, not allocated per log.",0.0000436182462,18257,fund transfer event,0x020bfc650a365f8bb26819deaabf3e21291018b4,411328125000000000000000,19,0x942b41d990133d8d9989bf3bb2f89f9aa1d127fd
F0202,2026-10-06T20:32:59Z,Robinhood Chain (4663),0x41a0a024f32c6f8299b85645163ad1fbf740f5317445d9f1d316bbfd44547020,0x427c4b37de0714821b09c4fc655a713abbcfba83,0xa70fc67c9f69da90b63a0e4c05d229954574e313,CASHCAT (current metadata),61699.21875,,token transfer event,UNRESOLVED,0x427c4b37de0714821b09c4fc655a713abbcfba83 (transaction sender only),intact token event; downstream mixing/source-chain bridge matches require separate analysis,CONFIRMED,raw_sources/rh_eth_getTransactionReceipt_0x41a0a024f32c6f8299b85645163ad1fbf740f5317445d9f1d316bbfd44547020.response.json,"Token sender and transaction sender recorded separately. Current token metadata is not historical extension-state proof. Transaction fee repeated for context, not allocated per log.",0.00002455488,4,fund transfer event,0x020bfc650a365f8bb26819deaabf3e21291018b4,61699218750000000000000,62,0x427c4b37de0714821b09c4fc655a713abbcfba83
F0203,2026-10-06T20:32:59Z,Robinhood Chain (4663),0x41a0a024f32c6f8299b85645163ad1fbf740f5317445d9f1d316bbfd44547020,0x427c4b37de0714821b09c4fc655a713abbcfba83,0xd42a491087a15e5afd51feb3606066cc152d2b09,CASHCAT (current metadata),226230.46875,,token transfer event,UNRESOLVED,0x427c4b37de0714821b09c4fc655a713abbcfba83 (transaction sender only),intact token event; downstream mixing/source-chain bridge matches require separate analysis,CONFIRMED,raw_sources/rh_eth_getTransactionReceipt_0x41a0a024f32c6f8299b85645163ad1fbf740f5317445d9f1d316bbfd44547020.response.json,"Token sender and transaction sender recorded separately. Current token metadata is not historical extension-state proof. Transaction fee repeated for context, not allocated per log.",0.00002455488,4,fund transfer event,0x020bfc650a365f8bb26819deaabf3e21291018b4,226230468750000000000000,65,0x427c4b37de0714821b09c4fc655a713abbcfba83
F0204,2026-10-06T20:32:59Z,Robinhood Chain (4663),0x41a0a024f32c6f8299b85645163ad1fbf740f5317445d9f1d316bbfd44547020,0x427c4b37de0714821b09c4fc655a713abbcfba83,0x8366a39cc670b4001a1121b8f6a443a643e40951,CASHCAT (current metadata),20566.40625,,token transfer event,UNRESOLVED,0x427c4b37de0714821b09c4fc655a713abbcfba83 (transaction sender only),intact token event; downstream mixing/source-chain bridge matches require separate analysis,CONFIRMED,raw_sources/rh_eth_getTransactionReceipt_0x41a0a024f32c6f8299b85645163ad1fbf740f5317445d9f1d316bbfd44547020.response.json,"Token sender and transaction sender recorded separately. Current token metadata is not historical extension-state proof. Transaction fee repeated for context, not allocated per log.",0.00002455488,4,fund transfer event,0x020bfc650a365f8bb26819deaabf3e21291018b4,20566406250000000000000,70,0x427c4b37de0714821b09c4fc655a713abbcfba83
F0205,2026-10-06T20:32:59Z,Robinhood Chain (4663),0x41a0a024f32c6f8299b85645163ad1fbf740f5317445d9f1d316bbfd44547020,0x427c4b37de0714821b09c4fc655a713abbcfba83,0x8366a39cc670b4001a1121b8f6a443a643e40951,CASHCAT (current metadata),61699.21875,,token transfer event,UNRESOLVED,0x427c4b37de0714821b09c4fc655a713abbcfba83 (transaction sender only),intact token event; downstream mixing/source-chain bridge matches require separate analysis,CONFIRMED,raw_sources/rh_eth_getTransactionReceipt_0x41a0a024f32c6f8299b85645163ad1fbf740f5317445d9f1d316bbfd44547020.response.json,"Token sender and transaction sender recorded separately. Current token metadata is not historical extension-state proof. Transaction fee repeated for context, not allocated per log.",0.00002455488,4,fund transfer event,0x020bfc650a365f8bb26819deaabf3e21291018b4,61699218750000000000000,72,0x427c4b37de0714821b09c4fc655a713abbcfba83
F0206,2026-10-06T20:32:59Z,Robinhood Chain (4663),0x41a0a024f32c6f8299b85645163ad1fbf740f5317445d9f1d316bbfd44547020,0x427c4b37de0714821b09c4fc655a713abbcfba83,0x8366a39cc670b4001a1121b8f6a443a643e40951,CASHCAT (current metadata),41132.8125,,token transfer event,UNRESOLVED,0x427c4b37de0714821b09c4fc655a713abbcfba83 (transaction sender only),intact token event; downstream mixing/source-chain bridge matches require separate analysis,CONFIRMED,raw_sources/rh_eth_getTransactionReceipt_0x41a0a024f32c6f8299b85645163ad1fbf740f5317445d9f1d316bbfd44547020.response.json,"Token sender and transaction sender recorded separately. Current token metadata is not historical extension-state proof. Transaction fee repeated for context, not allocated per log.",0.00002455488,4,fund transfer event,0x020bfc650a365f8bb26819deaabf3e21291018b4,41132812500000000000000,78,0x427c4b37de0714821b09c4fc655a713abbcfba83
