ID,timestamp,chain,tx/signature,source,destination,asset,amount,USD value if available,action,protocol,signer/authority if known,provenance status,classification,source_record,notes,network_fee_ETH,nonce,record_type
F0113,2026-10-06T23:41:23Z,Ethereum mainnet (1),0x34fa1689d4c5f1536fa1d31a2551999de672a0433d06f2a04297c3ac4c105ca0,0x427c4b37de0714821b09c4fc655a713abbcfba83,0x13afa986366ab4cd731ea6cc4b4c185527a1a48a,ETH,18.501,,native ETH transfer,UNRESOLVED,0x427c4b37de0714821b09c4fc655a713abbcfba83,intact transfer; linkage to affected wallet UNRESOLVED; wallet mixes inflows,CONFIRMED,raw_sources/eth_getTransactionByHash_0x34fa1689d4c5f1536fa1d31a2551999de672a0433d06f2a04297c3ac4c105ca0.response.json,Receipt and block hash/inclusion independently cross-checked. Receiving address role does not establish identity. Fee excludes transferred amount.,0.0000508623234,0,fund transfer
F0114,2026-10-06T23:41:35Z,Ethereum mainnet (1),0x60f111e77801bdfa77b897903cb5b586562adcb34de9ba3cac72bd96bd25240c,0x427c4b37de0714821b09c4fc655a713abbcfba83,0xffd7a4656e6f44876d5c30da800686894e9d4ab3,ETH,18.501,,native ETH transfer,UNRESOLVED,0x427c4b37de0714821b09c4fc655a713abbcfba83,intact transfer; linkage to affected wallet UNRESOLVED; wallet mixes inflows,CONFIRMED,raw_sources/eth_getTransactionByHash_0x60f111e77801bdfa77b897903cb5b586562adcb34de9ba3cac72bd96bd25240c.response.json,Receipt and block hash/inclusion independently cross-checked. Receiving address role does not establish identity. Fee excludes transferred amount.,0.000051310537278,1,fund transfer
F0115,2026-10-07T00:02:47Z,Ethereum mainnet (1),0x37bdacbff2fb780c54fd65a79234ef73ada43510d4f7e94f95da95124f97506c,0x427c4b37de0714821b09c4fc655a713abbcfba83,0xc25c9880835ebb46a5777ac156e681eaa1e4a9a9,ETH,18.501,,native ETH transfer,UNRESOLVED,0x427c4b37de0714821b09c4fc655a713abbcfba83,intact transfer; linkage to affected wallet UNRESOLVED; wallet mixes inflows,CONFIRMED,raw_sources/eth_getTransactionByHash_0x37bdacbff2fb780c54fd65a79234ef73ada43510d4f7e94f95da95124f97506c.response.json,Receipt and block hash/inclusion independently cross-checked. Receiving address role does not establish identity. Fee excludes transferred amount.,0.000046742123274,2,fund transfer
F0116,2026-10-07T00:03:11Z,Ethereum mainnet (1),0x5c9449cc0171f3c99132a640d9e9a5316343a8cc6d3a03d9575e11c1d7be42bb,0x427c4b37de0714821b09c4fc655a713abbcfba83,0x40763715b95add68342a982a8ec7859709b612bd,ETH,18.501,,native ETH transfer,UNRESOLVED,0x427c4b37de0714821b09c4fc655a713abbcfba83,intact transfer; linkage to affected wallet UNRESOLVED; wallet mixes inflows,CONFIRMED,raw_sources/eth_getTransactionByHash_0x5c9449cc0171f3c99132a640d9e9a5316343a8cc6d3a03d9575e11c1d7be42bb.response.json,Receipt and block hash/inclusion independently cross-checked. Receiving address role does not establish identity. Fee excludes transferred amount.,0.000046558683276,3,fund transfer
F0117,2026-10-07T00:52:23Z,Ethereum mainnet (1),0x256e23f3f796ae3e894d53dc55e00c10f4587342bad1a548611e26bf888b8598,0x427c4b37de0714821b09c4fc655a713abbcfba83,0x114e6c4f7d341aee968045c22548cbdc25c44a7a,ETH,4.0005,,native ETH transfer,UNRESOLVED,0x427c4b37de0714821b09c4fc655a713abbcfba83,intact transfer; linkage to affected wallet UNRESOLVED; wallet mixes inflows,CONFIRMED,raw_sources/eth_getTransactionByHash_0x256e23f3f796ae3e894d53dc55e00c10f4587342bad1a548611e26bf888b8598.response.json,Receipt and block hash/inclusion independently cross-checked. Receiving address role does not establish identity. Fee excludes transferred amount.,0.000044675169819,4,fund transfer
F0118,2026-10-07T00:52:35Z,Ethereum mainnet (1),0x6eea8dafb3153339f5e3b558afec6c6a7c91ba0d3e3f4f11b106049f117f52d4,0x427c4b37de0714821b09c4fc655a713abbcfba83,0x3b749498a5155f0c5e603b2867d72f95786eee9a,ETH,4.0005,,native ETH transfer,UNRESOLVED,0x427c4b37de0714821b09c4fc655a713abbcfba83,intact transfer; linkage to affected wallet UNRESOLVED; wallet mixes inflows,CONFIRMED,raw_sources/eth_getTransactionByHash_0x6eea8dafb3153339f5e3b558afec6c6a7c91ba0d3e3f4f11b106049f117f52d4.response.json,Receipt and block hash/inclusion independently cross-checked. Receiving address role does not establish identity. Fee excludes transferred amount.,0.000044684197488,5,fund transfer
F0119,2026-10-07T01:42:23Z,Ethereum mainnet (1),0xeb61708b358adfb0bae70d3972d65e0e754a027e1bbb1cdf46d33d47c4481dbd,0x427c4b37de0714821b09c4fc655a713abbcfba83,0x40ac40f33d32a8ffd808cbbbf02524b6d834b811,ETH,45,,native ETH transfer,UNRESOLVED,0x427c4b37de0714821b09c4fc655a713abbcfba83,intact transfer; linkage to affected wallet UNRESOLVED; wallet mixes inflows,CONFIRMED,raw_sources/eth_getTransactionByHash_0xeb61708b358adfb0bae70d3972d65e0e754a027e1bbb1cdf46d33d47c4481dbd.response.json,Receipt and block hash/inclusion independently cross-checked. Receiving address role does not establish identity. Fee excludes transferred amount.,0.000059029525527,6,fund transfer
F0120,2026-10-07T01:46:59Z,Ethereum mainnet (1),0xb702d3f24586a8f8c74530573e17609b43fa18c088e11c2591cd5c6eb5a49ea6,0x427c4b37de0714821b09c4fc655a713abbcfba83,0x40ac40f33d32a8ffd808cbbbf02524b6d834b811,ETH,15,,native ETH transfer,UNRESOLVED,0x427c4b37de0714821b09c4fc655a713abbcfba83,intact transfer; linkage to affected wallet UNRESOLVED; wallet mixes inflows,CONFIRMED,raw_sources/eth_getTransactionByHash_0xb702d3f24586a8f8c74530573e17609b43fa18c088e11c2591cd5c6eb5a49ea6.response.json,Receipt and block hash/inclusion independently cross-checked. Receiving address role does not establish identity. Fee excludes transferred amount.,0.000058262785917,7,fund transfer
F0121,2026-10-07T01:49:35Z,Ethereum mainnet (1),0x3902c808cd20136c203bb596b194df239d86ad7d7f92abd27144554ecf96b310,0x427c4b37de0714821b09c4fc655a713abbcfba83,0xc96ee7973e8ce2f5dc9be15bd1eda7eac1b19e68,ETH,35.001,,native ETH transfer,UNRESOLVED,0x427c4b37de0714821b09c4fc655a713abbcfba83,intact transfer; linkage to affected wallet UNRESOLVED; wallet mixes inflows,CONFIRMED,raw_sources/eth_getTransactionByHash_0x3902c808cd20136c203bb596b194df239d86ad7d7f92abd27144554ecf96b310.response.json,Receipt and block hash/inclusion independently cross-checked. Receiving address role does not establish identity. Fee excludes transferred amount.,0.000060211222638,8,fund transfer
F0122,2026-10-07T01:51:35Z,Ethereum mainnet (1),0x1c11dd43f8f19a4b6edde47ae3f4648617337d9df000a645b8d827b051e621b3,0x427c4b37de0714821b09c4fc655a713abbcfba83,0xaf533bf77e0f6774d9ab737e19a54daf2481e513,ETH,35.001,,native ETH transfer,UNRESOLVED,0x427c4b37de0714821b09c4fc655a713abbcfba83,intact transfer; linkage to affected wallet UNRESOLVED; wallet mixes inflows,CONFIRMED,raw_sources/eth_getTransactionByHash_0x1c11dd43f8f19a4b6edde47ae3f4648617337d9df000a645b8d827b051e621b3.response.json,Receipt and block hash/inclusion independently cross-checked. Receiving address role does not establish identity. Fee excludes transferred amount.,0.000060171250986,9,fund transfer
F0123,2026-10-07T01:59:11Z,Ethereum mainnet (1),0x3789975ee044ca6f6a17a2522491152528c644ebc74760ba808c03284acd5d3d,0x427c4b37de0714821b09c4fc655a713abbcfba83,0xdb5f641f9b335f48c550cd7023c2268b70a76ec7,ETH,35.001,,native ETH transfer,UNRESOLVED,0x427c4b37de0714821b09c4fc655a713abbcfba83,intact transfer; linkage to affected wallet UNRESOLVED; wallet mixes inflows,CONFIRMED,raw_sources/eth_getTransactionByHash_0x3789975ee044ca6f6a17a2522491152528c644ebc74760ba808c03284acd5d3d.response.json,Receipt and block hash/inclusion independently cross-checked. Receiving address role does not establish identity. Fee excludes transferred amount.,0.000062185488393,10,fund transfer
F0124,2026-10-07T01:59:23Z,Ethereum mainnet (1),0x40b2dbfa574a55c164af13c1d15f37479d43bd40f17745500b7d6a24fb5aba2d,0x427c4b37de0714821b09c4fc655a713abbcfba83,0x471d9d6c72eadf3c6f0537975c21f1f2eec6c7eb,ETH,35.001,,native ETH transfer,UNRESOLVED,0x427c4b37de0714821b09c4fc655a713abbcfba83,intact transfer; linkage to affected wallet UNRESOLVED; wallet mixes inflows,CONFIRMED,raw_sources/eth_getTransactionByHash_0x40b2dbfa574a55c164af13c1d15f37479d43bd40f17745500b7d6a24fb5aba2d.response.json,Receipt and block hash/inclusion independently cross-checked. Receiving address role does not establish identity. Fee excludes transferred amount.,0.000064708404537,11,fund transfer
F0125,2026-10-07T01:59:35Z,Ethereum mainnet (1),0x54ef8bb24152d4dbeb87ee2dcd754386d6d73e814058caa1295f95a612011b26,0x427c4b37de0714821b09c4fc655a713abbcfba83,0x31d114ea972f6121476df3e889cbad6c07380670,ETH,35.001,,native ETH transfer,UNRESOLVED,0x427c4b37de0714821b09c4fc655a713abbcfba83,intact transfer; linkage to affected wallet UNRESOLVED; wallet mixes inflows,CONFIRMED,raw_sources/eth_getTransactionByHash_0x54ef8bb24152d4dbeb87ee2dcd754386d6d73e814058caa1295f95a612011b26.response.json,Receipt and block hash/inclusion independently cross-checked. Receiving address role does not establish identity. Fee excludes transferred amount.,0.000067012899408,12,fund transfer
F0126,2026-10-07T02:00:47Z,Ethereum mainnet (1),0x94a897e1ccac338de2846a207179eaf0dd11aee71adb8e0cc934ea5ad5f3c388,0x427c4b37de0714821b09c4fc655a713abbcfba83,0x6457dae68e5c9b71620096622865761054da7641,ETH,35.001,,native ETH transfer,UNRESOLVED,0x427c4b37de0714821b09c4fc655a713abbcfba83,intact transfer; linkage to affected wallet UNRESOLVED; wallet mixes inflows,CONFIRMED,raw_sources/eth_getTransactionByHash_0x94a897e1ccac338de2846a207179eaf0dd11aee71adb8e0cc934ea5ad5f3c388.response.json,Receipt and block hash/inclusion independently cross-checked. Receiving address role does not establish identity. Fee excludes transferred amount.,0.000064268550927,13,fund transfer
F0127,2026-10-07T02:18:11Z,Ethereum mainnet (1),0x204c2bf7375b0d44cc648f630a09a9c32e93fe8cedc416f6587012c2afa7cc99,0x427c4b37de0714821b09c4fc655a713abbcfba83,0xec96957de4ececf24abd382090026e9b5c647405,ETH,10.251907164350756807,,native ETH transfer,UNRESOLVED,0x427c4b37de0714821b09c4fc655a713abbcfba83,intact transfer; linkage to affected wallet UNRESOLVED; wallet mixes inflows,CONFIRMED,raw_sources/eth_getTransactionByHash_0x204c2bf7375b0d44cc648f630a09a9c32e93fe8cedc416f6587012c2afa7cc99.response.json,Receipt and block hash/inclusion independently cross-checked. Receiving address role does not establish identity. Fee excludes transferred amount.,0.00012978388836,14,fund transfer
