ID,timestamp,chain,tx/signature,source,destination,asset,amount,action,classification,provenance status,record_type
F0187,2026-10-06T20:14:00Z,Robinhood Chain (4663),0x49e05a92a0b08841fac2b475877cd02732e957412d0e1a3cad706f489641c596,0x14aa2a71dbb5ef87b81f92205e2699aa4aa65794,0x427c4b37de0714821b09c4fc655a713abbcfba83,CASHCAT (current metadata),3700227.867433114634814141,token transfer event,CONFIRMED,intact token event; downstream mixing/source-chain bridge matches require separate analysis,fund transfer event
F0188,2026-10-06T20:14:00Z,Robinhood Chain (4663),0xbf1158177a2f350f092b2426025b339bfeeaa77923e4e51c6bb216d3292b8171,0x14aa2a71dbb5ef87b81f92205e2699aa4aa65794,0x427c4b37de0714821b09c4fc655a713abbcfba83,V4 (current metadata),13705666.431273061609772002,token transfer event,CONFIRMED,intact token event; downstream mixing/source-chain bridge matches require separate analysis,fund transfer event
F0189,2026-10-06T20:14:00Z,Robinhood Chain (4663),0xa71e132f397b427cc6f1bb58252a5c56b2e0a5dde14733c840103ec3552456a7,0x14aa2a71dbb5ef87b81f92205e2699aa4aa65794,0x427c4b37de0714821b09c4fc655a713abbcfba83,WETH (current metadata),0.500012122639901441,token transfer event,CONFIRMED,intact token event; downstream mixing/source-chain bridge matches require separate analysis,fund transfer event
F0001,2026-10-06T20:14:54Z,Solana mainnet,57wSAHgVrsNf7hDvnnEDnpjb6fF1nWj6h9bGKLB5ivKRLwT7TZia4USS1u1GZWsndXK3TB6LKGy3Aj62jMhMu1aj,raw_transactions/57wSAHgVrsNf7hDvnnEDnpjb6fF1nWj6h9bGKLB5ivKRLwT7TZia4USS1u1GZWsndXK3TB6LKGy3Aj62jMhMu1aj.json,6sTr8zMe9oxxVSxh4KpM5qFVjh1cFSy2NeqEr9SzeaA6,BPxxfRCXkUVhig4HS1Lh7kZqV6SPJhzfEk4x6fVBjPCy,1429939.158705563,token transfer,CONFIRMED,intact,frozen v0.1 instruction/event
F0002,2026-10-06T20:14:54Z,Solana mainnet,57wSAHgVrsNf7hDvnnEDnpjb6fF1nWj6h9bGKLB5ivKRLwT7TZia4USS1u1GZWsndXK3TB6LKGy3Aj62jMhMu1aj,raw_transactions/57wSAHgVrsNf7hDvnnEDnpjb6fF1nWj6h9bGKLB5ivKRLwT7TZia4USS1u1GZWsndXK3TB6LKGy3Aj62jMhMu1aj.json,network,SOL,0.00008,network fee,CONFIRMED,mixed,frozen v0.1 instruction/event
F0003,2026-10-06T20:15:05Z,Solana mainnet,3D3a45d4HYvvNfD4h5o4YSMc1PpW8QFpx4rxrCVvTPMN3wZJb2KTBfC3FncLJGhb7dUVYvCmXuJC8J89ppMbLG5f,raw_transactions/3D3a45d4HYvvNfD4h5o4YSMc1PpW8QFpx4rxrCVvTPMN3wZJb2KTBfC3FncLJGhb7dUVYvCmXuJC8J89ppMbLG5f.json,GodcADf7Ycr8oZX6fzEExz1EE9bH73hWw2vT3Mz5yYxv,ZesMGYmokFiEuDvNzWeMhB7jxF6eUW8c512vwSKSTNK,16031410.56,token transfer,CONFIRMED,intact,frozen v0.1 instruction/event
F0004,2026-10-06T20:15:05Z,Solana mainnet,3D3a45d4HYvvNfD4h5o4YSMc1PpW8QFpx4rxrCVvTPMN3wZJb2KTBfC3FncLJGhb7dUVYvCmXuJC8J89ppMbLG5f,raw_transactions/3D3a45d4HYvvNfD4h5o4YSMc1PpW8QFpx4rxrCVvTPMN3wZJb2KTBfC3FncLJGhb7dUVYvCmXuJC8J89ppMbLG5f.json,network,SOL,0.00008,network fee,CONFIRMED,mixed,frozen v0.1 instruction/event
F0108,2026-10-06T20:15:05Z,Solana mainnet,3D3a45d4HYvvNfD4h5o4YSMc1PpW8QFpx4rxrCVvTPMN3wZJb2KTBfC3FncLJGhb7dUVYvCmXuJC8J89ppMbLG5f,ZesMGYmokFiEuDvNzWeMhB7jxF6eUW8c512vwSKSTNK,69FnU8vszZSZF6DZCT6VHdsvm3DvvojDgbwqzHJ4cCFS,Just a Backpack,160314.105600,historical difference explanation,SUPPORTED,intact debit-credit observation; fee cause supported,evidence enrichment; not an additional transfer
F0005,2026-10-06T20:15:14Z,Solana mainnet,2opj8gEvy5whjXfnVRa3y98JcVZtFg95A5pq9EuWDGVLNkd8B3rhfcXNgM8NAg6HWjDSbbD9TQn5wwYZd3zUJTug,raw_transactions/2opj8gEvy5whjXfnVRa3y98JcVZtFg95A5pq9EuWDGVLNkd8B3rhfcXNgM8NAg6HWjDSbbD9TQn5wwYZd3zUJTug.json,HMnB7bHSFLfo2k4GdGQ2c6inb6eLt3Wpx8SbXgzwnaU2,EPjFWdd5AufqSSqeM2qN1xzybapC8G4wEGGkZwyTDt1v,7859.974642,token transfer,CONFIRMED,intact,frozen v0.1 instruction/event
F0006,2026-10-06T20:15:14Z,Solana mainnet,2opj8gEvy5whjXfnVRa3y98JcVZtFg95A5pq9EuWDGVLNkd8B3rhfcXNgM8NAg6HWjDSbbD9TQn5wwYZd3zUJTug,raw_transactions/2opj8gEvy5whjXfnVRa3y98JcVZtFg95A5pq9EuWDGVLNkd8B3rhfcXNgM8NAg6HWjDSbbD9TQn5wwYZd3zUJTug.json,network,SOL,0.00008,network fee,CONFIRMED,mixed,frozen v0.1 instruction/event
F0007,2026-10-06T20:15:22Z,Solana mainnet,3PKUr8V25qkoAw5dLX2g6d9i7MM7ZeoYUwx9aUr459o1o7cE3frTLzyoBYeNZMn5jH39ff68wZGUh8auM1sc5yEf,raw_transactions/3PKUr8V25qkoAw5dLX2g6d9i7MM7ZeoYUwx9aUr459o1o7cE3frTLzyoBYeNZMn5jH39ff68wZGUh8auM1sc5yEf.json,HMnB7bHSFLfo2k4GdGQ2c6inb6eLt3Wpx8SbXgzwnaU2,EPjFWdd5AufqSSqeM2qN1xzybapC8G4wEGGkZwyTDt1v,0.0001,token transfer,CONFIRMED,mixed,frozen v0.1 instruction/event
F0008,2026-10-06T20:15:22Z,Solana mainnet,3PKUr8V25qkoAw5dLX2g6d9i7MM7ZeoYUwx9aUr459o1o7cE3frTLzyoBYeNZMn5jH39ff68wZGUh8auM1sc5yEf,raw_transactions/3PKUr8V25qkoAw5dLX2g6d9i7MM7ZeoYUwx9aUr459o1o7cE3frTLzyoBYeNZMn5jH39ff68wZGUh8auM1sc5yEf.json,network,SOL,0.00000505,network fee,CONFIRMED,mixed,frozen v0.1 instruction/event
F0009,2026-10-06T20:15:32Z,Solana mainnet,3F3DafraqpNCNXWEuT8iwsAN3UVs5ttrqgAY1DjXinHFbQD3Z6ZyrZsZ2nW3iaKkRrVrAmy4s8hRhfzBbuG6F638,raw_transactions/3F3DafraqpNCNXWEuT8iwsAN3UVs5ttrqgAY1DjXinHFbQD3Z6ZyrZsZ2nW3iaKkRrVrAmy4s8hRhfzBbuG6F638.json,9ViFVXMED4um2nJbL5LepdPv7EEbLkM5S4FjB5V81BGo,EPjFWdd5AufqSSqeM2qN1xzybapC8G4wEGGkZwyTDt1v,0.0001,token transfer,CONFIRMED,mixed,frozen v0.1 instruction/event
F0010,2026-10-06T20:15:32Z,Solana mainnet,3F3DafraqpNCNXWEuT8iwsAN3UVs5ttrqgAY1DjXinHFbQD3Z6ZyrZsZ2nW3iaKkRrVrAmy4s8hRhfzBbuG6F638,raw_transactions/3F3DafraqpNCNXWEuT8iwsAN3UVs5ttrqgAY1DjXinHFbQD3Z6ZyrZsZ2nW3iaKkRrVrAmy4s8hRhfzBbuG6F638.json,network,SOL,0.00000505,network fee,CONFIRMED,mixed,frozen v0.1 instruction/event
F0011,2026-10-06T20:15:34Z,Solana mainnet,2ZjeSc8CfVQnkRzm9oYSvNSYzNLVwYAFCpBRoQyu8eBnTUhT9GTQHhzU4AnGvZtcNhQS2wUUfrTeyhJogDunUJtG,raw_transactions/2ZjeSc8CfVQnkRzm9oYSvNSYzNLVwYAFCpBRoQyu8eBnTUhT9GTQHhzU4AnGvZtcNhQS2wUUfrTeyhJogDunUJtG.json,69FnU8vszZSZF6DZCT6VHdsvm3DvvojDgbwqzHJ4cCFS,SOL,0.293808325,native transfer,CONFIRMED,intact,frozen v0.1 instruction/event
F0012,2026-10-06T20:15:34Z,Solana mainnet,2ZjeSc8CfVQnkRzm9oYSvNSYzNLVwYAFCpBRoQyu8eBnTUhT9GTQHhzU4AnGvZtcNhQS2wUUfrTeyhJogDunUJtG,raw_transactions/2ZjeSc8CfVQnkRzm9oYSvNSYzNLVwYAFCpBRoQyu8eBnTUhT9GTQHhzU4AnGvZtcNhQS2wUUfrTeyhJogDunUJtG.json,network,SOL,0.000079934,network fee,CONFIRMED,mixed,frozen v0.1 instruction/event
F0013,2026-10-06T20:16:18Z,Solana mainnet,4B6SuCMEatwWU2gV7q4M54BQZKK1F7yhZiwogUksMnh5PTGUmA72paFFDNhdFAQxnbDrCBRUEVkL5q23YtVQCk1T,raw_transactions/4B6SuCMEatwWU2gV7q4M54BQZKK1F7yhZiwogUksMnh5PTGUmA72paFFDNhdFAQxnbDrCBRUEVkL5q23YtVQCk1T.json,HMnB7bHSFLfo2k4GdGQ2c6inb6eLt3Wpx8SbXgzwnaU2,EPjFWdd5AufqSSqeM2qN1xzybapC8G4wEGGkZwyTDt1v,0.0001,token transfer,CONFIRMED,mixed,frozen v0.1 instruction/event
F0014,2026-10-06T20:16:18Z,Solana mainnet,4B6SuCMEatwWU2gV7q4M54BQZKK1F7yhZiwogUksMnh5PTGUmA72paFFDNhdFAQxnbDrCBRUEVkL5q23YtVQCk1T,raw_transactions/4B6SuCMEatwWU2gV7q4M54BQZKK1F7yhZiwogUksMnh5PTGUmA72paFFDNhdFAQxnbDrCBRUEVkL5q23YtVQCk1T.json,network,SOL,0.00000505,network fee,CONFIRMED,mixed,frozen v0.1 instruction/event
F0015,2026-10-06T20:16:24Z,Solana mainnet,5qDubfsgPWm23yzP2mq43DUPb5B7hkfJ1ZKZtWD7LFohG6WVzQs77A8RBiQkrd124tckQsCJxLQ6AuDRur168iMQ,raw_transactions/5qDubfsgPWm23yzP2mq43DUPb5B7hkfJ1ZKZtWD7LFohG6WVzQs77A8RBiQkrd124tckQsCJxLQ6AuDRur168iMQ.json,69FnU8vszZSZF6DZCT6VHdsvm3DvvojDgbwqzHJ4cCFS,SOL,0.000001,native transfer,CONFIRMED,mixed,frozen v0.1 instruction/event
F0016,2026-10-06T20:16:24Z,Solana mainnet,5qDubfsgPWm23yzP2mq43DUPb5B7hkfJ1ZKZtWD7LFohG6WVzQs77A8RBiQkrd124tckQsCJxLQ6AuDRur168iMQ,raw_transactions/5qDubfsgPWm23yzP2mq43DUPb5B7hkfJ1ZKZtWD7LFohG6WVzQs77A8RBiQkrd124tckQsCJxLQ6AuDRur168iMQ.json,network,SOL,0.00000505,network fee,CONFIRMED,mixed,frozen v0.1 instruction/event
F0017,2026-10-06T20:16:37Z,Solana mainnet,3gqaBzu1hyGxSTWtJYQD7jHtD8cq8fks7VJUqcrLGJq4YpW7HEDsnpdqqxEnHZYp6msqmde6qzQQvpZmkePCBpak,raw_transactions/3gqaBzu1hyGxSTWtJYQD7jHtD8cq8fks7VJUqcrLGJq4YpW7HEDsnpdqqxEnHZYp6msqmde6qzQQvpZmkePCBpak.json,C3mvxaDCTYmkcQN6pr4x1R3TjdMuaBZwyaRUcMQmV5zF,6dPweBFhc13AjGQ5MBYJUs9EYDJ3zXfGPi61zDAVEwDb,331588.68,failed transfer instruction,CONFIRMED,intact,frozen v0.1 instruction/event
F0018,2026-10-06T20:16:37Z,Solana mainnet,3gqaBzu1hyGxSTWtJYQD7jHtD8cq8fks7VJUqcrLGJq4YpW7HEDsnpdqqxEnHZYp6msqmde6qzQQvpZmkePCBpak,raw_transactions/3gqaBzu1hyGxSTWtJYQD7jHtD8cq8fks7VJUqcrLGJq4YpW7HEDsnpdqqxEnHZYp6msqmde6qzQQvpZmkePCBpak.json,network,SOL,0.00008,network fee,CONFIRMED,mixed,frozen v0.1 instruction/event
F0019,2026-10-06T20:18:14Z,Solana mainnet,4gFp1mjoHSKstrRs2hiYFWa9EHCjbg8VTuSnedwq2RwTp8XXHChDcwrkTfst3WxYmwAyPG7gvsv3myTqKvaBV6Bm,raw_transactions/4gFp1mjoHSKstrRs2hiYFWa9EHCjbg8VTuSnedwq2RwTp8XXHChDcwrkTfst3WxYmwAyPG7gvsv3myTqKvaBV6Bm.json,HhdH9tGT84nF5MzhgHS1chDed4cWbmk2oimHASobVXuY,BPxxfRCXkUVhig4HS1Lh7kZqV6SPJhzfEk4x6fVBjPCy,22593.038707547,token transfer,CONFIRMED,mixed,frozen v0.1 instruction/event
F0020,2026-10-06T20:18:14Z,Solana mainnet,4gFp1mjoHSKstrRs2hiYFWa9EHCjbg8VTuSnedwq2RwTp8XXHChDcwrkTfst3WxYmwAyPG7gvsv3myTqKvaBV6Bm,raw_transactions/4gFp1mjoHSKstrRs2hiYFWa9EHCjbg8VTuSnedwq2RwTp8XXHChDcwrkTfst3WxYmwAyPG7gvsv3myTqKvaBV6Bm.json,2kDWUhGyv6yz1Ta3okLMaSnuRpAgVabCUgcFfGfGjxZa,So11111111111111111111111111111111111111112,221.06740011,token transfer,CONFIRMED,mixed,frozen v0.1 instruction/event
F0021,2026-10-06T20:18:14Z,Solana mainnet,4gFp1mjoHSKstrRs2hiYFWa9EHCjbg8VTuSnedwq2RwTp8XXHChDcwrkTfst3WxYmwAyPG7gvsv3myTqKvaBV6Bm,raw_transactions/4gFp1mjoHSKstrRs2hiYFWa9EHCjbg8VTuSnedwq2RwTp8XXHChDcwrkTfst3WxYmwAyPG7gvsv3myTqKvaBV6Bm.json,VUEyRHYzJNHehVrJDGfpnhCUF1Z4wh2jipw6JE5D6rK,BPxxfRCXkUVhig4HS1Lh7kZqV6SPJhzfEk4x6fVBjPCy,334891.750968843,token transfer,CONFIRMED,mixed,frozen v0.1 instruction/event
F0022,2026-10-06T20:18:14Z,Solana mainnet,4gFp1mjoHSKstrRs2hiYFWa9EHCjbg8VTuSnedwq2RwTp8XXHChDcwrkTfst3WxYmwAyPG7gvsv3myTqKvaBV6Bm,raw_transactions/4gFp1mjoHSKstrRs2hiYFWa9EHCjbg8VTuSnedwq2RwTp8XXHChDcwrkTfst3WxYmwAyPG7gvsv3myTqKvaBV6Bm.json,HMnB7bHSFLfo2k4GdGQ2c6inb6eLt3Wpx8SbXgzwnaU2,EPjFWdd5AufqSSqeM2qN1xzybapC8G4wEGGkZwyTDt1v,395364.083187,token transfer,CONFIRMED,mixed,frozen v0.1 instruction/event
F0023,2026-10-06T20:18:14Z,Solana mainnet,4gFp1mjoHSKstrRs2hiYFWa9EHCjbg8VTuSnedwq2RwTp8XXHChDcwrkTfst3WxYmwAyPG7gvsv3myTqKvaBV6Bm,raw_transactions/4gFp1mjoHSKstrRs2hiYFWa9EHCjbg8VTuSnedwq2RwTp8XXHChDcwrkTfst3WxYmwAyPG7gvsv3myTqKvaBV6Bm.json,EunHLeqeJKvxnCPQSytnBP63HJVk2fbHceiKKpngyAo8,EPjFWdd5AufqSSqeM2qN1xzybapC8G4wEGGkZwyTDt1v,146431.141922,token transfer,CONFIRMED,mixed,frozen v0.1 instruction/event
F0024,2026-10-06T20:18:14Z,Solana mainnet,4gFp1mjoHSKstrRs2hiYFWa9EHCjbg8VTuSnedwq2RwTp8XXHChDcwrkTfst3WxYmwAyPG7gvsv3myTqKvaBV6Bm,raw_transactions/4gFp1mjoHSKstrRs2hiYFWa9EHCjbg8VTuSnedwq2RwTp8XXHChDcwrkTfst3WxYmwAyPG7gvsv3myTqKvaBV6Bm.json,2kDWUhGyv6yz1Ta3okLMaSnuRpAgVabCUgcFfGfGjxZa,So11111111111111111111111111111111111111112,1210.280591171,token transfer,CONFIRMED,mixed,frozen v0.1 instruction/event
F0025,2026-10-06T20:18:14Z,Solana mainnet,4gFp1mjoHSKstrRs2hiYFWa9EHCjbg8VTuSnedwq2RwTp8XXHChDcwrkTfst3WxYmwAyPG7gvsv3myTqKvaBV6Bm,raw_transactions/4gFp1mjoHSKstrRs2hiYFWa9EHCjbg8VTuSnedwq2RwTp8XXHChDcwrkTfst3WxYmwAyPG7gvsv3myTqKvaBV6Bm.json,9t4P5wMwfFkyn92Z7hf463qYKEZf8ERVZsGBEPNp8uJx,EPjFWdd5AufqSSqeM2qN1xzybapC8G4wEGGkZwyTDt1v,248932.941265,token transfer,CONFIRMED,mixed,frozen v0.1 instruction/event
F0026,2026-10-06T20:18:14Z,Solana mainnet,4gFp1mjoHSKstrRs2hiYFWa9EHCjbg8VTuSnedwq2RwTp8XXHChDcwrkTfst3WxYmwAyPG7gvsv3myTqKvaBV6Bm,raw_transactions/4gFp1mjoHSKstrRs2hiYFWa9EHCjbg8VTuSnedwq2RwTp8XXHChDcwrkTfst3WxYmwAyPG7gvsv3myTqKvaBV6Bm.json,2kDWUhGyv6yz1Ta3okLMaSnuRpAgVabCUgcFfGfGjxZa,So11111111111111111111111111111111111111112,2057.366671872,token transfer,CONFIRMED,mixed,frozen v0.1 instruction/event
F0027,2026-10-06T20:18:14Z,Solana mainnet,4gFp1mjoHSKstrRs2hiYFWa9EHCjbg8VTuSnedwq2RwTp8XXHChDcwrkTfst3WxYmwAyPG7gvsv3myTqKvaBV6Bm,raw_transactions/4gFp1mjoHSKstrRs2hiYFWa9EHCjbg8VTuSnedwq2RwTp8XXHChDcwrkTfst3WxYmwAyPG7gvsv3myTqKvaBV6Bm.json,6AMWTvaL1pscDo5CAaBhPfv7xnSLjJ3ZXScV9yt5Gr5G,,3488714663,token transfer,CONFIRMED,mixed,frozen v0.1 instruction/event
F0028,2026-10-06T20:18:14Z,Solana mainnet,4gFp1mjoHSKstrRs2hiYFWa9EHCjbg8VTuSnedwq2RwTp8XXHChDcwrkTfst3WxYmwAyPG7gvsv3myTqKvaBV6Bm,raw_transactions/4gFp1mjoHSKstrRs2hiYFWa9EHCjbg8VTuSnedwq2RwTp8XXHChDcwrkTfst3WxYmwAyPG7gvsv3myTqKvaBV6Bm.json,network,SOL,0.000226996,network fee,CONFIRMED,mixed,frozen v0.1 instruction/event
F0109,2026-10-06T20:18:14Z/2026-10-06T20:23:43Z,Solana mainnet,four BP disposal signatures in sale_reconciliation_v0.2.csv,69FnU8vszZSZF6DZCT6VHdsvm3DvvojDgbwqzHJ4cCFS,routing recipients in frozen ledger,SOL/WSOL,6.686352013,routing deduction reconciliation,CONFIRMED,mixed native balance; deterministic accounting,evidence enrichment; not an additional transfer
F0128,2026-10-06T20:19:35Z,Ethereum (1),0xb644bf8e644a1195ad838180fd015f88938a8664128b9e0ad1e7b4a5eebe2198,0xf65954d6d6f877963bace359e44c1f01d3b11c2a,0x427c4b37de0714821b09c4fc655a713abbcfba83,ETH,0.036847749668146124,initial ordinary funding,CONFIRMED,intact transfer; source-to-affected-wallet link UNRESOLVED,fund transfer
F0029,2026-10-06T20:20:26Z,Solana mainnet,2tGBJBuDWnmgV6Azn8WDqe5EdyARFnUwek917EeFE1xuQzZXdbruKrSJfZDZEJZ9JuRv59nckCosqLTGiGfpFd4b,raw_transactions/2tGBJBuDWnmgV6Azn8WDqe5EdyARFnUwek917EeFE1xuQzZXdbruKrSJfZDZEJZ9JuRv59nckCosqLTGiGfpFd4b.json,HMnB7bHSFLfo2k4GdGQ2c6inb6eLt3Wpx8SbXgzwnaU2,EPjFWdd5AufqSSqeM2qN1xzybapC8G4wEGGkZwyTDt1v,0.001,token transfer,CONFIRMED,mixed,frozen v0.1 instruction/event
F0030,2026-10-06T20:20:26Z,Solana mainnet,2tGBJBuDWnmgV6Azn8WDqe5EdyARFnUwek917EeFE1xuQzZXdbruKrSJfZDZEJZ9JuRv59nckCosqLTGiGfpFd4b,raw_transactions/2tGBJBuDWnmgV6Azn8WDqe5EdyARFnUwek917EeFE1xuQzZXdbruKrSJfZDZEJZ9JuRv59nckCosqLTGiGfpFd4b.json,network,SOL,0.00000505,network fee,CONFIRMED,mixed,frozen v0.1 instruction/event
F0031,2026-10-06T20:20:35Z,Solana mainnet,j6VocaeyQgndKFsAFUpfKMCwkAQ7aigYyAZxTnGnZDs8HoUeyuJwnwhQauUWEAHnBnZd1N5jktXwvXokUP9gAd9,raw_transactions/j6VocaeyQgndKFsAFUpfKMCwkAQ7aigYyAZxTnGnZDs8HoUeyuJwnwhQauUWEAHnBnZd1N5jktXwvXokUP9gAd9.json,9ViFVXMED4um2nJbL5LepdPv7EEbLkM5S4FjB5V81BGo,EPjFWdd5AufqSSqeM2qN1xzybapC8G4wEGGkZwyTDt1v,0.001,token transfer,CONFIRMED,mixed,frozen v0.1 instruction/event
F0032,2026-10-06T20:20:35Z,Solana mainnet,j6VocaeyQgndKFsAFUpfKMCwkAQ7aigYyAZxTnGnZDs8HoUeyuJwnwhQauUWEAHnBnZd1N5jktXwvXokUP9gAd9,raw_transactions/j6VocaeyQgndKFsAFUpfKMCwkAQ7aigYyAZxTnGnZDs8HoUeyuJwnwhQauUWEAHnBnZd1N5jktXwvXokUP9gAd9.json,network,SOL,0.00000505,network fee,CONFIRMED,mixed,frozen v0.1 instruction/event
F0033,2026-10-06T20:20:41Z,Solana mainnet,4oGgjwhJc1RvrfYy9AezuqWyTN8bF2TyaxEkoSdzdriVtbAfVw3c8hkCZiLJ5aXqhDCtBfJScpSggXRKUNb8qJjw,raw_transactions/4oGgjwhJc1RvrfYy9AezuqWyTN8bF2TyaxEkoSdzdriVtbAfVw3c8hkCZiLJ5aXqhDCtBfJScpSggXRKUNb8qJjw.json,66WmHskiS981YdWzHCfdu1hkB9qENyJ4HjT4Pz5XWDj5,BPxxfRCXkUVhig4HS1Lh7kZqV6SPJhzfEk4x6fVBjPCy,357484.78967639,token transfer,CONFIRMED,mixed,frozen v0.1 instruction/event
F0034,2026-10-06T20:20:41Z,Solana mainnet,4oGgjwhJc1RvrfYy9AezuqWyTN8bF2TyaxEkoSdzdriVtbAfVw3c8hkCZiLJ5aXqhDCtBfJScpSggXRKUNb8qJjw,raw_transactions/4oGgjwhJc1RvrfYy9AezuqWyTN8bF2TyaxEkoSdzdriVtbAfVw3c8hkCZiLJ5aXqhDCtBfJScpSggXRKUNb8qJjw.json,VUEyRHYzJNHehVrJDGfpnhCUF1Z4wh2jipw6JE5D6rK,BPxxfRCXkUVhig4HS1Lh7kZqV6SPJhzfEk4x6fVBjPCy,330959.418282401,token transfer,CONFIRMED,mixed,frozen v0.1 instruction/event
F0035,2026-10-06T20:20:41Z,Solana mainnet,4oGgjwhJc1RvrfYy9AezuqWyTN8bF2TyaxEkoSdzdriVtbAfVw3c8hkCZiLJ5aXqhDCtBfJScpSggXRKUNb8qJjw,raw_transactions/4oGgjwhJc1RvrfYy9AezuqWyTN8bF2TyaxEkoSdzdriVtbAfVw3c8hkCZiLJ5aXqhDCtBfJScpSggXRKUNb8qJjw.json,8XrtGP8RG33AnrN2yJ6H3gnXPNQ3dYXKqM72bpzhcsd6,EPjFWdd5AufqSSqeM2qN1xzybapC8G4wEGGkZwyTDt1v,372942.06185,token transfer,CONFIRMED,mixed,frozen v0.1 instruction/event
F0036,2026-10-06T20:20:41Z,Solana mainnet,4oGgjwhJc1RvrfYy9AezuqWyTN8bF2TyaxEkoSdzdriVtbAfVw3c8hkCZiLJ5aXqhDCtBfJScpSggXRKUNb8qJjw,raw_transactions/4oGgjwhJc1RvrfYy9AezuqWyTN8bF2TyaxEkoSdzdriVtbAfVw3c8hkCZiLJ5aXqhDCtBfJScpSggXRKUNb8qJjw.json,HhdH9tGT84nF5MzhgHS1chDed4cWbmk2oimHASobVXuY,BPxxfRCXkUVhig4HS1Lh7kZqV6SPJhzfEk4x6fVBjPCy,18374.718189366,token transfer,CONFIRMED,mixed,frozen v0.1 instruction/event
F0037,2026-10-06T20:20:41Z,Solana mainnet,4oGgjwhJc1RvrfYy9AezuqWyTN8bF2TyaxEkoSdzdriVtbAfVw3c8hkCZiLJ5aXqhDCtBfJScpSggXRKUNb8qJjw,raw_transactions/4oGgjwhJc1RvrfYy9AezuqWyTN8bF2TyaxEkoSdzdriVtbAfVw3c8hkCZiLJ5aXqhDCtBfJScpSggXRKUNb8qJjw.json,DT2krA8vSP96D68nH86eAztZHVM18YB5i4gDXjLBDXm7,So11111111111111111111111111111111111111112,170.985275111,token transfer,CONFIRMED,mixed,frozen v0.1 instruction/event
F0038,2026-10-06T20:20:41Z,Solana mainnet,4oGgjwhJc1RvrfYy9AezuqWyTN8bF2TyaxEkoSdzdriVtbAfVw3c8hkCZiLJ5aXqhDCtBfJScpSggXRKUNb8qJjw,raw_transactions/4oGgjwhJc1RvrfYy9AezuqWyTN8bF2TyaxEkoSdzdriVtbAfVw3c8hkCZiLJ5aXqhDCtBfJScpSggXRKUNb8qJjw.json,CfQKqneYxXqCc2Ev3zxHwSDz1B59ngcVxFBFr1dqT2dU,BPxxfRCXkUVhig4HS1Lh7kZqV6SPJhzfEk4x6fVBjPCy,8150.653204623,token transfer,CONFIRMED,mixed,frozen v0.1 instruction/event
F0039,2026-10-06T20:20:41Z,Solana mainnet,4oGgjwhJc1RvrfYy9AezuqWyTN8bF2TyaxEkoSdzdriVtbAfVw3c8hkCZiLJ5aXqhDCtBfJScpSggXRKUNb8qJjw,raw_transactions/4oGgjwhJc1RvrfYy9AezuqWyTN8bF2TyaxEkoSdzdriVtbAfVw3c8hkCZiLJ5aXqhDCtBfJScpSggXRKUNb8qJjw.json,DT2krA8vSP96D68nH86eAztZHVM18YB5i4gDXjLBDXm7,So11111111111111111111111111111111111111112,75.979954434,token transfer,CONFIRMED,mixed,frozen v0.1 instruction/event
F0040,2026-10-06T20:20:41Z,Solana mainnet,4oGgjwhJc1RvrfYy9AezuqWyTN8bF2TyaxEkoSdzdriVtbAfVw3c8hkCZiLJ5aXqhDCtBfJScpSggXRKUNb8qJjw,raw_transactions/4oGgjwhJc1RvrfYy9AezuqWyTN8bF2TyaxEkoSdzdriVtbAfVw3c8hkCZiLJ5aXqhDCtBfJScpSggXRKUNb8qJjw.json,9t4P5wMwfFkyn92Z7hf463qYKEZf8ERVZsGBEPNp8uJx,EPjFWdd5AufqSSqeM2qN1xzybapC8G4wEGGkZwyTDt1v,372942.06185,token transfer,CONFIRMED,mixed,frozen v0.1 instruction/event
F0041,2026-10-06T20:20:41Z,Solana mainnet,4oGgjwhJc1RvrfYy9AezuqWyTN8bF2TyaxEkoSdzdriVtbAfVw3c8hkCZiLJ5aXqhDCtBfJScpSggXRKUNb8qJjw,raw_transactions/4oGgjwhJc1RvrfYy9AezuqWyTN8bF2TyaxEkoSdzdriVtbAfVw3c8hkCZiLJ5aXqhDCtBfJScpSggXRKUNb8qJjw.json,DT2krA8vSP96D68nH86eAztZHVM18YB5i4gDXjLBDXm7,So11111111111111111111111111111111111111112,3078.506463676,token transfer,CONFIRMED,mixed,frozen v0.1 instruction/event
F0042,2026-10-06T20:20:41Z,Solana mainnet,4oGgjwhJc1RvrfYy9AezuqWyTN8bF2TyaxEkoSdzdriVtbAfVw3c8hkCZiLJ5aXqhDCtBfJScpSggXRKUNb8qJjw,raw_transactions/4oGgjwhJc1RvrfYy9AezuqWyTN8bF2TyaxEkoSdzdriVtbAfVw3c8hkCZiLJ5aXqhDCtBfJScpSggXRKUNb8qJjw.json,39FWQJxqTmUkFqHKjEs3CawQ1b1rqLcKmHfJ1FWMAWdu,So11111111111111111111111111111111111111112,3.325471693,token transfer,CONFIRMED,mixed,frozen v0.1 instruction/event
F0043,2026-10-06T20:20:41Z,Solana mainnet,4oGgjwhJc1RvrfYy9AezuqWyTN8bF2TyaxEkoSdzdriVtbAfVw3c8hkCZiLJ5aXqhDCtBfJScpSggXRKUNb8qJjw,raw_transactions/4oGgjwhJc1RvrfYy9AezuqWyTN8bF2TyaxEkoSdzdriVtbAfVw3c8hkCZiLJ5aXqhDCtBfJScpSggXRKUNb8qJjw.json,2kDWUhGyv6yz1Ta3okLMaSnuRpAgVabCUgcFfGfGjxZa,So11111111111111111111111111111111111111112,3322.146221528,token transfer,CONFIRMED,mixed,frozen v0.1 instruction/event
F0044,2026-10-06T20:20:41Z,Solana mainnet,4oGgjwhJc1RvrfYy9AezuqWyTN8bF2TyaxEkoSdzdriVtbAfVw3c8hkCZiLJ5aXqhDCtBfJScpSggXRKUNb8qJjw,raw_transactions/4oGgjwhJc1RvrfYy9AezuqWyTN8bF2TyaxEkoSdzdriVtbAfVw3c8hkCZiLJ5aXqhDCtBfJScpSggXRKUNb8qJjw.json,network,SOL,0.000309686,network fee,CONFIRMED,mixed,frozen v0.1 instruction/event
F0045,2026-10-06T20:21:48Z,Solana mainnet,312uJ1cSEoVST9chHp2PwQ2piqkqRrqY1JPJ9VmvnCkzSnG4xYuyuD5UWV2ZevgYuXLztXQkGQQmQ8TnJ13osUfs,raw_transactions/312uJ1cSEoVST9chHp2PwQ2piqkqRrqY1JPJ9VmvnCkzSnG4xYuyuD5UWV2ZevgYuXLztXQkGQQmQ8TnJ13osUfs.json,VUEyRHYzJNHehVrJDGfpnhCUF1Z4wh2jipw6JE5D6rK,BPxxfRCXkUVhig4HS1Lh7kZqV6SPJhzfEk4x6fVBjPCy,357484.78967639,token transfer,CONFIRMED,mixed,frozen v0.1 instruction/event
F0046,2026-10-06T20:21:48Z,Solana mainnet,312uJ1cSEoVST9chHp2PwQ2piqkqRrqY1JPJ9VmvnCkzSnG4xYuyuD5UWV2ZevgYuXLztXQkGQQmQ8TnJ13osUfs,raw_transactions/312uJ1cSEoVST9chHp2PwQ2piqkqRrqY1JPJ9VmvnCkzSnG4xYuyuD5UWV2ZevgYuXLztXQkGQQmQ8TnJ13osUfs.json,HMnB7bHSFLfo2k4GdGQ2c6inb6eLt3Wpx8SbXgzwnaU2,EPjFWdd5AufqSSqeM2qN1xzybapC8G4wEGGkZwyTDt1v,387473.89259,token transfer,CONFIRMED,mixed,frozen v0.1 instruction/event
F0047,2026-10-06T20:21:48Z,Solana mainnet,312uJ1cSEoVST9chHp2PwQ2piqkqRrqY1JPJ9VmvnCkzSnG4xYuyuD5UWV2ZevgYuXLztXQkGQQmQ8TnJ13osUfs,raw_transactions/312uJ1cSEoVST9chHp2PwQ2piqkqRrqY1JPJ9VmvnCkzSnG4xYuyuD5UWV2ZevgYuXLztXQkGQQmQ8TnJ13osUfs.json,9t4P5wMwfFkyn92Z7hf463qYKEZf8ERVZsGBEPNp8uJx,EPjFWdd5AufqSSqeM2qN1xzybapC8G4wEGGkZwyTDt1v,300891.4028,token transfer,CONFIRMED,mixed,frozen v0.1 instruction/event
F0048,2026-10-06T20:21:48Z,Solana mainnet,312uJ1cSEoVST9chHp2PwQ2piqkqRrqY1JPJ9VmvnCkzSnG4xYuyuD5UWV2ZevgYuXLztXQkGQQmQ8TnJ13osUfs,raw_transactions/312uJ1cSEoVST9chHp2PwQ2piqkqRrqY1JPJ9VmvnCkzSnG4xYuyuD5UWV2ZevgYuXLztXQkGQQmQ8TnJ13osUfs.json,2kDWUhGyv6yz1Ta3okLMaSnuRpAgVabCUgcFfGfGjxZa,So11111111111111111111111111111111111111112,2482.947654106,token transfer,CONFIRMED,mixed,frozen v0.1 instruction/event
F0049,2026-10-06T20:21:48Z,Solana mainnet,312uJ1cSEoVST9chHp2PwQ2piqkqRrqY1JPJ9VmvnCkzSnG4xYuyuD5UWV2ZevgYuXLztXQkGQQmQ8TnJ13osUfs,raw_transactions/312uJ1cSEoVST9chHp2PwQ2piqkqRrqY1JPJ9VmvnCkzSnG4xYuyuD5UWV2ZevgYuXLztXQkGQQmQ8TnJ13osUfs.json,2Y7HATmn9aJBcxCskE5V2U2epmjvkZmB51zTJBbhj4cU,EPjFWdd5AufqSSqeM2qN1xzybapC8G4wEGGkZwyTDt1v,86582.48979,token transfer,CONFIRMED,mixed,frozen v0.1 instruction/event
F0050,2026-10-06T20:21:48Z,Solana mainnet,312uJ1cSEoVST9chHp2PwQ2piqkqRrqY1JPJ9VmvnCkzSnG4xYuyuD5UWV2ZevgYuXLztXQkGQQmQ8TnJ13osUfs,raw_transactions/312uJ1cSEoVST9chHp2PwQ2piqkqRrqY1JPJ9VmvnCkzSnG4xYuyuD5UWV2ZevgYuXLztXQkGQQmQ8TnJ13osUfs.json,2kDWUhGyv6yz1Ta3okLMaSnuRpAgVabCUgcFfGfGjxZa,So11111111111111111111111111111111111111112,714.689696887,token transfer,CONFIRMED,mixed,frozen v0.1 instruction/event
F0051,2026-10-06T20:21:48Z,Solana mainnet,312uJ1cSEoVST9chHp2PwQ2piqkqRrqY1JPJ9VmvnCkzSnG4xYuyuD5UWV2ZevgYuXLztXQkGQQmQ8TnJ13osUfs,raw_transactions/312uJ1cSEoVST9chHp2PwQ2piqkqRrqY1JPJ9VmvnCkzSnG4xYuyuD5UWV2ZevgYuXLztXQkGQQmQ8TnJ13osUfs.json,9TuJee4fJBPUFLbvTiKbwbhXFfMUNbsdoMeSxSyDGGqA,,3197637350,token transfer,CONFIRMED,mixed,frozen v0.1 instruction/event
F0052,2026-10-06T20:21:48Z,Solana mainnet,312uJ1cSEoVST9chHp2PwQ2piqkqRrqY1JPJ9VmvnCkzSnG4xYuyuD5UWV2ZevgYuXLztXQkGQQmQ8TnJ13osUfs,raw_transactions/312uJ1cSEoVST9chHp2PwQ2piqkqRrqY1JPJ9VmvnCkzSnG4xYuyuD5UWV2ZevgYuXLztXQkGQQmQ8TnJ13osUfs.json,qqdJ4z1yu4sTbAitwXZsGNDoGZFgL2HfVKSVwAXWCfq,So11111111111111111111111111111111111111112,3.19763735,token transfer,CONFIRMED,mixed,frozen v0.1 instruction/event
F0053,2026-10-06T20:21:48Z,Solana mainnet,312uJ1cSEoVST9chHp2PwQ2piqkqRrqY1JPJ9VmvnCkzSnG4xYuyuD5UWV2ZevgYuXLztXQkGQQmQ8TnJ13osUfs,raw_transactions/312uJ1cSEoVST9chHp2PwQ2piqkqRrqY1JPJ9VmvnCkzSnG4xYuyuD5UWV2ZevgYuXLztXQkGQQmQ8TnJ13osUfs.json,network,SOL,0.000012175,network fee,CONFIRMED,mixed,frozen v0.1 instruction/event
F0054,2026-10-06T20:23:21Z,Solana mainnet,4KJ38ttcvcjXC2qBjAXAq5CqAcuSjJwv57C5hcmjsLwRqya8jhUGwk42MypaJku3xxNjzSZ3G79wvDLzFvQ24SQn,raw_transactions/4KJ38ttcvcjXC2qBjAXAq5CqAcuSjJwv57C5hcmjsLwRqya8jhUGwk42MypaJku3xxNjzSZ3G79wvDLzFvQ24SQn.json,CA9B7pgkAFYNyo8gqwg34K9Ee3odJLSgWRpnb8eDc5Gu,EZwsB9QbF6uAWnKBRmZrMv82tbWrzQHpuD1scxqD3tEF,14261.043777,token transfer,CONFIRMED,mixed,frozen v0.1 instruction/event
F0055,2026-10-06T20:23:21Z,Solana mainnet,4KJ38ttcvcjXC2qBjAXAq5CqAcuSjJwv57C5hcmjsLwRqya8jhUGwk42MypaJku3xxNjzSZ3G79wvDLzFvQ24SQn,raw_transactions/4KJ38ttcvcjXC2qBjAXAq5CqAcuSjJwv57C5hcmjsLwRqya8jhUGwk42MypaJku3xxNjzSZ3G79wvDLzFvQ24SQn.json,network,SOL,0.00000903,network fee,CONFIRMED,mixed,frozen v0.1 instruction/event
F0056,2026-10-06T20:23:43Z,Solana mainnet,3KuFVRz24BkxXbHMisbGA57sdarRQavNCzRWr15pWVocNtoa5S1R5sAcm6Msu5i9jfKSMCvAYwzR9e2i9qJEUbaa,raw_transactions/3KuFVRz24BkxXbHMisbGA57sdarRQavNCzRWr15pWVocNtoa5S1R5sAcm6Msu5i9jfKSMCvAYwzR9e2i9qJEUbaa.json,66WmHskiS981YdWzHCfdu1hkB9qENyJ4HjT4Pz5XWDj5,BPxxfRCXkUVhig4HS1Lh7kZqV6SPJhzfEk4x6fVBjPCy,357484.78967639,token transfer,CONFIRMED,mixed,frozen v0.1 instruction/event
F0057,2026-10-06T20:23:43Z,Solana mainnet,3KuFVRz24BkxXbHMisbGA57sdarRQavNCzRWr15pWVocNtoa5S1R5sAcm6Msu5i9jfKSMCvAYwzR9e2i9qJEUbaa,raw_transactions/3KuFVRz24BkxXbHMisbGA57sdarRQavNCzRWr15pWVocNtoa5S1R5sAcm6Msu5i9jfKSMCvAYwzR9e2i9qJEUbaa.json,VUEyRHYzJNHehVrJDGfpnhCUF1Z4wh2jipw6JE5D6rK,BPxxfRCXkUVhig4HS1Lh7kZqV6SPJhzfEk4x6fVBjPCy,330923.669803434,token transfer,CONFIRMED,mixed,frozen v0.1 instruction/event
F0058,2026-10-06T20:23:43Z,Solana mainnet,3KuFVRz24BkxXbHMisbGA57sdarRQavNCzRWr15pWVocNtoa5S1R5sAcm6Msu5i9jfKSMCvAYwzR9e2i9qJEUbaa,raw_transactions/3KuFVRz24BkxXbHMisbGA57sdarRQavNCzRWr15pWVocNtoa5S1R5sAcm6Msu5i9jfKSMCvAYwzR9e2i9qJEUbaa.json,8XrtGP8RG33AnrN2yJ6H3gnXPNQ3dYXKqM72bpzhcsd6,EPjFWdd5AufqSSqeM2qN1xzybapC8G4wEGGkZwyTDt1v,342651.624812,token transfer,CONFIRMED,mixed,frozen v0.1 instruction/event
F0059,2026-10-06T20:23:43Z,Solana mainnet,3KuFVRz24BkxXbHMisbGA57sdarRQavNCzRWr15pWVocNtoa5S1R5sAcm6Msu5i9jfKSMCvAYwzR9e2i9qJEUbaa,raw_transactions/3KuFVRz24BkxXbHMisbGA57sdarRQavNCzRWr15pWVocNtoa5S1R5sAcm6Msu5i9jfKSMCvAYwzR9e2i9qJEUbaa.json,HhdH9tGT84nF5MzhgHS1chDed4cWbmk2oimHASobVXuY,BPxxfRCXkUVhig4HS1Lh7kZqV6SPJhzfEk4x6fVBjPCy,13226.937218026,token transfer,CONFIRMED,mixed,frozen v0.1 instruction/event
F0060,2026-10-06T20:23:43Z,Solana mainnet,3KuFVRz24BkxXbHMisbGA57sdarRQavNCzRWr15pWVocNtoa5S1R5sAcm6Msu5i9jfKSMCvAYwzR9e2i9qJEUbaa,raw_transactions/3KuFVRz24BkxXbHMisbGA57sdarRQavNCzRWr15pWVocNtoa5S1R5sAcm6Msu5i9jfKSMCvAYwzR9e2i9qJEUbaa.json,DT2krA8vSP96D68nH86eAztZHVM18YB5i4gDXjLBDXm7,So11111111111111111111111111111111111111112,114.350840106,token transfer,CONFIRMED,mixed,frozen v0.1 instruction/event
F0061,2026-10-06T20:23:43Z,Solana mainnet,3KuFVRz24BkxXbHMisbGA57sdarRQavNCzRWr15pWVocNtoa5S1R5sAcm6Msu5i9jfKSMCvAYwzR9e2i9qJEUbaa,raw_transactions/3KuFVRz24BkxXbHMisbGA57sdarRQavNCzRWr15pWVocNtoa5S1R5sAcm6Msu5i9jfKSMCvAYwzR9e2i9qJEUbaa.json,HeLDzXecZNWX29Ctcd9MGzxUcnTyRYVKMMBvznNDjR81,BPxxfRCXkUVhig4HS1Lh7kZqV6SPJhzfEk4x6fVBjPCy,13334.18265493,token transfer,CONFIRMED,mixed,frozen v0.1 instruction/event
F0062,2026-10-06T20:23:43Z,Solana mainnet,3KuFVRz24BkxXbHMisbGA57sdarRQavNCzRWr15pWVocNtoa5S1R5sAcm6Msu5i9jfKSMCvAYwzR9e2i9qJEUbaa,raw_transactions/3KuFVRz24BkxXbHMisbGA57sdarRQavNCzRWr15pWVocNtoa5S1R5sAcm6Msu5i9jfKSMCvAYwzR9e2i9qJEUbaa.json,DT2krA8vSP96D68nH86eAztZHVM18YB5i4gDXjLBDXm7,So11111111111111111111111111111111111111112,111.981685546,token transfer,CONFIRMED,mixed,frozen v0.1 instruction/event
F0063,2026-10-06T20:23:43Z,Solana mainnet,3KuFVRz24BkxXbHMisbGA57sdarRQavNCzRWr15pWVocNtoa5S1R5sAcm6Msu5i9jfKSMCvAYwzR9e2i9qJEUbaa,raw_transactions/3KuFVRz24BkxXbHMisbGA57sdarRQavNCzRWr15pWVocNtoa5S1R5sAcm6Msu5i9jfKSMCvAYwzR9e2i9qJEUbaa.json,9t4P5wMwfFkyn92Z7hf463qYKEZf8ERVZsGBEPNp8uJx,EPjFWdd5AufqSSqeM2qN1xzybapC8G4wEGGkZwyTDt1v,342651.624812,token transfer,CONFIRMED,mixed,frozen v0.1 instruction/event
F0064,2026-10-06T20:23:43Z,Solana mainnet,3KuFVRz24BkxXbHMisbGA57sdarRQavNCzRWr15pWVocNtoa5S1R5sAcm6Msu5i9jfKSMCvAYwzR9e2i9qJEUbaa,raw_transactions/3KuFVRz24BkxXbHMisbGA57sdarRQavNCzRWr15pWVocNtoa5S1R5sAcm6Msu5i9jfKSMCvAYwzR9e2i9qJEUbaa.json,DT2krA8vSP96D68nH86eAztZHVM18YB5i4gDXjLBDXm7,So11111111111111111111111111111111111111112,2828.475252944,token transfer,CONFIRMED,mixed,frozen v0.1 instruction/event
F0065,2026-10-06T20:23:43Z,Solana mainnet,3KuFVRz24BkxXbHMisbGA57sdarRQavNCzRWr15pWVocNtoa5S1R5sAcm6Msu5i9jfKSMCvAYwzR9e2i9qJEUbaa,raw_transactions/3KuFVRz24BkxXbHMisbGA57sdarRQavNCzRWr15pWVocNtoa5S1R5sAcm6Msu5i9jfKSMCvAYwzR9e2i9qJEUbaa.json,EaUghZfmuhgtZEEwaZwX5EBroz4WyH8VM5NSXi4tam5A,So11111111111111111111111111111111111111112,3.054807778,token transfer,CONFIRMED,mixed,frozen v0.1 instruction/event
F0066,2026-10-06T20:23:43Z,Solana mainnet,3KuFVRz24BkxXbHMisbGA57sdarRQavNCzRWr15pWVocNtoa5S1R5sAcm6Msu5i9jfKSMCvAYwzR9e2i9qJEUbaa,raw_transactions/3KuFVRz24BkxXbHMisbGA57sdarRQavNCzRWr15pWVocNtoa5S1R5sAcm6Msu5i9jfKSMCvAYwzR9e2i9qJEUbaa.json,2kDWUhGyv6yz1Ta3okLMaSnuRpAgVabCUgcFfGfGjxZa,So11111111111111111111111111111111111111112,3051.752970818,token transfer,CONFIRMED,mixed,frozen v0.1 instruction/event
F0067,2026-10-06T20:23:43Z,Solana mainnet,3KuFVRz24BkxXbHMisbGA57sdarRQavNCzRWr15pWVocNtoa5S1R5sAcm6Msu5i9jfKSMCvAYwzR9e2i9qJEUbaa,raw_transactions/3KuFVRz24BkxXbHMisbGA57sdarRQavNCzRWr15pWVocNtoa5S1R5sAcm6Msu5i9jfKSMCvAYwzR9e2i9qJEUbaa.json,network,SOL,0.000382629,network fee,CONFIRMED,mixed,frozen v0.1 instruction/event
F0196,2026-10-06T20:31:00Z,Robinhood Chain (4663),0x44a5ad893f64a338d607045068dc02e59ddea4e0d6d64ef186b72f0e3e861bc7,0x427c4b37de0714821b09c4fc655a713abbcfba83,0xc0b6f994c0f0462e2599afc8cd01dcae2625b0df,CASHCAT (current metadata),1100227.867433114634814141,token transfer event,CONFIRMED,intact token event; downstream mixing/source-chain bridge matches require separate analysis,fund transfer event
F0197,2026-10-06T20:31:10Z,Robinhood Chain (4663),0x8f64098fb20160a16827dc109ad4d491fd80048a4eb90b2e7f1c7a9b31eff5db,0x427c4b37de0714821b09c4fc655a713abbcfba83,0x40132e775e14ef3a946fa5624468715456fa0be4,CASHCAT (current metadata),650000,token transfer event,CONFIRMED,intact token event; downstream mixing/source-chain bridge matches require separate analysis,fund transfer event
F0198,2026-10-06T20:31:26Z,Robinhood Chain (4663),0xb919361e06714ff49fe00e802252273d3daa67ba1325dcecef49ed52b189a494,0x427c4b37de0714821b09c4fc655a713abbcfba83,0xe0763177d7e80e290fc4fea055fae11f5024f687,CASHCAT (current metadata),487500,token transfer event,CONFIRMED,intact token event; downstream mixing/source-chain bridge matches require separate analysis,fund transfer event
F0199,2026-10-06T20:31:43Z,Robinhood Chain (4663),0xcce120c4ec3146307ebc93aa9583d4db913ac4b5bb227d96235a4adecf3da2ff,0x427c4b37de0714821b09c4fc655a713abbcfba83,0xe0763177d7e80e290fc4fea055fae11f5024f687,CASHCAT (current metadata),365625,token transfer event,CONFIRMED,intact token event; downstream mixing/source-chain bridge matches require separate analysis,fund transfer event
F0200,2026-10-06T20:32:04Z,Robinhood Chain (4663),0x40d27bb8c43a3f9894e9cc370f0ede1cdd6c383a39161a27e96314c3d1713050,0x427c4b37de0714821b09c4fc655a713abbcfba83,0xe0763177d7e80e290fc4fea055fae11f5024f687,CASHCAT (current metadata),274218.75,token transfer event,CONFIRMED,intact token event; downstream mixing/source-chain bridge matches require separate analysis,fund transfer event
F0201,2026-10-06T20:32:23Z,Robinhood Chain (4663),0x93e3a389c5ac4824eecb3805fe2d73cd0e924260cf7eabe86b44289262e22ecf,0x427c4b37de0714821b09c4fc655a713abbcfba83,0xe0763177d7e80e290fc4fea055fae11f5024f687,CASHCAT (current metadata),411328.125,token transfer event,CONFIRMED,intact token event; downstream mixing/source-chain bridge matches require separate analysis,fund transfer event
F0202,2026-10-06T20:32:59Z,Robinhood Chain (4663),0x41a0a024f32c6f8299b85645163ad1fbf740f5317445d9f1d316bbfd44547020,0x427c4b37de0714821b09c4fc655a713abbcfba83,0xa70fc67c9f69da90b63a0e4c05d229954574e313,CASHCAT (current metadata),61699.21875,token transfer event,CONFIRMED,intact token event; downstream mixing/source-chain bridge matches require separate analysis,fund transfer event
F0203,2026-10-06T20:32:59Z,Robinhood Chain (4663),0x41a0a024f32c6f8299b85645163ad1fbf740f5317445d9f1d316bbfd44547020,0x427c4b37de0714821b09c4fc655a713abbcfba83,0xd42a491087a15e5afd51feb3606066cc152d2b09,CASHCAT (current metadata),226230.46875,token transfer event,CONFIRMED,intact token event; downstream mixing/source-chain bridge matches require separate analysis,fund transfer event
F0204,2026-10-06T20:32:59Z,Robinhood Chain (4663),0x41a0a024f32c6f8299b85645163ad1fbf740f5317445d9f1d316bbfd44547020,0x427c4b37de0714821b09c4fc655a713abbcfba83,0x8366a39cc670b4001a1121b8f6a443a643e40951,CASHCAT (current metadata),20566.40625,token transfer event,CONFIRMED,intact token event; downstream mixing/source-chain bridge matches require separate analysis,fund transfer event
F0205,2026-10-06T20:32:59Z,Robinhood Chain (4663),0x41a0a024f32c6f8299b85645163ad1fbf740f5317445d9f1d316bbfd44547020,0x427c4b37de0714821b09c4fc655a713abbcfba83,0x8366a39cc670b4001a1121b8f6a443a643e40951,CASHCAT (current metadata),61699.21875,token transfer event,CONFIRMED,intact token event; downstream mixing/source-chain bridge matches require separate analysis,fund transfer event
F0206,2026-10-06T20:32:59Z,Robinhood Chain (4663),0x41a0a024f32c6f8299b85645163ad1fbf740f5317445d9f1d316bbfd44547020,0x427c4b37de0714821b09c4fc655a713abbcfba83,0x8366a39cc670b4001a1121b8f6a443a643e40951,CASHCAT (current metadata),41132.8125,token transfer event,CONFIRMED,intact token event; downstream mixing/source-chain bridge matches require separate analysis,fund transfer event
F0068,2026-10-06T20:35:35Z,Solana mainnet,TkEe4z4zGuw1jTSA3fEDnSPM3rg5retPVkF7VhQcqjhuSoA6wDPAfPzLZysVP7GopTZhx94CgXTfxW6DoYmxo6t,raw_transactions/TkEe4z4zGuw1jTSA3fEDnSPM3rg5retPVkF7VhQcqjhuSoA6wDPAfPzLZysVP7GopTZhx94CgXTfxW6DoYmxo6t.json,5PoDS64x9ZiaBUyKdn73ZwwJr7vvMcYJr2rfycZ7e3dU,ZesMGYmokFiEuDvNzWeMhB7jxF6eUW8c512vwSKSTNK,9889280.200736,token transfer,CONFIRMED,mixed,frozen v0.1 instruction/event
F0069,2026-10-06T20:35:35Z,Solana mainnet,TkEe4z4zGuw1jTSA3fEDnSPM3rg5retPVkF7VhQcqjhuSoA6wDPAfPzLZysVP7GopTZhx94CgXTfxW6DoYmxo6t,raw_transactions/TkEe4z4zGuw1jTSA3fEDnSPM3rg5retPVkF7VhQcqjhuSoA6wDPAfPzLZysVP7GopTZhx94CgXTfxW6DoYmxo6t.json,66WmHskiS981YdWzHCfdu1hkB9qENyJ4HjT4Pz5XWDj5,BPxxfRCXkUVhig4HS1Lh7kZqV6SPJhzfEk4x6fVBjPCy,8294.647365906,token transfer,CONFIRMED,mixed,frozen v0.1 instruction/event
F0070,2026-10-06T20:35:35Z,Solana mainnet,TkEe4z4zGuw1jTSA3fEDnSPM3rg5retPVkF7VhQcqjhuSoA6wDPAfPzLZysVP7GopTZhx94CgXTfxW6DoYmxo6t,raw_transactions/TkEe4z4zGuw1jTSA3fEDnSPM3rg5retPVkF7VhQcqjhuSoA6wDPAfPzLZysVP7GopTZhx94CgXTfxW6DoYmxo6t.json,3sPDUULAoRzRuYCCzYWM5KRucvhTWGGg7E5XqoXxnRRZ,ZesMGYmokFiEuDvNzWeMhB7jxF6eUW8c512vwSKSTNK,5981816.253664,token transfer,CONFIRMED,mixed,frozen v0.1 instruction/event
F0071,2026-10-06T20:35:35Z,Solana mainnet,TkEe4z4zGuw1jTSA3fEDnSPM3rg5retPVkF7VhQcqjhuSoA6wDPAfPzLZysVP7GopTZhx94CgXTfxW6DoYmxo6t,raw_transactions/TkEe4z4zGuw1jTSA3fEDnSPM3rg5retPVkF7VhQcqjhuSoA6wDPAfPzLZysVP7GopTZhx94CgXTfxW6DoYmxo6t.json,DT2krA8vSP96D68nH86eAztZHVM18YB5i4gDXjLBDXm7,So11111111111111111111111111111111111111112,45.646512149,token transfer,CONFIRMED,mixed,frozen v0.1 instruction/event
F0072,2026-10-06T20:35:35Z,Solana mainnet,TkEe4z4zGuw1jTSA3fEDnSPM3rg5retPVkF7VhQcqjhuSoA6wDPAfPzLZysVP7GopTZhx94CgXTfxW6DoYmxo6t,raw_transactions/TkEe4z4zGuw1jTSA3fEDnSPM3rg5retPVkF7VhQcqjhuSoA6wDPAfPzLZysVP7GopTZhx94CgXTfxW6DoYmxo6t.json,VUEyRHYzJNHehVrJDGfpnhCUF1Z4wh2jipw6JE5D6rK,BPxxfRCXkUVhig4HS1Lh7kZqV6SPJhzfEk4x6fVBjPCy,8294.647365906,token transfer,CONFIRMED,mixed,frozen v0.1 instruction/event
F0073,2026-10-06T20:35:35Z,Solana mainnet,TkEe4z4zGuw1jTSA3fEDnSPM3rg5retPVkF7VhQcqjhuSoA6wDPAfPzLZysVP7GopTZhx94CgXTfxW6DoYmxo6t,raw_transactions/TkEe4z4zGuw1jTSA3fEDnSPM3rg5retPVkF7VhQcqjhuSoA6wDPAfPzLZysVP7GopTZhx94CgXTfxW6DoYmxo6t.json,8XrtGP8RG33AnrN2yJ6H3gnXPNQ3dYXKqM72bpzhcsd6,EPjFWdd5AufqSSqeM2qN1xzybapC8G4wEGGkZwyTDt1v,9281.089661,token transfer,CONFIRMED,mixed,frozen v0.1 instruction/event
F0074,2026-10-06T20:35:35Z,Solana mainnet,TkEe4z4zGuw1jTSA3fEDnSPM3rg5retPVkF7VhQcqjhuSoA6wDPAfPzLZysVP7GopTZhx94CgXTfxW6DoYmxo6t,raw_transactions/TkEe4z4zGuw1jTSA3fEDnSPM3rg5retPVkF7VhQcqjhuSoA6wDPAfPzLZysVP7GopTZhx94CgXTfxW6DoYmxo6t.json,2Y7HATmn9aJBcxCskE5V2U2epmjvkZmB51zTJBbhj4cU,EPjFWdd5AufqSSqeM2qN1xzybapC8G4wEGGkZwyTDt1v,9281.089661,token transfer,CONFIRMED,mixed,frozen v0.1 instruction/event
F0075,2026-10-06T20:35:35Z,Solana mainnet,TkEe4z4zGuw1jTSA3fEDnSPM3rg5retPVkF7VhQcqjhuSoA6wDPAfPzLZysVP7GopTZhx94CgXTfxW6DoYmxo6t,raw_transactions/TkEe4z4zGuw1jTSA3fEDnSPM3rg5retPVkF7VhQcqjhuSoA6wDPAfPzLZysVP7GopTZhx94CgXTfxW6DoYmxo6t.json,DT2krA8vSP96D68nH86eAztZHVM18YB5i4gDXjLBDXm7,So11111111111111111111111111111111111111112,76.689393759,token transfer,CONFIRMED,mixed,frozen v0.1 instruction/event
F0076,2026-10-06T20:35:35Z,Solana mainnet,TkEe4z4zGuw1jTSA3fEDnSPM3rg5retPVkF7VhQcqjhuSoA6wDPAfPzLZysVP7GopTZhx94CgXTfxW6DoYmxo6t,raw_transactions/TkEe4z4zGuw1jTSA3fEDnSPM3rg5retPVkF7VhQcqjhuSoA6wDPAfPzLZysVP7GopTZhx94CgXTfxW6DoYmxo6t.json,2oL6my4QDDCfpgJZX1bZV1NgbmuNptKdgcE8wJm6efgk,So11111111111111111111111111111111111111112,0.122335905,token transfer,CONFIRMED,mixed,frozen v0.1 instruction/event
F0077,2026-10-06T20:35:35Z,Solana mainnet,TkEe4z4zGuw1jTSA3fEDnSPM3rg5retPVkF7VhQcqjhuSoA6wDPAfPzLZysVP7GopTZhx94CgXTfxW6DoYmxo6t,raw_transactions/TkEe4z4zGuw1jTSA3fEDnSPM3rg5retPVkF7VhQcqjhuSoA6wDPAfPzLZysVP7GopTZhx94CgXTfxW6DoYmxo6t.json,2kDWUhGyv6yz1Ta3okLMaSnuRpAgVabCUgcFfGfGjxZa,So11111111111111111111111111111111111111112,122.213570003,token transfer,CONFIRMED,mixed,frozen v0.1 instruction/event
F0078,2026-10-06T20:35:35Z,Solana mainnet,TkEe4z4zGuw1jTSA3fEDnSPM3rg5retPVkF7VhQcqjhuSoA6wDPAfPzLZysVP7GopTZhx94CgXTfxW6DoYmxo6t,raw_transactions/TkEe4z4zGuw1jTSA3fEDnSPM3rg5retPVkF7VhQcqjhuSoA6wDPAfPzLZysVP7GopTZhx94CgXTfxW6DoYmxo6t.json,network,SOL,0.000699507,network fee,CONFIRMED,mixed,frozen v0.1 instruction/event
F0079,2026-10-06T20:35:41Z,Solana mainnet,5fFLUqvsAJLEn1cPnypjzfKi8iioUYCnaCgR8QonKtE2U3xf6nk8RduhjURrjLP32yX1pzTT9vy9bXHXfQyNA87t,raw_transactions/5fFLUqvsAJLEn1cPnypjzfKi8iioUYCnaCgR8QonKtE2U3xf6nk8RduhjURrjLP32yX1pzTT9vy9bXHXfQyNA87t.json,8Ti6AMEkfZnFjKTa3kJw9mNsyjgKC5vwCxViqgViMj9S,EPjFWdd5AufqSSqeM2qN1xzybapC8G4wEGGkZwyTDt1v,7859.975842,token transfer,CONFIRMED,mixed,frozen v0.1 instruction/event
F0080,2026-10-06T20:35:41Z,Solana mainnet,5fFLUqvsAJLEn1cPnypjzfKi8iioUYCnaCgR8QonKtE2U3xf6nk8RduhjURrjLP32yX1pzTT9vy9bXHXfQyNA87t,raw_transactions/5fFLUqvsAJLEn1cPnypjzfKi8iioUYCnaCgR8QonKtE2U3xf6nk8RduhjURrjLP32yX1pzTT9vy9bXHXfQyNA87t.json,4dbQGq7vUHdoRvF5g8mTu8eeah68M15PfX2MK1rhCAJL,So11111111111111111111111111111111111111112,64.925550449,token transfer,CONFIRMED,mixed,frozen v0.1 instruction/event
F0081,2026-10-06T20:35:41Z,Solana mainnet,5fFLUqvsAJLEn1cPnypjzfKi8iioUYCnaCgR8QonKtE2U3xf6nk8RduhjURrjLP32yX1pzTT9vy9bXHXfQyNA87t,raw_transactions/5fFLUqvsAJLEn1cPnypjzfKi8iioUYCnaCgR8QonKtE2U3xf6nk8RduhjURrjLP32yX1pzTT9vy9bXHXfQyNA87t.json,69FnU8vszZSZF6DZCT6VHdsvm3DvvojDgbwqzHJ4cCFS,SOL,64.925550449,native transfer,CONFIRMED,mixed,frozen v0.1 instruction/event
F0082,2026-10-06T20:35:41Z,Solana mainnet,5fFLUqvsAJLEn1cPnypjzfKi8iioUYCnaCgR8QonKtE2U3xf6nk8RduhjURrjLP32yX1pzTT9vy9bXHXfQyNA87t,raw_transactions/5fFLUqvsAJLEn1cPnypjzfKi8iioUYCnaCgR8QonKtE2U3xf6nk8RduhjURrjLP32yX1pzTT9vy9bXHXfQyNA87t.json,network,SOL,0.000011225,network fee,CONFIRMED,mixed,frozen v0.1 instruction/event
F0103,2026-10-06T20:35:41Z,Solana mainnet,5fFLUqvsAJLEn1cPnypjzfKi8iioUYCnaCgR8QonKtE2U3xf6nk8RduhjURrjLP32yX1pzTT9vy9bXHXfQyNA87t,69FnU8vszZSZF6DZCT6VHdsvm3DvvojDgbwqzHJ4cCFS,Grr9WnZdcetQywtFXog81UhqmnJyvFhb4AT3ipw44mZP,,,program identity established,CONFIRMED,mixed,evidence enrichment; not an additional transfer
F0104,2026-10-06T20:35:41Z,Solana mainnet,5fFLUqvsAJLEn1cPnypjzfKi8iioUYCnaCgR8QonKtE2U3xf6nk8RduhjURrjLP32yX1pzTT9vy9bXHXfQyNA87t,69FnU8vszZSZF6DZCT6VHdsvm3DvvojDgbwqzHJ4cCFS,Grr9WnZdcetQywtFXog81UhqmnJyvFhb4AT3ipw44mZP,,,wire signer correction,CONFIRMED,mixed,evidence enrichment; not an additional transfer
F0105,2026-10-06T20:35:41Z,Solana mainnet,5fFLUqvsAJLEn1cPnypjzfKi8iioUYCnaCgR8QonKtE2U3xf6nk8RduhjURrjLP32yX1pzTT9vy9bXHXfQyNA87t,69FnU8vszZSZF6DZCT6VHdsvm3DvvojDgbwqzHJ4cCFS,8Ti6AMEkfZnFjKTa3kJw9mNsyjgKC5vwCxViqgViMj9S,USDC,7859.975842,counterparty inventory settlement,CONFIRMED,mixed,evidence enrichment; not an additional transfer
F0106,2026-10-06T20:35:41Z,Solana mainnet,5fFLUqvsAJLEn1cPnypjzfKi8iioUYCnaCgR8QonKtE2U3xf6nk8RduhjURrjLP32yX1pzTT9vy9bXHXfQyNA87t,Bukt1ztP1AetQPdfHKUjFp7cVJPFusCNi98bvZcL7Ug5,69FnU8vszZSZF6DZCT6VHdsvm3DvvojDgbwqzHJ4cCFS,SOL/WSOL,64.925550449,output inventory and unwrap analysis,CONFIRMED,mixed counterparty inventory; deterministic paired execution,evidence enrichment; not an additional transfer
F0083,2026-10-06T20:36:06Z,Solana mainnet,2z3oR5xtnE9mkk3F5Y7HFf3NZxzNtKJBEx3Fwzo9jcERr288dCQDiX6mjF8ECcu4wS6umS5jZes7Tcyv8rUatumN,raw_transactions/2z3oR5xtnE9mkk3F5Y7HFf3NZxzNtKJBEx3Fwzo9jcERr288dCQDiX6mjF8ECcu4wS6umS5jZes7Tcyv8rUatumN.json,4AV2Qzp3N4c9RfzyEbNZs2wqWfW4EwKnnxFAZCndvfGh,SOL,550,Privacy Cash deposit,CONFIRMED,mixed,frozen v0.1 instruction/event
F0084,2026-10-06T20:36:06Z,Solana mainnet,2z3oR5xtnE9mkk3F5Y7HFf3NZxzNtKJBEx3Fwzo9jcERr288dCQDiX6mjF8ECcu4wS6umS5jZes7Tcyv8rUatumN,raw_transactions/2z3oR5xtnE9mkk3F5Y7HFf3NZxzNtKJBEx3Fwzo9jcERr288dCQDiX6mjF8ECcu4wS6umS5jZes7Tcyv8rUatumN.json,network,SOL,0.000205,network fee,CONFIRMED,mixed,frozen v0.1 instruction/event
F0085,2026-10-06T20:39:06Z,Solana mainnet,2RQzMvMEjC4UbWBzxdFrthgQAWvmKepgdPqXCghe6tEoSS9M8aqMYsosnECkxM3N4ipYbF1vXBmkjEkqBRNz4wdd,raw_transactions/2RQzMvMEjC4UbWBzxdFrthgQAWvmKepgdPqXCghe6tEoSS9M8aqMYsosnECkxM3N4ipYbF1vXBmkjEkqBRNz4wdd.json,4AV2Qzp3N4c9RfzyEbNZs2wqWfW4EwKnnxFAZCndvfGh,SOL,1000,Privacy Cash deposit,CONFIRMED,mixed,frozen v0.1 instruction/event
F0086,2026-10-06T20:39:06Z,Solana mainnet,2RQzMvMEjC4UbWBzxdFrthgQAWvmKepgdPqXCghe6tEoSS9M8aqMYsosnECkxM3N4ipYbF1vXBmkjEkqBRNz4wdd,raw_transactions/2RQzMvMEjC4UbWBzxdFrthgQAWvmKepgdPqXCghe6tEoSS9M8aqMYsosnECkxM3N4ipYbF1vXBmkjEkqBRNz4wdd.json,network,SOL,0.000205,network fee,CONFIRMED,mixed,frozen v0.1 instruction/event
F0087,2026-10-06T20:41:15Z,Solana mainnet,2rmwmvV6o3t88NqFzkScnAmLp6MQSNdSwdM6fVEpFjbnQmivPdR5pg132WG6yoRbwMr6vxhVuctEoHWbZ7srV1bh,raw_transactions/2rmwmvV6o3t88NqFzkScnAmLp6MQSNdSwdM6fVEpFjbnQmivPdR5pg132WG6yoRbwMr6vxhVuctEoHWbZ7srV1bh.json,4AV2Qzp3N4c9RfzyEbNZs2wqWfW4EwKnnxFAZCndvfGh,SOL,1000,Privacy Cash deposit,CONFIRMED,mixed,frozen v0.1 instruction/event
F0088,2026-10-06T20:41:15Z,Solana mainnet,2rmwmvV6o3t88NqFzkScnAmLp6MQSNdSwdM6fVEpFjbnQmivPdR5pg132WG6yoRbwMr6vxhVuctEoHWbZ7srV1bh,raw_transactions/2rmwmvV6o3t88NqFzkScnAmLp6MQSNdSwdM6fVEpFjbnQmivPdR5pg132WG6yoRbwMr6vxhVuctEoHWbZ7srV1bh.json,network,SOL,0.000205,network fee,CONFIRMED,mixed,frozen v0.1 instruction/event
F0089,2026-10-06T20:44:38Z,Solana mainnet,4dMYbos32EUJEX6S3PAQZEY2Xn3XAJS5ytRVZyHxbE24i31zrUJAdcimYRvcsu4d8Ac9P8mj6huz6fZz5PuV57DW,raw_transactions/4dMYbos32EUJEX6S3PAQZEY2Xn3XAJS5ytRVZyHxbE24i31zrUJAdcimYRvcsu4d8Ac9P8mj6huz6fZz5PuV57DW.json,4AV2Qzp3N4c9RfzyEbNZs2wqWfW4EwKnnxFAZCndvfGh,SOL,1000,Privacy Cash deposit,CONFIRMED,mixed,frozen v0.1 instruction/event
F0090,2026-10-06T20:44:38Z,Solana mainnet,4dMYbos32EUJEX6S3PAQZEY2Xn3XAJS5ytRVZyHxbE24i31zrUJAdcimYRvcsu4d8Ac9P8mj6huz6fZz5PuV57DW,raw_transactions/4dMYbos32EUJEX6S3PAQZEY2Xn3XAJS5ytRVZyHxbE24i31zrUJAdcimYRvcsu4d8Ac9P8mj6huz6fZz5PuV57DW.json,network,SOL,0.000205,network fee,CONFIRMED,mixed,frozen v0.1 instruction/event
F0091,2026-10-06T20:47:25Z,Solana mainnet,4bjhir5fURcbzsgkEZLRXc3ZuHuShYWDdPeubiYGQ4mWJNjhHMtJd7sJXDPffLm2CsWkZWqfNGr96UQTgPAgjmdM,raw_transactions/4bjhir5fURcbzsgkEZLRXc3ZuHuShYWDdPeubiYGQ4mWJNjhHMtJd7sJXDPffLm2CsWkZWqfNGr96UQTgPAgjmdM.json,4AV2Qzp3N4c9RfzyEbNZs2wqWfW4EwKnnxFAZCndvfGh,SOL,1666,Privacy Cash deposit,CONFIRMED,mixed,frozen v0.1 instruction/event
F0092,2026-10-06T20:47:25Z,Solana mainnet,4bjhir5fURcbzsgkEZLRXc3ZuHuShYWDdPeubiYGQ4mWJNjhHMtJd7sJXDPffLm2CsWkZWqfNGr96UQTgPAgjmdM,raw_transactions/4bjhir5fURcbzsgkEZLRXc3ZuHuShYWDdPeubiYGQ4mWJNjhHMtJd7sJXDPffLm2CsWkZWqfNGr96UQTgPAgjmdM.json,network,SOL,0.000205,network fee,CONFIRMED,mixed,frozen v0.1 instruction/event
F0093,2026-10-06T20:50:20Z,Solana mainnet,3UtUPbZbsSFqMTcSPG5s9nv3yihtPhjiG53inP5eMmfKwZkwsEv8dGrbY59mszAm6AwNbaHuHTrSM5gebF7s99BA,raw_transactions/3UtUPbZbsSFqMTcSPG5s9nv3yihtPhjiG53inP5eMmfKwZkwsEv8dGrbY59mszAm6AwNbaHuHTrSM5gebF7s99BA.json,4AV2Qzp3N4c9RfzyEbNZs2wqWfW4EwKnnxFAZCndvfGh,SOL,1666,Privacy Cash deposit,CONFIRMED,mixed,frozen v0.1 instruction/event
F0094,2026-10-06T20:50:20Z,Solana mainnet,3UtUPbZbsSFqMTcSPG5s9nv3yihtPhjiG53inP5eMmfKwZkwsEv8dGrbY59mszAm6AwNbaHuHTrSM5gebF7s99BA,raw_transactions/3UtUPbZbsSFqMTcSPG5s9nv3yihtPhjiG53inP5eMmfKwZkwsEv8dGrbY59mszAm6AwNbaHuHTrSM5gebF7s99BA.json,network,SOL,0.000205,network fee,CONFIRMED,mixed,frozen v0.1 instruction/event
F0095,2026-10-06T20:52:15Z,Solana mainnet,4LiSTZUKyB4eoN6BFNwZRmXviqNwmJLUHWCvPhLqeRyWQb5nz6yJAeKnAY7H1xeyHxwpj2fYq3vn6BhXFNPw8Bmp,raw_transactions/4LiSTZUKyB4eoN6BFNwZRmXviqNwmJLUHWCvPhLqeRyWQb5nz6yJAeKnAY7H1xeyHxwpj2fYq3vn6BhXFNPw8Bmp.json,4AV2Qzp3N4c9RfzyEbNZs2wqWfW4EwKnnxFAZCndvfGh,SOL,1700,Privacy Cash deposit,CONFIRMED,mixed,frozen v0.1 instruction/event
F0096,2026-10-06T20:52:15Z,Solana mainnet,4LiSTZUKyB4eoN6BFNwZRmXviqNwmJLUHWCvPhLqeRyWQb5nz6yJAeKnAY7H1xeyHxwpj2fYq3vn6BhXFNPw8Bmp,raw_transactions/4LiSTZUKyB4eoN6BFNwZRmXviqNwmJLUHWCvPhLqeRyWQb5nz6yJAeKnAY7H1xeyHxwpj2fYq3vn6BhXFNPw8Bmp.json,network,SOL,0.000205,network fee,CONFIRMED,mixed,frozen v0.1 instruction/event
F0097,2026-10-06T20:55:03Z,Solana mainnet,Y93jwy61fQGerS8PnroExyMKkczavyzntqu3UfsSKmyWZc2BQcnG9nTmzpCkP81D5Fw1YtAPHUXLhkc37K716Aj,raw_transactions/Y93jwy61fQGerS8PnroExyMKkczavyzntqu3UfsSKmyWZc2BQcnG9nTmzpCkP81D5Fw1YtAPHUXLhkc37K716Aj.json,4AV2Qzp3N4c9RfzyEbNZs2wqWfW4EwKnnxFAZCndvfGh,SOL,1700,Privacy Cash deposit,CONFIRMED,mixed,frozen v0.1 instruction/event
F0098,2026-10-06T20:55:03Z,Solana mainnet,Y93jwy61fQGerS8PnroExyMKkczavyzntqu3UfsSKmyWZc2BQcnG9nTmzpCkP81D5Fw1YtAPHUXLhkc37K716Aj,raw_transactions/Y93jwy61fQGerS8PnroExyMKkczavyzntqu3UfsSKmyWZc2BQcnG9nTmzpCkP81D5Fw1YtAPHUXLhkc37K716Aj.json,network,SOL,0.000205,network fee,CONFIRMED,mixed,frozen v0.1 instruction/event
F0099,2026-10-06T20:58:40Z,Solana mainnet,xUu8jqmsvU4GoXjAJvihPhuYPd8P65URTQM6XWnysGtkjrfd1fmWaLiq3FntXrecfaLDQ3yxA3hqTBiicSG4hvU,raw_transactions/xUu8jqmsvU4GoXjAJvihPhuYPd8P65URTQM6XWnysGtkjrfd1fmWaLiq3FntXrecfaLDQ3yxA3hqTBiicSG4hvU.json,4AV2Qzp3N4c9RfzyEbNZs2wqWfW4EwKnnxFAZCndvfGh,SOL,1700,Privacy Cash deposit,CONFIRMED,mixed,frozen v0.1 instruction/event
F0100,2026-10-06T20:58:40Z,Solana mainnet,xUu8jqmsvU4GoXjAJvihPhuYPd8P65URTQM6XWnysGtkjrfd1fmWaLiq3FntXrecfaLDQ3yxA3hqTBiicSG4hvU,raw_transactions/xUu8jqmsvU4GoXjAJvihPhuYPd8P65URTQM6XWnysGtkjrfd1fmWaLiq3FntXrecfaLDQ3yxA3hqTBiicSG4hvU.json,network,SOL,0.000205,network fee,CONFIRMED,mixed,frozen v0.1 instruction/event
F0101,2026-10-06T21:00:54Z,Solana mainnet,3f9ABQgo1xe4gVrDYxFJTSVvfeEz6pucS2ARDypLis6cMDDiT8X789Jf9ipR71n8ZjbvnAu1e9vQHquFwz21DWYm,raw_transactions/3f9ABQgo1xe4gVrDYxFJTSVvfeEz6pucS2ARDypLis6cMDDiT8X789Jf9ipR71n8ZjbvnAu1e9vQHquFwz21DWYm.json,4AV2Qzp3N4c9RfzyEbNZs2wqWfW4EwKnnxFAZCndvfGh,SOL,1258.9737809,Privacy Cash deposit,CONFIRMED,mixed,frozen v0.1 instruction/event
F0102,2026-10-06T21:00:54Z,Solana mainnet,3f9ABQgo1xe4gVrDYxFJTSVvfeEz6pucS2ARDypLis6cMDDiT8X789Jf9ipR71n8ZjbvnAu1e9vQHquFwz21DWYm,raw_transactions/3f9ABQgo1xe4gVrDYxFJTSVvfeEz6pucS2ARDypLis6cMDDiT8X789Jf9ipR71n8ZjbvnAu1e9vQHquFwz21DWYm.json,network,SOL,0.000205,network fee,CONFIRMED,mixed,frozen v0.1 instruction/event
F0110,2026-10-06T21:00:54Z,Solana mainnet,3f9ABQgo1xe4gVrDYxFJTSVvfeEz6pucS2ARDypLis6cMDDiT8X789Jf9ipR71n8ZjbvnAu1e9vQHquFwz21DWYm,69FnU8vszZSZF6DZCT6VHdsvm3DvvojDgbwqzHJ4cCFS,pool/fees/accounts/remaining,SOL,13240.996153263,native wallet accounting reconciliation,CONFIRMED,mixed inflows; pool withdrawal linkage broken,evidence enrichment; not an additional transfer
F0129,2026-10-06T23:40:11Z,Ethereum (1),0x5d6b414f8b7ecdcee5ffdb378ceb3de228cec732037437d759900ed7b34d1b1a,0x5c7BCd6E7De5423a257D81B442095A1a6ced35C5,0x427C4b37de0714821B09C4FC655a713AbbCfbA83,ETH,43.614308988719623177,execution-trace native credit,CONFIRMED,intact execution credit; source-chain match not established,fund transfer
F0113,2026-10-06T23:41:23Z,Ethereum mainnet (1),0x34fa1689d4c5f1536fa1d31a2551999de672a0433d06f2a04297c3ac4c105ca0,0x427c4b37de0714821b09c4fc655a713abbcfba83,0x13afa986366ab4cd731ea6cc4b4c185527a1a48a,ETH,18.501,native ETH transfer,CONFIRMED,intact transfer; linkage to affected wallet UNRESOLVED; wallet mixes inflows,fund transfer
F0114,2026-10-06T23:41:35Z,Ethereum mainnet (1),0x60f111e77801bdfa77b897903cb5b586562adcb34de9ba3cac72bd96bd25240c,0x427c4b37de0714821b09c4fc655a713abbcfba83,0xffd7a4656e6f44876d5c30da800686894e9d4ab3,ETH,18.501,native ETH transfer,CONFIRMED,intact transfer; linkage to affected wallet UNRESOLVED; wallet mixes inflows,fund transfer
F0152,2026-10-06T23:42:47Z,Ethereum (1),0xbee5625019a5eabaefb69384016b22b4db5ab65a1e2fb3233b84528127b1a44e,0x13afa986366ab4cd731ea6cc4b4c185527a1a48a,0x824a50d903e13661f879a1055c3eb64583a2cebe,ETH,18.5,native transfer or protocol call,CONFIRMED,intact transfer; any cross-chain continuation UNRESOLVED,fund transfer
F0153,2026-10-06T23:43:23Z,Ethereum (1),0x6af96ed173b572ab313de0e061c94572d7c4db07552c770d1b583a692269526f,0xffd7a4656e6f44876d5c30da800686894e9d4ab3,0x2625857ea267f4a1a150f6c9d6491b69d3bab324,ETH,18.5,native transfer or protocol call,CONFIRMED,intact transfer; any cross-chain continuation UNRESOLVED,fund transfer
F0154,2026-10-06T23:43:59Z,Ethereum (1),0xffa889a9c07aebbe1a74d9398cd418beaf7f624036b875613105502fc0d2c6de,0x824a50d903e13661f879a1055c3eb64583a2cebe,0x7da9dc31a143452ab40d3a8fb670eb5cd43c7226,ETH,18.499983905037284,native transfer or protocol call,CONFIRMED,intact transfer; any cross-chain continuation UNRESOLVED,fund transfer
F0155,2026-10-06T23:44:35Z,Ethereum (1),0x1568bec4f8813938c3a716ba37feac8dc29d93459d6cd894f21b9fb0e2a63102,0x2625857ea267f4a1a150f6c9d6491b69d3bab324,0x0b3e9b8c79a59832bdff3bc63ca6a1c024e658a0,ETH,18.499984748348312,native transfer or protocol call,CONFIRMED,intact transfer; any cross-chain continuation UNRESOLVED,fund transfer
F0130,2026-10-06T23:51:11Z,Ethereum (1),0xcff34a0c22261839ef69e4039ad6726e01fc95663bdc192d21bf35699d7883a3,0x5c7BCd6E7De5423a257D81B442095A1a6ced35C5,0x427C4b37de0714821B09C4FC655a713AbbCfbA83,ETH,7.994853008400480312,execution-trace native credit,CONFIRMED,intact execution credit; source-chain match not established,fund transfer
F0131,2026-10-06T23:51:23Z,Ethereum (1),0x85ac8c0202089c79a04a9f91a7e17b37144b4c1b74af4295da23e2969d4b352a,0x5c7BCd6E7De5423a257D81B442095A1a6ced35C5,0x427C4b37de0714821B09C4FC655a713AbbCfbA83,ETH,7.994852363662127816,execution-trace native credit,CONFIRMED,intact execution credit; source-chain match not established,fund transfer
F0132,2026-10-06T23:51:23Z,Ethereum (1),0x7934a9f4945e9a8499d7967a922ccf8bd54f5c38c642d22b506c34edf24dd663,0x5c7BCd6E7De5423a257D81B442095A1a6ced35C5,0x427C4b37de0714821B09C4FC655a713AbbCfbA83,ETH,7.994854152497038032,execution-trace native credit,CONFIRMED,intact execution credit; source-chain match not established,fund transfer
F0133,2026-10-06T23:52:11Z,Ethereum (1),0xd660af041faddd964b1d59cecc709beeb9e425282ab93a4d8f229455af69ff37,0x5c7BCd6E7De5423a257D81B442095A1a6ced35C5,0x427C4b37de0714821B09C4FC655a713AbbCfbA83,ETH,7.994852363662127816,execution-trace native credit,CONFIRMED,intact execution credit; source-chain match not established,fund transfer
F0134,2026-10-06T23:52:23Z,Ethereum (1),0x5b8ab3e41fe8eb1ababc70fee036100af41e9afa9588c8a53ba99bec25c3530b,0x5c7BCd6E7De5423a257D81B442095A1a6ced35C5,0x427C4b37de0714821B09C4FC655a713AbbCfbA83,ETH,7.994853879122892392,execution-trace native credit,CONFIRMED,intact execution credit; source-chain match not established,fund transfer
F0135,2026-10-06T23:52:35Z,Ethereum (1),0xa8b7de369a499a844c12f59905ef4c52386272b10aac66d9e3aeeaa9d02a145b,0x5c7BCd6E7De5423a257D81B442095A1a6ced35C5,0x427C4b37de0714821B09C4FC655a713AbbCfbA83,ETH,7.99485452235998144,execution-trace native credit,CONFIRMED,intact execution credit; source-chain match not established,fund transfer
F0136,2026-10-06T23:53:11Z,Ethereum (1),0xaedc189291428449d48139f7e9866653f2d3c7ff6bb6150836ffc4b135369e2e,0x5c7BCd6E7De5423a257D81B442095A1a6ced35C5,0x427C4b37de0714821B09C4FC655a713AbbCfbA83,ETH,8.334586201987309819,execution-trace native credit,CONFIRMED,intact execution credit; source-chain match not established,fund transfer
F0137,2026-10-06T23:53:35Z,Ethereum (1),0x5ae46f2541d52f0f1b907c6a02ebe6cd71f3525a4ee3e6bbfe8d8341661f7ce9,0x5c7BCd6E7De5423a257D81B442095A1a6ced35C5,0x427C4b37de0714821B09C4FC655a713AbbCfbA83,ETH,7.99485595327681364,execution-trace native credit,CONFIRMED,intact execution credit; source-chain match not established,fund transfer
F0138,2026-10-06T23:55:23Z,Ethereum (1),0x7873e900cc196ea94a7c671f7f299fe6842412e6048fac07411655e1161ec9cf,0x4216E5AE6021C523aae05B6Ac6824F3C096cf905,0x427C4b37de0714821B09C4FC655a713AbbCfbA83,ETH,18.874470654663653144,execution-trace native credit,CONFIRMED,intact execution credit; source-chain match not established,fund transfer
F0139,2026-10-06T23:55:47Z,Ethereum (1),0x794649aaa990c10f12c40b94d4d198280abb2645e134bf5a4fcede4cb098a405,0x4216E5AE6021C523aae05B6Ac6824F3C096cf905,0x427C4b37de0714821B09C4FC655a713AbbCfbA83,ETH,32.4979708394790744,execution-trace native credit,CONFIRMED,intact execution credit; source-chain match not established,fund transfer
F0140,2026-10-06T23:57:35Z,Ethereum (1),0x3b55306138fd68b7a3863aa8ac29cdf786f4807deb4e36ed237671b59220d988,0x4216E5AE6021C523aae05B6Ac6824F3C096cf905,0x427C4b37de0714821B09C4FC655a713AbbCfbA83,ETH,24.373434305384634707,execution-trace native credit,CONFIRMED,intact execution credit; source-chain match not established,fund transfer
F0141,2026-10-06T23:57:59Z,Ethereum (1),0x2b422b1831483eb9158ef56d9faed48e150d907e5773e4b97f6d8147cc5204c3,0x4216E5AE6021C523aae05B6Ac6824F3C096cf905,0x427C4b37de0714821B09C4FC655a713AbbCfbA83,ETH,18.280017451009445335,execution-trace native credit,CONFIRMED,intact execution credit; source-chain match not established,fund transfer
F0142,2026-10-06T23:58:23Z,Ethereum (1),0x7768d5b0506bf88fbc4c5d94f51eb8fff49dc67d55fd1d632811f8ce78087b8c,0x4216E5AE6021C523aae05B6Ac6824F3C096cf905,0x427C4b37de0714821B09C4FC655a713AbbCfbA83,ETH,13.70995481114992004,execution-trace native credit,CONFIRMED,intact execution credit; source-chain match not established,fund transfer
F0143,2026-10-06T23:58:35Z,Ethereum (1),0x3d417a0ebec865a9889dd5469fd14532a48a0b36c3a145e54230364532944252,0x4216E5AE6021C523aae05B6Ac6824F3C096cf905,0x427C4b37de0714821B09C4FC655a713AbbCfbA83,ETH,20.565046696727485944,execution-trace native credit,CONFIRMED,intact execution credit; source-chain match not established,fund transfer
F0144,2026-10-06T23:58:47Z,Ethereum (1),0x82baf0241ef2cbaa4d05cf1a5279705a330ec2cb27054f782f3b602697475d8f,0x4216E5AE6021C523aae05B6Ac6824F3C096cf905,0x427C4b37de0714821B09C4FC655a713AbbCfbA83,ETH,20.565005635314339628,execution-trace native credit,CONFIRMED,intact execution credit; source-chain match not established,fund transfer
F0115,2026-10-07T00:02:47Z,Ethereum mainnet (1),0x37bdacbff2fb780c54fd65a79234ef73ada43510d4f7e94f95da95124f97506c,0x427c4b37de0714821b09c4fc655a713abbcfba83,0xc25c9880835ebb46a5777ac156e681eaa1e4a9a9,ETH,18.501,native ETH transfer,CONFIRMED,intact transfer; linkage to affected wallet UNRESOLVED; wallet mixes inflows,fund transfer
F0116,2026-10-07T00:03:11Z,Ethereum mainnet (1),0x5c9449cc0171f3c99132a640d9e9a5316343a8cc6d3a03d9575e11c1d7be42bb,0x427c4b37de0714821b09c4fc655a713abbcfba83,0x40763715b95add68342a982a8ec7859709b612bd,ETH,18.501,native ETH transfer,CONFIRMED,intact transfer; linkage to affected wallet UNRESOLVED; wallet mixes inflows,fund transfer
F0145,2026-10-07T00:18:11Z,Ethereum (1),0xe92d9f816ec06f36e69c38d17f818a9ca466127049595147a77009a9d4f4e6a3,0x4216E5AE6021C523aae05B6Ac6824F3C096cf905,0x427C4b37de0714821B09C4FC655a713AbbCfbA83,ETH,11.938400392589668652,execution-trace native credit,CONFIRMED,intact execution credit; source-chain match not established,fund transfer
F0146,2026-10-07T00:18:47Z,Ethereum (1),0x6a0ea3e332600ed01ce57d9d25e2f7ac117b411b084011906038cc8b48f39ae2,0x4216E5AE6021C523aae05B6Ac6824F3C096cf905,0x427C4b37de0714821B09C4FC655a713AbbCfbA83,ETH,23.385325363002855348,execution-trace native credit,CONFIRMED,intact execution credit; source-chain match not established,fund transfer
F0147,2026-10-07T00:19:47Z,Ethereum (1),0xb3681554b8220d486dd3990666dd35115f3df6b7b409705bacfe334fa4bc05e8,0x4216E5AE6021C523aae05B6Ac6824F3C096cf905,0x427C4b37de0714821B09C4FC655a713AbbCfbA83,ETH,17.535434110789254738,execution-trace native credit,CONFIRMED,intact execution credit; source-chain match not established,fund transfer
F0148,2026-10-07T00:20:35Z,Ethereum (1),0xeeea9c1a1aef96812de9e651032492397148eef17949df9b27c0f62fad2ebc2c,0x4216E5AE6021C523aae05B6Ac6824F3C096cf905,0x427C4b37de0714821B09C4FC655a713AbbCfbA83,ETH,13.149234641484499913,execution-trace native credit,CONFIRMED,intact execution credit; source-chain match not established,fund transfer
F0149,2026-10-07T00:21:11Z,Ethereum (1),0x74fde4a6ce17dc1628fd6f3dd7099e86037aba987d74e9b189df2d25b6e2b06f,0x4216E5AE6021C523aae05B6Ac6824F3C096cf905,0x427C4b37de0714821B09C4FC655a713AbbCfbA83,ETH,9.860983615165879612,execution-trace native credit,CONFIRMED,intact execution credit; source-chain match not established,fund transfer
F0150,2026-10-07T00:21:47Z,Ethereum (1),0xebe14ec7d07afca402f002199e0334725f7db87ade15e97790a97b155d75acbe,0x4216E5AE6021C523aae05B6Ac6824F3C096cf905,0x427C4b37de0714821B09C4FC655a713AbbCfbA83,ETH,14.789341164862850675,execution-trace native credit,CONFIRMED,intact execution credit; source-chain match not established,fund transfer
F0151,2026-10-07T00:22:23Z,Ethereum (1),0x0b6a877380470ecac266e5246f6c975a530ffb1c153845771b60068761363b80,0x4216E5AE6021C523aae05B6Ac6824F3C096cf905,0x427C4b37de0714821B09C4FC655a713AbbCfbA83,ETH,14.788872230878871277,execution-trace native credit,CONFIRMED,intact execution credit; source-chain match not established,fund transfer
F0117,2026-10-07T00:52:23Z,Ethereum mainnet (1),0x256e23f3f796ae3e894d53dc55e00c10f4587342bad1a548611e26bf888b8598,0x427c4b37de0714821b09c4fc655a713abbcfba83,0x114e6c4f7d341aee968045c22548cbdc25c44a7a,ETH,4.0005,native ETH transfer,CONFIRMED,intact transfer; linkage to affected wallet UNRESOLVED; wallet mixes inflows,fund transfer
F0118,2026-10-07T00:52:35Z,Ethereum mainnet (1),0x6eea8dafb3153339f5e3b558afec6c6a7c91ba0d3e3f4f11b106049f117f52d4,0x427c4b37de0714821b09c4fc655a713abbcfba83,0x3b749498a5155f0c5e603b2867d72f95786eee9a,ETH,4.0005,native ETH transfer,CONFIRMED,intact transfer; linkage to affected wallet UNRESOLVED; wallet mixes inflows,fund transfer
F0156,2026-10-07T00:53:11Z,Ethereum (1),0xe002d973edd8363629247cad55588e5a49cdb7bd5c089d2da0de32766b12c8f8,0x3b749498a5155f0c5e603b2867d72f95786eee9a,0x4521ef4df51a7689d4db5d8fc598685cb226ff58,ETH,4,native transfer or protocol call,CONFIRMED,intact transfer; any cross-chain continuation UNRESOLVED,fund transfer
F0157,2026-10-07T01:13:59Z,Ethereum (1),0xedfd6d0be46db66dcf6f3e9d60875c766ec164f1a3339408fe703bc5e9427ce5,0x114e6c4f7d341aee968045c22548cbdc25c44a7a,0xbe8647262afcee826c55135e272eb13d81cade3f,ETH,2,native transfer or protocol call,CONFIRMED,intact transfer; any cross-chain continuation UNRESOLVED,fund transfer
F0158,2026-10-07T01:14:59Z,Ethereum (1),0xcb2039fffcaa68d8526f2bce2d492bbd595168d9bc3c73c9dcf7d8b27561df77,0xbe8647262afcee826c55135e272eb13d81cade3f,0x2cff890f0378a11913b6129b2e97417a2c302680,ETH,2,native transfer or protocol call,CONFIRMED,intact transfer; any cross-chain continuation UNRESOLVED,fund transfer
F0159,2026-10-07T01:21:47Z,Ethereum (1),0xb60239f3be4f4f246bb5e7b6324a91b487af6f60b9aebc199da6b1e74f8fa81a,0xc25c9880835ebb46a5777ac156e681eaa1e4a9a9,0x4bf5bb54c43e3addc3f62ab5ec943e16f3806ad0,ETH,18.5,native transfer or protocol call,CONFIRMED,intact transfer; any cross-chain continuation UNRESOLVED,fund transfer
F0160,2026-10-07T01:32:47Z,Ethereum (1),0x80ab8c8f7bd7441f929a6a56a3fc54a08c6c8f3f226f7ae9a63620d376e94edd,0x40763715b95add68342a982a8ec7859709b612bd,0x1d68935c108b380cbb86198b002bc4d4a13c89f2,ETH,18.5,native transfer or protocol call,CONFIRMED,intact transfer; any cross-chain continuation UNRESOLVED,fund transfer
F0119,2026-10-07T01:42:23Z,Ethereum mainnet (1),0xeb61708b358adfb0bae70d3972d65e0e754a027e1bbb1cdf46d33d47c4481dbd,0x427c4b37de0714821b09c4fc655a713abbcfba83,0x40ac40f33d32a8ffd808cbbbf02524b6d834b811,ETH,45,native ETH transfer,CONFIRMED,intact transfer; linkage to affected wallet UNRESOLVED; wallet mixes inflows,fund transfer
F0161,2026-10-07T01:43:35Z,Ethereum (1),0x65e404d100a133897a6d8f85fa6da334e0830e9f61c371b97edd1c633d686658,0x40ac40f33d32a8ffd808cbbbf02524b6d834b811,0x9cb119168265469a849e1864c87a57999a4bc01f,ETH,22.5,native transfer or protocol call,CONFIRMED,intact transfer; any cross-chain continuation UNRESOLVED,fund transfer
F0162,2026-10-07T01:44:47Z,Ethereum (1),0xc6be781b6e8f3da34d4e6d6bf3311af39b61cd8681666dd08585c797b795dceb,0x9cb119168265469a849e1864c87a57999a4bc01f,0x1231deb6f5749ef6ce6943a275a1d3e7486f4eae,ETH,22.5,native transfer or protocol call,CONFIRMED,intact transfer; any cross-chain continuation UNRESOLVED,fund transfer
F0120,2026-10-07T01:46:59Z,Ethereum mainnet (1),0xb702d3f24586a8f8c74530573e17609b43fa18c088e11c2591cd5c6eb5a49ea6,0x427c4b37de0714821b09c4fc655a713abbcfba83,0x40ac40f33d32a8ffd808cbbbf02524b6d834b811,ETH,15,native ETH transfer,CONFIRMED,intact transfer; linkage to affected wallet UNRESOLVED; wallet mixes inflows,fund transfer
F0163,2026-10-07T01:47:59Z,Ethereum (1),0x8f56b541b6b62d85daa33b6d5bdca787f255a036fa047ba8aab878fb6a8594c3,0x40ac40f33d32a8ffd808cbbbf02524b6d834b811,0xd7efd720adf271b7173dd01a9b81668892bee6b1,ETH,37.499,native transfer or protocol call,CONFIRMED,intact transfer; any cross-chain continuation UNRESOLVED,fund transfer
F0164,2026-10-07T01:48:59Z,Ethereum (1),0xa7da5d044b2a34fd2105862dfed7b947254bd7ff12d7567e91be48d649f18d3c,0xd7efd720adf271b7173dd01a9b81668892bee6b1,0x1231deb6f5749ef6ce6943a275a1d3e7486f4eae,ETH,37.499,Relay deposit via LI.FI,CONFIRMED,intact transfer; protocol destination match confirmed separately,fund transfer
F0181,2026-10-07T01:49:25Z,Arbitrum (42161),0xaa0aff84d1af6b40ac845970c0cfa038cceab2bd7327b5f2558165fd6325ce72,0xf70da97812cb96acdf810712aa562db8dfa3dbef,0xd7efd720adf271b7173dd01a9b81668892bee6b1,USDC,100542.304581,matched Relay fill,CONFIRMED,deterministic matched order; mixed protocol liquidity,fund transfer
F0121,2026-10-07T01:49:35Z,Ethereum mainnet (1),0x3902c808cd20136c203bb596b194df239d86ad7d7f92abd27144554ecf96b310,0x427c4b37de0714821b09c4fc655a713abbcfba83,0xc96ee7973e8ce2f5dc9be15bd1eda7eac1b19e68,ETH,35.001,native ETH transfer,CONFIRMED,intact transfer; linkage to affected wallet UNRESOLVED; wallet mixes inflows,fund transfer
F0190,2026-10-07T01:49:41Z,Arbitrum (42161),0xd09044916f0e5402351d6edc68cc7afa48a00e08800791a02e0f48f554f1255e,0xd7efd720adf271b7173dd01a9b81668892bee6b1,0x2df1c51e09aecf9cacb7bc98cb1742757f163df7,USDC (current metadata),100542.304581,token transfer event,CONFIRMED,intact token event; downstream mixing/source-chain bridge matches require separate analysis,fund transfer event
F0165,2026-10-07T01:51:11Z,Ethereum (1),0x05aa98a030faf4e61ef1794b5adacb1ea5c35e499c26bb07cd1fc4fc776037e7,0xc96ee7973e8ce2f5dc9be15bd1eda7eac1b19e68,0x68d6e20a28f9d50ebf798ccf9fae9e3d5e4f1ac4,ETH,35,native transfer or protocol call,CONFIRMED,intact transfer; any cross-chain continuation UNRESOLVED,fund transfer
F0122,2026-10-07T01:51:35Z,Ethereum mainnet (1),0x1c11dd43f8f19a4b6edde47ae3f4648617337d9df000a645b8d827b051e621b3,0x427c4b37de0714821b09c4fc655a713abbcfba83,0xaf533bf77e0f6774d9ab737e19a54daf2481e513,ETH,35.001,native ETH transfer,CONFIRMED,intact transfer; linkage to affected wallet UNRESOLVED; wallet mixes inflows,fund transfer
F0166,2026-10-07T01:52:11Z,Ethereum (1),0x1ccc5f8252b7526196559af98022083107cda7317c787e8a3d511d88b8eef11f,0x68d6e20a28f9d50ebf798ccf9fae9e3d5e4f1ac4,0x1231deb6f5749ef6ce6943a275a1d3e7486f4eae,ETH,35,Relay deposit via LI.FI,CONFIRMED,intact transfer; protocol destination match confirmed separately,fund transfer
F0182,2026-10-07T01:52:37Z,Arbitrum (42161),0x0f507df0eb71a6c260aae39275f7eb9fc6deae0c3f0b7b499f6608e021c7fc0e,0xf70da97812cb96acdf810712aa562db8dfa3dbef,0x68d6e20a28f9d50ebf798ccf9fae9e3d5e4f1ac4,USDC,93738.289817,matched Relay fill,CONFIRMED,deterministic matched order; mixed protocol liquidity,fund transfer
F0191,2026-10-07T01:52:53Z,Arbitrum (42161),0x953cb3206cf345b500e518316a07151f10835663ce4e55f8e972d2d78e78ff87,0x68d6e20a28f9d50ebf798ccf9fae9e3d5e4f1ac4,0x2df1c51e09aecf9cacb7bc98cb1742757f163df7,USDC (current metadata),93738.289817,token transfer event,CONFIRMED,intact token event; downstream mixing/source-chain bridge matches require separate analysis,fund transfer event
F0167,2026-10-07T01:53:59Z,Ethereum (1),0xed4aa353342022def93669e8a4d8919ddbb7c0ee6d3b384c3184ca3584c72228,0xaf533bf77e0f6774d9ab737e19a54daf2481e513,0x888795f84f5f81352a7639f1254662ae5897e223,ETH,35,native transfer or protocol call,CONFIRMED,intact transfer; any cross-chain continuation UNRESOLVED,fund transfer
F0168,2026-10-07T01:55:23Z,Ethereum (1),0xdc868a5f0a211154b818dc96ff8a0e5a8ef2b7a26ef4cc0ed66a6b18a49f4362,0x888795f84f5f81352a7639f1254662ae5897e223,0x1231deb6f5749ef6ce6943a275a1d3e7486f4eae,ETH,35,Relay deposit via LI.FI,CONFIRMED,intact transfer; protocol destination match confirmed separately,fund transfer
F0183,2026-10-07T01:55:49Z,Arbitrum (42161),0xd9438790a10d9358ddd320e5e89cc66431c94948532cabc2a0d08ca639ea1fe6,0xf70da97812cb96acdf810712aa562db8dfa3dbef,0x888795f84f5f81352a7639f1254662ae5897e223,USDC,93549.620787,matched Relay fill,CONFIRMED,deterministic matched order; mixed protocol liquidity,fund transfer
F0192,2026-10-07T01:56:40Z,Arbitrum (42161),0x0ddf411d8745a28b5efdd1c42ab0a1526c53f1c92b622b36c0f6baf595dc3a9c,0x888795f84f5f81352a7639f1254662ae5897e223,0x2df1c51e09aecf9cacb7bc98cb1742757f163df7,USDC (current metadata),93549.620787,token transfer event,CONFIRMED,intact token event; downstream mixing/source-chain bridge matches require separate analysis,fund transfer event
F0123,2026-10-07T01:59:11Z,Ethereum mainnet (1),0x3789975ee044ca6f6a17a2522491152528c644ebc74760ba808c03284acd5d3d,0x427c4b37de0714821b09c4fc655a713abbcfba83,0xdb5f641f9b335f48c550cd7023c2268b70a76ec7,ETH,35.001,native ETH transfer,CONFIRMED,intact transfer; linkage to affected wallet UNRESOLVED; wallet mixes inflows,fund transfer
F0124,2026-10-07T01:59:23Z,Ethereum mainnet (1),0x40b2dbfa574a55c164af13c1d15f37479d43bd40f17745500b7d6a24fb5aba2d,0x427c4b37de0714821b09c4fc655a713abbcfba83,0x471d9d6c72eadf3c6f0537975c21f1f2eec6c7eb,ETH,35.001,native ETH transfer,CONFIRMED,intact transfer; linkage to affected wallet UNRESOLVED; wallet mixes inflows,fund transfer
F0125,2026-10-07T01:59:35Z,Ethereum mainnet (1),0x54ef8bb24152d4dbeb87ee2dcd754386d6d73e814058caa1295f95a612011b26,0x427c4b37de0714821b09c4fc655a713abbcfba83,0x31d114ea972f6121476df3e889cbad6c07380670,ETH,35.001,native ETH transfer,CONFIRMED,intact transfer; linkage to affected wallet UNRESOLVED; wallet mixes inflows,fund transfer
F0126,2026-10-07T02:00:47Z,Ethereum mainnet (1),0x94a897e1ccac338de2846a207179eaf0dd11aee71adb8e0cc934ea5ad5f3c388,0x427c4b37de0714821b09c4fc655a713abbcfba83,0x6457dae68e5c9b71620096622865761054da7641,ETH,35.001,native ETH transfer,CONFIRMED,intact transfer; linkage to affected wallet UNRESOLVED; wallet mixes inflows,fund transfer
F0169,2026-10-07T02:00:59Z,Ethereum (1),0x1845f4786137bfca9b6dbcaff87e95b867e02c0c79aca1e158f475f61747690f,0xdb5f641f9b335f48c550cd7023c2268b70a76ec7,0xa3ca6199d8692ec40d0287e615b48d0e8cde9abe,ETH,35,native transfer or protocol call,CONFIRMED,intact transfer; any cross-chain continuation UNRESOLVED,fund transfer
F0170,2026-10-07T02:03:47Z,Ethereum (1),0x321064d6fcab77a911a2af5d452269588e621c590796716f5fa9f7528dd7f32a,0xa3ca6199d8692ec40d0287e615b48d0e8cde9abe,0x1231deb6f5749ef6ce6943a275a1d3e7486f4eae,ETH,35,native transfer or protocol call,CONFIRMED,intact transfer; any cross-chain continuation UNRESOLVED,fund transfer
F0171,2026-10-07T02:07:11Z,Ethereum (1),0x53a336aa47086e3931740bc2370f2eb825a03c7e2a54731104e2543fafbe6a60,0x471d9d6c72eadf3c6f0537975c21f1f2eec6c7eb,0x4079067aa1bdff060c6c45155966d81c79e754e9,ETH,35,native transfer or protocol call,CONFIRMED,intact transfer; any cross-chain continuation UNRESOLVED,fund transfer
F0172,2026-10-07T02:08:35Z,Ethereum (1),0x8d9c1f92bb72579372e43ca8a47bb1787c8d652ffd366deb9a99d81a1f45a084,0x4079067aa1bdff060c6c45155966d81c79e754e9,0x1231deb6f5749ef6ce6943a275a1d3e7486f4eae,ETH,35,Relay deposit via LI.FI,CONFIRMED,intact transfer; protocol destination match confirmed separately,fund transfer
F0184,2026-10-07T02:09:13Z,Arbitrum (42161),0x5539e26c7a817ede5998087dca9e8ecfa7efa17db1e5928da11e16d06a157b0d,0xf70da97812cb96acdf810712aa562db8dfa3dbef,0x4079067aa1bdff060c6c45155966d81c79e754e9,USDC,91353.381339,matched Relay fill,CONFIRMED,deterministic matched order; mixed protocol liquidity,fund transfer
F0193,2026-10-07T02:09:51Z,Arbitrum (42161),0x0ed5e25dfa5a8a702349a7c05c6e6afe28fd4161ad4c87c056a0460bef9056c6,0x4079067aa1bdff060c6c45155966d81c79e754e9,0x2df1c51e09aecf9cacb7bc98cb1742757f163df7,USDC (current metadata),91353.381339,token transfer event,CONFIRMED,intact token event; downstream mixing/source-chain bridge matches require separate analysis,fund transfer event
F0173,2026-10-07T02:11:35Z,Ethereum (1),0xeae8e79dc52d61aa040e0ca8066da898b46de6cbe9205e34760a094000c35268,0x31d114ea972f6121476df3e889cbad6c07380670,0x68b3a77db46418905c7eaf63324d4adcce06a680,ETH,35,native transfer or protocol call,CONFIRMED,intact transfer; any cross-chain continuation UNRESOLVED,fund transfer
F0174,2026-10-07T02:12:47Z,Ethereum (1),0x8c0803288283195b973a6587507e6d02884b60241b63dad310c0a08c8c76871a,0x68b3a77db46418905c7eaf63324d4adcce06a680,0x1231deb6f5749ef6ce6943a275a1d3e7486f4eae,ETH,35,Relay deposit via LI.FI,CONFIRMED,intact transfer; protocol destination match confirmed separately,fund transfer
F0185,2026-10-07T02:13:25Z,Arbitrum (42161),0x22523df4c8d5cb3dc94e613fea374031cc9624112280e4dc8266492a269f5a8c,0x0000000000000000000000000000000000000000,0x68b3a77db46418905c7eaf63324d4adcce06a680,USDC,91283.855105,matched Relay fill,CONFIRMED,deterministic matched order; mixed protocol liquidity,fund transfer
F0194,2026-10-07T02:13:35Z,Arbitrum (42161),0xe295cfe85f341c4abb36c74a22ea62c767788712410f7d10df4b55abcad99b85,0x68b3a77db46418905c7eaf63324d4adcce06a680,0x2df1c51e09aecf9cacb7bc98cb1742757f163df7,USDC (current metadata),91283.855105,token transfer event,CONFIRMED,intact token event; downstream mixing/source-chain bridge matches require separate analysis,fund transfer event
F0175,2026-10-07T02:16:23Z,Ethereum (1),0xc12c2c3229df0e77ae5e5bfc25bc371b736c54d0a9f43ec031a3393b9840eafa,0x6457dae68e5c9b71620096622865761054da7641,0xd9249de6224382ce7791600d1d1f9e5fdf633abb,ETH,35,native transfer or protocol call,CONFIRMED,intact transfer; any cross-chain continuation UNRESOLVED,fund transfer
F0176,2026-10-07T02:17:23Z,Ethereum (1),0xba287a4b921f1280694f005aee33a08939c1a8cafd4a30ba4251384c87a99818,0xd9249de6224382ce7791600d1d1f9e5fdf633abb,0x1231deb6f5749ef6ce6943a275a1d3e7486f4eae,ETH,35,Relay deposit via LI.FI,CONFIRMED,intact transfer; protocol destination match confirmed separately,fund transfer
F0177,2026-10-07T02:17:47Z,Ethereum (1),0xfcb48122a88a05ff532740232531d385326fc8cde8ed6d317b1474a675060695,0x114e6c4f7d341aee968045c22548cbdc25c44a7a,0xd8d06aecfb5de45d0dcb655de57650d0231b0ef5,ETH,1.999,native transfer or protocol call,CONFIRMED,intact transfer; any cross-chain continuation UNRESOLVED,fund transfer
F0186,2026-10-07T02:17:49Z,Arbitrum (42161),0x1041e0a8ce2d51e65cc0efc81428196da453a787258b7fb35a334e802c9b8ad7,0xf70da97812cb96acdf810712aa562db8dfa3dbef,0xd9249de6224382ce7791600d1d1f9e5fdf633abb,USDC,91382.763365,matched Relay fill,CONFIRMED,deterministic matched order; mixed protocol liquidity,fund transfer
F0195,2026-10-07T02:18:05Z,Arbitrum (42161),0xdffada3de106b8639c6af7e25fc106e075f1c1b02f9ffd8e6facb70413bcf0d8,0xd9249de6224382ce7791600d1d1f9e5fdf633abb,0x2df1c51e09aecf9cacb7bc98cb1742757f163df7,USDC (current metadata),91382.763365,token transfer event,CONFIRMED,intact token event; downstream mixing/source-chain bridge matches require separate analysis,fund transfer event
F0127,2026-10-07T02:18:11Z,Ethereum mainnet (1),0x204c2bf7375b0d44cc648f630a09a9c32e93fe8cedc416f6587012c2afa7cc99,0x427c4b37de0714821b09c4fc655a713abbcfba83,0xec96957de4ececf24abd382090026e9b5c647405,ETH,10.251907164350756807,native ETH transfer,CONFIRMED,intact transfer; linkage to affected wallet UNRESOLVED; wallet mixes inflows,fund transfer
F0178,2026-10-07T02:18:35Z,Ethereum (1),0x02a75634730a041464e30360893b715991640231af5f55ab28435a5a7f3f3a18,0xd8d06aecfb5de45d0dcb655de57650d0231b0ef5,0x1231deb6f5749ef6ce6943a275a1d3e7486f4eae,ETH,1.999,native transfer or protocol call,CONFIRMED,intact transfer; any cross-chain continuation UNRESOLVED,fund transfer
F0179,2026-10-07T02:19:11Z,Ethereum (1),0x33590b022e2f09bc824f0d6c94a6586941096faca9c21f497004ee20f4c61f62,0xec96957de4ececf24abd382090026e9b5c647405,0x3e2d81f7a5659e4760ba929ef88eed40ef6640a1,ETH,10.251,native transfer or protocol call,CONFIRMED,intact transfer; any cross-chain continuation UNRESOLVED,fund transfer
F0180,2026-10-07T02:20:23Z,Ethereum (1),0xefa46658dead085751916c1368ed2590d72fa34dce36abf5c6b5a8cbcfc0d624,0x3e2d81f7a5659e4760ba929ef88eed40ef6640a1,0x1231deb6f5749ef6ce6943a275a1d3e7486f4eae,ETH,10.251,native transfer or protocol call,CONFIRMED,intact transfer; any cross-chain continuation UNRESOLVED,fund transfer
F0107,2026-10-08T06:40:58.890073+00:00,Solana mainnet,,ZesMGYmokFiEuDvNzWeMhB7jxF6eUW8c512vwSKSTNK,,basis points,100,current mint configuration observation,CONFIRMED,intact snapshot; historical state not obtained,evidence enrichment; not an additional transfer
F0111,2026-10-08T06:43:04.044192+00:00,BNB Smart Chain (provider endpoint; see chain ID record),,0x14AA2A71dbb5eF87b81F92205E2699AA4aa65794,,transaction count,4,current nonce observation,CONFIRMED,incident provenance UNRESOLVED,evidence enrichment; not an additional transfer
F0112,2026-10-08T06:43:18.383318+00:00,BNB Smart Chain (provider endpoint; see chain ID record),,0x427C4b37de0714821B09C4FC655a713AbbCfbA83,,transaction count,34,current nonce observation,CONFIRMED,incident provenance UNRESOLVED,evidence enrichment; not an additional transfer
