ID,timestamp,chain,tx/signature,source,destination,asset,amount,USD value if available,action,protocol,signer/authority if known,provenance status,classification,source_record,notes,record_type
F0103,2026-10-06T20:35:41Z,Solana mainnet,5fFLUqvsAJLEn1cPnypjzfKi8iioUYCnaCgR8QonKtE2U3xf6nk8RduhjURrjLP32yX1pzTT9vy9bXHXfQyNA87t,69FnU8vszZSZF6DZCT6VHdsvm3DvvojDgbwqzHJ4cCFS,Grr9WnZdcetQywtFXog81UhqmnJyvFhb4AT3ipw44mZP,,,,program identity established,61DFfeTKM7trxYcPQCM78bJ794ddZprZpAwAnLiwTpYH,,mixed,CONFIRMED,raw_sources/jupiter_order_engine_idl.json,Jupiter first-party documentation and IDL identify mainnet order engine; no claim of human operator.,evidence enrichment; not an additional transfer
F0104,2026-10-06T20:35:41Z,Solana mainnet,5fFLUqvsAJLEn1cPnypjzfKi8iioUYCnaCgR8QonKtE2U3xf6nk8RduhjURrjLP32yX1pzTT9vy9bXHXfQyNA87t,69FnU8vszZSZF6DZCT6VHdsvm3DvvojDgbwqzHJ4cCFS,Grr9WnZdcetQywtFXog81UhqmnJyvFhb4AT3ipw44mZP,,,,wire signer correction,61DFfeTKM7trxYcPQCM78bJ794ddZprZpAwAnLiwTpYH,Grr9WnZdcetQywtFXog81UhqmnJyvFhb4AT3ipw44mZP;69FnU8vszZSZF6DZCT6VHdsvm3DvvojDgbwqzHJ4cCFS,mixed,CONFIRMED,raw_sources/conversion_base64.response.json,Two wire signatures verify with OpenSSL; supersedes v0.1 non-signer assertion. Frozen jsonParsed source retained.,evidence enrichment; not an additional transfer
F0105,2026-10-06T20:35:41Z,Solana mainnet,5fFLUqvsAJLEn1cPnypjzfKi8iioUYCnaCgR8QonKtE2U3xf6nk8RduhjURrjLP32yX1pzTT9vy9bXHXfQyNA87t,69FnU8vszZSZF6DZCT6VHdsvm3DvvojDgbwqzHJ4cCFS,8Ti6AMEkfZnFjKTa3kJw9mNsyjgKC5vwCxViqgViMj9S,USDC,7859.975842,,counterparty inventory settlement,61DFfeTKM7trxYcPQCM78bJ794ddZprZpAwAnLiwTpYH,Grr9WnZdcetQywtFXog81UhqmnJyvFhb4AT3ipw44mZP;69FnU8vszZSZF6DZCT6VHdsvm3DvvojDgbwqzHJ4cCFS,mixed,CONFIRMED,../frogman_research_v0_1/raw_transactions/5fFLUqvsAJLEn1cPnypjzfKi8iioUYCnaCgR8QonKtE2U3xf6nk8RduhjURrjLP32yX1pzTT9vy9bXHXfQyNA87t.json,Counterparty USDC balance 78893.785242 -> 86753.761084; counterpart account owner Grr9; this is not another USDC transfer beyond v0.1 ledger.,evidence enrichment; not an additional transfer
F0106,2026-10-06T20:35:41Z,Solana mainnet,5fFLUqvsAJLEn1cPnypjzfKi8iioUYCnaCgR8QonKtE2U3xf6nk8RduhjURrjLP32yX1pzTT9vy9bXHXfQyNA87t,Bukt1ztP1AetQPdfHKUjFp7cVJPFusCNi98bvZcL7Ug5,69FnU8vszZSZF6DZCT6VHdsvm3DvvojDgbwqzHJ4cCFS,SOL/WSOL,64.925550449,,output inventory and unwrap analysis,61DFfeTKM7trxYcPQCM78bJ794ddZprZpAwAnLiwTpYH,Grr9WnZdcetQywtFXog81UhqmnJyvFhb4AT3ipw44mZP;69FnU8vszZSZF6DZCT6VHdsvm3DvvojDgbwqzHJ4cCFS,mixed counterparty inventory; deterministic paired execution,CONFIRMED,../frogman_research_v0_1/raw_transactions/5fFLUqvsAJLEn1cPnypjzfKi8iioUYCnaCgR8QonKtE2U3xf6nk8RduhjURrjLP32yX1pzTT9vy9bXHXfQyNA87t.json,"Grr9 WSOL inventory 754.887798786 -> 689.962248337; temporary account funded, closed, then native SOL sent to H. No beneficial-owner inference.",evidence enrichment; not an additional transfer
F0107,2026-10-08T06:40:58.890073+00:00,Solana mainnet,,ZesMGYmokFiEuDvNzWeMhB7jxF6eUW8c512vwSKSTNK,,basis points,100,,current mint configuration observation,Token-2022,,intact snapshot; historical state not obtained,CONFIRMED,raw_sources/mint_zes.response.json,Both older/newer fee settings are 100 bps; not a historical state proof. Current on-chain metadata names Just a Backpack.,evidence enrichment; not an additional transfer
F0108,2026-10-06T20:15:05Z,Solana mainnet,3D3a45d4HYvvNfD4h5o4YSMc1PpW8QFpx4rxrCVvTPMN3wZJb2KTBfC3FncLJGhb7dUVYvCmXuJC8J89ppMbLG5f,ZesMGYmokFiEuDvNzWeMhB7jxF6eUW8c512vwSKSTNK,69FnU8vszZSZF6DZCT6VHdsvm3DvvojDgbwqzHJ4cCFS,Just a Backpack,160314.105600,,historical difference explanation,Token-2022,,intact debit-credit observation; fee cause supported,SUPPORTED,raw_sources/mint_zes.response.json,"Exact 1% difference is CONFIRMED in frozen receipt; transferFeeConfig explanation SUPPORTED by current mint, not promoted to historical CONFIRMED without historic extension state.",evidence enrichment; not an additional transfer
F0109,2026-10-06T20:18:14Z/2026-10-06T20:23:43Z,Solana mainnet,four BP disposal signatures in sale_reconciliation_v0.2.csv,69FnU8vszZSZF6DZCT6VHdsvm3DvvojDgbwqzHJ4cCFS,routing recipients in frozen ledger,SOL/WSOL,6.686352013,,routing deduction reconciliation,,H,mixed native balance; deterministic accounting,CONFIRMED,accounting_reconciliation_v0.2.json,"Four gross receipts minus native increases minus network fees. Deductions 3.488714663 and 3.197637350; count original wallet debits once, not forwarded fees.",evidence enrichment; not an additional transfer
F0110,2026-10-06T21:00:54Z,Solana mainnet,3f9ABQgo1xe4gVrDYxFJTSVvfeEz6pucS2ARDypLis6cMDDiT8X789Jf9ipR71n8ZjbvnAu1e9vQHquFwz21DWYm,69FnU8vszZSZF6DZCT6VHdsvm3DvvojDgbwqzHJ4cCFS,pool/fees/accounts/remaining,SOL,13240.996153263,,native wallet accounting reconciliation,,H,mixed inflows; pool withdrawal linkage broken,CONFIRMED,accounting_reconciliation_v0.2.json,Deposits13240.973780900 + network0.002050000 + new-account allocations0.013919200 + remaining0.006403163; residual0.000000000. Does not relabel all lamports as exclusively case-derived.,evidence enrichment; not an additional transfer
F0111,2026-10-08T06:43:04.044192+00:00,BNB Smart Chain (provider endpoint; see chain ID record),,0x14AA2A71dbb5eF87b81F92205E2699AA4aa65794,,transaction count,4,,current nonce observation,,,incident provenance UNRESOLVED,CONFIRMED,raw_sources/bsc_nonce_0x14AA2A71dbb5eF87b81F92205E2699AA4aa65794.response.json,Nonzero nonce establishes chain activity only; does not identify incident transaction or reproduce EVM exit claims.,evidence enrichment; not an additional transfer
F0112,2026-10-08T06:43:18.383318+00:00,BNB Smart Chain (provider endpoint; see chain ID record),,0x427C4b37de0714821B09C4FC655a713AbbCfbA83,,transaction count,34,,current nonce observation,,,incident provenance UNRESOLVED,CONFIRMED,raw_sources/bsc_nonce_0x427C4b37de0714821B09C4FC655a713AbbCfbA83.response.json,Nonzero nonce establishes chain activity only; does not identify incident transaction or reproduce EVM exit claims.,evidence enrichment; not an additional transfer
