address,chain,role,first appearance,funding source,outflows,known protocol interaction,control evidence,classification,notes
0x427c4b37de0714821b09c4fc655a713abbcfba83,Ethereum mainnet (1),observed transaction participant,2026-10-06T23:41:23Z,see ledger; not an ownership attribution,F0113;F0114;F0115;F0116;F0117;F0118;F0119;F0120;F0121;F0122;F0123;F0124;F0125;F0126;F0127;,,transaction authority only; common beneficial ownership NOT ESTABLISHED,CONFIRMED,Role limited to independently reproduced transactions.
0x13afa986366ab4cd731ea6cc4b4c185527a1a48a,Ethereum mainnet (1),observed transaction participant,2026-10-06T23:41:23Z,see ledger; not an ownership attribution,,,transaction authority only; common beneficial ownership NOT ESTABLISHED,CONFIRMED,Role limited to independently reproduced transactions.
0xffd7a4656e6f44876d5c30da800686894e9d4ab3,Ethereum mainnet (1),observed transaction participant,2026-10-06T23:41:35Z,see ledger; not an ownership attribution,,,transaction authority only; common beneficial ownership NOT ESTABLISHED,CONFIRMED,Role limited to independently reproduced transactions.
0xc25c9880835ebb46a5777ac156e681eaa1e4a9a9,Ethereum mainnet (1),observed transaction participant,2026-10-07T00:02:47Z,see ledger; not an ownership attribution,,,transaction authority only; common beneficial ownership NOT ESTABLISHED,CONFIRMED,Role limited to independently reproduced transactions.
0x40763715b95add68342a982a8ec7859709b612bd,Ethereum mainnet (1),observed transaction participant,2026-10-07T00:03:11Z,see ledger; not an ownership attribution,,,transaction authority only; common beneficial ownership NOT ESTABLISHED,CONFIRMED,Role limited to independently reproduced transactions.
0x114e6c4f7d341aee968045c22548cbdc25c44a7a,Ethereum mainnet (1),observed transaction participant,2026-10-07T00:52:23Z,see ledger; not an ownership attribution,,,transaction authority only; common beneficial ownership NOT ESTABLISHED,CONFIRMED,Role limited to independently reproduced transactions.
0x3b749498a5155f0c5e603b2867d72f95786eee9a,Ethereum mainnet (1),observed transaction participant,2026-10-07T00:52:35Z,see ledger; not an ownership attribution,,,transaction authority only; common beneficial ownership NOT ESTABLISHED,CONFIRMED,Role limited to independently reproduced transactions.
0x40ac40f33d32a8ffd808cbbbf02524b6d834b811,Ethereum mainnet (1),observed transaction participant,2026-10-07T01:42:23Z,see ledger; not an ownership attribution,,,transaction authority only; common beneficial ownership NOT ESTABLISHED,CONFIRMED,Role limited to independently reproduced transactions.
0xc96ee7973e8ce2f5dc9be15bd1eda7eac1b19e68,Ethereum mainnet (1),observed transaction participant,2026-10-07T01:49:35Z,see ledger; not an ownership attribution,,,transaction authority only; common beneficial ownership NOT ESTABLISHED,CONFIRMED,Role limited to independently reproduced transactions.
0xaf533bf77e0f6774d9ab737e19a54daf2481e513,Ethereum mainnet (1),observed transaction participant,2026-10-07T01:51:35Z,see ledger; not an ownership attribution,,,transaction authority only; common beneficial ownership NOT ESTABLISHED,CONFIRMED,Role limited to independently reproduced transactions.
0xdb5f641f9b335f48c550cd7023c2268b70a76ec7,Ethereum mainnet (1),observed transaction participant,2026-10-07T01:59:11Z,see ledger; not an ownership attribution,,,transaction authority only; common beneficial ownership NOT ESTABLISHED,CONFIRMED,Role limited to independently reproduced transactions.
0x471d9d6c72eadf3c6f0537975c21f1f2eec6c7eb,Ethereum mainnet (1),observed transaction participant,2026-10-07T01:59:23Z,see ledger; not an ownership attribution,,,transaction authority only; common beneficial ownership NOT ESTABLISHED,CONFIRMED,Role limited to independently reproduced transactions.
0x31d114ea972f6121476df3e889cbad6c07380670,Ethereum mainnet (1),observed transaction participant,2026-10-07T01:59:35Z,see ledger; not an ownership attribution,,,transaction authority only; common beneficial ownership NOT ESTABLISHED,CONFIRMED,Role limited to independently reproduced transactions.
0x6457dae68e5c9b71620096622865761054da7641,Ethereum mainnet (1),observed transaction participant,2026-10-07T02:00:47Z,see ledger; not an ownership attribution,,,transaction authority only; common beneficial ownership NOT ESTABLISHED,CONFIRMED,Role limited to independently reproduced transactions.
0xec96957de4ececf24abd382090026e9b5c647405,Ethereum mainnet (1),observed transaction participant,2026-10-07T02:18:11Z,see ledger; not an ownership attribution,,,transaction authority only; common beneficial ownership NOT ESTABLISHED,CONFIRMED,Role limited to independently reproduced transactions.
0xf65954d6d6f877963bace359e44c1f01d3b11c2a,Ethereum (1),observed transaction participant,2026-10-06T20:19:35Z,see ledger; not an ownership attribution,F0128;,,transaction authority only; common beneficial ownership NOT ESTABLISHED,CONFIRMED,Role limited to independently reproduced transactions.
0x427c4b37de0714821b09c4fc655a713abbcfba83,Ethereum (1),observed transaction participant,2026-10-06T20:19:35Z,see ledger; not an ownership attribution,,,transaction authority only; common beneficial ownership NOT ESTABLISHED,CONFIRMED,Role limited to independently reproduced transactions.
0x5c7BCd6E7De5423a257D81B442095A1a6ced35C5,Ethereum (1),observed transaction participant,2026-10-06T23:40:11Z,see ledger; not an ownership attribution,F0129;F0130;F0131;F0132;F0133;F0134;F0135;F0136;F0137;,,transaction authority only; common beneficial ownership NOT ESTABLISHED,CONFIRMED,Role limited to independently reproduced transactions.
0x4216E5AE6021C523aae05B6Ac6824F3C096cf905,Ethereum (1),observed transaction participant,2026-10-06T23:55:23Z,see ledger; not an ownership attribution,F0138;F0139;F0140;F0141;F0142;F0143;F0144;F0145;F0146;F0147;F0148;F0149;F0150;F0151;,,transaction authority only; common beneficial ownership NOT ESTABLISHED,CONFIRMED,Role limited to independently reproduced transactions.
0x13afa986366ab4cd731ea6cc4b4c185527a1a48a,Ethereum (1),observed transaction participant,2026-10-06T23:42:47Z,see ledger; not an ownership attribution,F0152;,,transaction authority only; common beneficial ownership NOT ESTABLISHED,CONFIRMED,Role limited to independently reproduced transactions.
0x824a50d903e13661f879a1055c3eb64583a2cebe,Ethereum (1),observed transaction participant,2026-10-06T23:42:47Z,see ledger; not an ownership attribution,F0154;,,transaction authority only; common beneficial ownership NOT ESTABLISHED,CONFIRMED,Role limited to independently reproduced transactions.
0xffd7a4656e6f44876d5c30da800686894e9d4ab3,Ethereum (1),observed transaction participant,2026-10-06T23:43:23Z,see ledger; not an ownership attribution,F0153;,,transaction authority only; common beneficial ownership NOT ESTABLISHED,CONFIRMED,Role limited to independently reproduced transactions.
0x2625857ea267f4a1a150f6c9d6491b69d3bab324,Ethereum (1),observed transaction participant,2026-10-06T23:43:23Z,see ledger; not an ownership attribution,F0155;,,transaction authority only; common beneficial ownership NOT ESTABLISHED,CONFIRMED,Role limited to independently reproduced transactions.
0x7da9dc31a143452ab40d3a8fb670eb5cd43c7226,Ethereum (1),observed transaction participant,2026-10-06T23:43:59Z,see ledger; not an ownership attribution,,,transaction authority only; common beneficial ownership NOT ESTABLISHED,CONFIRMED,Role limited to independently reproduced transactions.
0x0b3e9b8c79a59832bdff3bc63ca6a1c024e658a0,Ethereum (1),observed transaction participant,2026-10-06T23:44:35Z,see ledger; not an ownership attribution,,,transaction authority only; common beneficial ownership NOT ESTABLISHED,CONFIRMED,Role limited to independently reproduced transactions.
0x3b749498a5155f0c5e603b2867d72f95786eee9a,Ethereum (1),observed transaction participant,2026-10-07T00:53:11Z,see ledger; not an ownership attribution,F0156;,,transaction authority only; common beneficial ownership NOT ESTABLISHED,CONFIRMED,Role limited to independently reproduced transactions.
0x4521ef4df51a7689d4db5d8fc598685cb226ff58,Ethereum (1),observed transaction participant,2026-10-07T00:53:11Z,see ledger; not an ownership attribution,,,transaction authority only; common beneficial ownership NOT ESTABLISHED,CONFIRMED,Role limited to independently reproduced transactions.
0x114e6c4f7d341aee968045c22548cbdc25c44a7a,Ethereum (1),observed transaction participant,2026-10-07T01:13:59Z,see ledger; not an ownership attribution,F0157;F0177;,,transaction authority only; common beneficial ownership NOT ESTABLISHED,CONFIRMED,Role limited to independently reproduced transactions.
0xbe8647262afcee826c55135e272eb13d81cade3f,Ethereum (1),observed transaction participant,2026-10-07T01:13:59Z,see ledger; not an ownership attribution,F0158;,,transaction authority only; common beneficial ownership NOT ESTABLISHED,CONFIRMED,Role limited to independently reproduced transactions.
0x2cff890f0378a11913b6129b2e97417a2c302680,Ethereum (1),observed transaction participant,2026-10-07T01:14:59Z,see ledger; not an ownership attribution,,,transaction authority only; common beneficial ownership NOT ESTABLISHED,CONFIRMED,Role limited to independently reproduced transactions.
0xc25c9880835ebb46a5777ac156e681eaa1e4a9a9,Ethereum (1),observed transaction participant,2026-10-07T01:21:47Z,see ledger; not an ownership attribution,F0159;,,transaction authority only; common beneficial ownership NOT ESTABLISHED,CONFIRMED,Role limited to independently reproduced transactions.
0x4bf5bb54c43e3addc3f62ab5ec943e16f3806ad0,Ethereum (1),observed transaction participant,2026-10-07T01:21:47Z,see ledger; not an ownership attribution,,,transaction authority only; common beneficial ownership NOT ESTABLISHED,CONFIRMED,Role limited to independently reproduced transactions.
0x40763715b95add68342a982a8ec7859709b612bd,Ethereum (1),observed transaction participant,2026-10-07T01:32:47Z,see ledger; not an ownership attribution,F0160;,,transaction authority only; common beneficial ownership NOT ESTABLISHED,CONFIRMED,Role limited to independently reproduced transactions.
0x1d68935c108b380cbb86198b002bc4d4a13c89f2,Ethereum (1),observed transaction participant,2026-10-07T01:32:47Z,see ledger; not an ownership attribution,,,transaction authority only; common beneficial ownership NOT ESTABLISHED,CONFIRMED,Role limited to independently reproduced transactions.
0x40ac40f33d32a8ffd808cbbbf02524b6d834b811,Ethereum (1),observed transaction participant,2026-10-07T01:43:35Z,see ledger; not an ownership attribution,F0161;F0163;,,transaction authority only; common beneficial ownership NOT ESTABLISHED,CONFIRMED,Role limited to independently reproduced transactions.
0x9cb119168265469a849e1864c87a57999a4bc01f,Ethereum (1),observed transaction participant,2026-10-07T01:43:35Z,see ledger; not an ownership attribution,F0162;,,transaction authority only; common beneficial ownership NOT ESTABLISHED,CONFIRMED,Role limited to independently reproduced transactions.
0x1231deb6f5749ef6ce6943a275a1d3e7486f4eae,Ethereum (1),observed transaction participant,2026-10-07T01:44:47Z,see ledger; not an ownership attribution,,Relay matched deposit/fill,transaction authority only; common beneficial ownership NOT ESTABLISHED,CONFIRMED,Role limited to independently reproduced transactions.
0xd7efd720adf271b7173dd01a9b81668892bee6b1,Ethereum (1),observed transaction participant,2026-10-07T01:47:59Z,see ledger; not an ownership attribution,F0164;,Relay matched deposit/fill,transaction authority only; common beneficial ownership NOT ESTABLISHED,CONFIRMED,Role limited to independently reproduced transactions.
0xc96ee7973e8ce2f5dc9be15bd1eda7eac1b19e68,Ethereum (1),observed transaction participant,2026-10-07T01:51:11Z,see ledger; not an ownership attribution,F0165;,,transaction authority only; common beneficial ownership NOT ESTABLISHED,CONFIRMED,Role limited to independently reproduced transactions.
0x68d6e20a28f9d50ebf798ccf9fae9e3d5e4f1ac4,Ethereum (1),observed transaction participant,2026-10-07T01:51:11Z,see ledger; not an ownership attribution,F0166;,Relay matched deposit/fill,transaction authority only; common beneficial ownership NOT ESTABLISHED,CONFIRMED,Role limited to independently reproduced transactions.
0xaf533bf77e0f6774d9ab737e19a54daf2481e513,Ethereum (1),observed transaction participant,2026-10-07T01:53:59Z,see ledger; not an ownership attribution,F0167;,,transaction authority only; common beneficial ownership NOT ESTABLISHED,CONFIRMED,Role limited to independently reproduced transactions.
0x888795f84f5f81352a7639f1254662ae5897e223,Ethereum (1),observed transaction participant,2026-10-07T01:53:59Z,see ledger; not an ownership attribution,F0168;,Relay matched deposit/fill,transaction authority only; common beneficial ownership NOT ESTABLISHED,CONFIRMED,Role limited to independently reproduced transactions.
0xdb5f641f9b335f48c550cd7023c2268b70a76ec7,Ethereum (1),observed transaction participant,2026-10-07T02:00:59Z,see ledger; not an ownership attribution,F0169;,,transaction authority only; common beneficial ownership NOT ESTABLISHED,CONFIRMED,Role limited to independently reproduced transactions.
0xa3ca6199d8692ec40d0287e615b48d0e8cde9abe,Ethereum (1),observed transaction participant,2026-10-07T02:00:59Z,see ledger; not an ownership attribution,F0170;,,transaction authority only; common beneficial ownership NOT ESTABLISHED,CONFIRMED,Role limited to independently reproduced transactions.
0x471d9d6c72eadf3c6f0537975c21f1f2eec6c7eb,Ethereum (1),observed transaction participant,2026-10-07T02:07:11Z,see ledger; not an ownership attribution,F0171;,,transaction authority only; common beneficial ownership NOT ESTABLISHED,CONFIRMED,Role limited to independently reproduced transactions.
0x4079067aa1bdff060c6c45155966d81c79e754e9,Ethereum (1),observed transaction participant,2026-10-07T02:07:11Z,see ledger; not an ownership attribution,F0172;,Relay matched deposit/fill,transaction authority only; common beneficial ownership NOT ESTABLISHED,CONFIRMED,Role limited to independently reproduced transactions.
0x31d114ea972f6121476df3e889cbad6c07380670,Ethereum (1),observed transaction participant,2026-10-07T02:11:35Z,see ledger; not an ownership attribution,F0173;,,transaction authority only; common beneficial ownership NOT ESTABLISHED,CONFIRMED,Role limited to independently reproduced transactions.
0x68b3a77db46418905c7eaf63324d4adcce06a680,Ethereum (1),observed transaction participant,2026-10-07T02:11:35Z,see ledger; not an ownership attribution,F0174;,Relay matched deposit/fill,transaction authority only; common beneficial ownership NOT ESTABLISHED,CONFIRMED,Role limited to independently reproduced transactions.
0x6457dae68e5c9b71620096622865761054da7641,Ethereum (1),observed transaction participant,2026-10-07T02:16:23Z,see ledger; not an ownership attribution,F0175;,,transaction authority only; common beneficial ownership NOT ESTABLISHED,CONFIRMED,Role limited to independently reproduced transactions.
0xd9249de6224382ce7791600d1d1f9e5fdf633abb,Ethereum (1),observed transaction participant,2026-10-07T02:16:23Z,see ledger; not an ownership attribution,F0176;,Relay matched deposit/fill,transaction authority only; common beneficial ownership NOT ESTABLISHED,CONFIRMED,Role limited to independently reproduced transactions.
0xd8d06aecfb5de45d0dcb655de57650d0231b0ef5,Ethereum (1),observed transaction participant,2026-10-07T02:17:47Z,see ledger; not an ownership attribution,F0178;,,transaction authority only; common beneficial ownership NOT ESTABLISHED,CONFIRMED,Role limited to independently reproduced transactions.
0xec96957de4ececf24abd382090026e9b5c647405,Ethereum (1),observed transaction participant,2026-10-07T02:19:11Z,see ledger; not an ownership attribution,F0179;,,transaction authority only; common beneficial ownership NOT ESTABLISHED,CONFIRMED,Role limited to independently reproduced transactions.
0x3e2d81f7a5659e4760ba929ef88eed40ef6640a1,Ethereum (1),observed transaction participant,2026-10-07T02:19:11Z,see ledger; not an ownership attribution,F0180;,,transaction authority only; common beneficial ownership NOT ESTABLISHED,CONFIRMED,Role limited to independently reproduced transactions.
0xf70da97812cb96acdf810712aa562db8dfa3dbef,Arbitrum (42161),observed transaction participant,2026-10-07T01:49:25Z,see ledger; not an ownership attribution,F0181;F0182;F0183;F0184;F0186;,Relay matched deposit/fill,transaction authority only; common beneficial ownership NOT ESTABLISHED,CONFIRMED,Role limited to independently reproduced transactions.
0xd7efd720adf271b7173dd01a9b81668892bee6b1,Arbitrum (42161),observed transaction participant,2026-10-07T01:49:25Z,see ledger; not an ownership attribution,,Relay matched deposit/fill,transaction authority only; common beneficial ownership NOT ESTABLISHED,CONFIRMED,Role limited to independently reproduced transactions.
0x68d6e20a28f9d50ebf798ccf9fae9e3d5e4f1ac4,Arbitrum (42161),observed transaction participant,2026-10-07T01:52:37Z,see ledger; not an ownership attribution,,Relay matched deposit/fill,transaction authority only; common beneficial ownership NOT ESTABLISHED,CONFIRMED,Role limited to independently reproduced transactions.
0x888795f84f5f81352a7639f1254662ae5897e223,Arbitrum (42161),observed transaction participant,2026-10-07T01:55:49Z,see ledger; not an ownership attribution,,Relay matched deposit/fill,transaction authority only; common beneficial ownership NOT ESTABLISHED,CONFIRMED,Role limited to independently reproduced transactions.
0x4079067aa1bdff060c6c45155966d81c79e754e9,Arbitrum (42161),observed transaction participant,2026-10-07T02:09:13Z,see ledger; not an ownership attribution,,Relay matched deposit/fill,transaction authority only; common beneficial ownership NOT ESTABLISHED,CONFIRMED,Role limited to independently reproduced transactions.
0x0000000000000000000000000000000000000000,Arbitrum (42161),observed transaction participant,2026-10-07T02:13:25Z,see ledger; not an ownership attribution,F0185;,Relay matched deposit/fill,transaction authority only; common beneficial ownership NOT ESTABLISHED,CONFIRMED,Role limited to independently reproduced transactions.
0x68b3a77db46418905c7eaf63324d4adcce06a680,Arbitrum (42161),observed transaction participant,2026-10-07T02:13:25Z,see ledger; not an ownership attribution,,Relay matched deposit/fill,transaction authority only; common beneficial ownership NOT ESTABLISHED,CONFIRMED,Role limited to independently reproduced transactions.
0xd9249de6224382ce7791600d1d1f9e5fdf633abb,Arbitrum (42161),observed transaction participant,2026-10-07T02:17:49Z,see ledger; not an ownership attribution,,Relay matched deposit/fill,transaction authority only; common beneficial ownership NOT ESTABLISHED,CONFIRMED,Role limited to independently reproduced transactions.
