id,påstand,status,kommentar
NWI-001,"Strukturelt oljekorrigert underskudd 2001: ca. 15,5 mrd. kroner","CONFIRMED","Historisk finanspolitisk baseline"
NWI-002,"Strukturelt oljekorrigert underskudd 2025: 534,2 mrd. kroner","CONFIRMED","Budsjettårgang; senere revisjoner mulig"
NWI-003,"Strukturelt oljekorrigert underskudd som andel av SPU i 2025: 2,7 %","CONFIRMED","Finanspolitisk kontekst"
NWI-004,"Foreslått strukturelt oljekorrigert underskudd 2026: 579,4 mrd. kroner","CONFIRMED","Nasjonalbudsjettall"
NWI-005,"Kommunale formålsbygg 2025: 27,67 mill. m²","CONFIRMED","SSB-baseline"
NWI-006,"Leide kommunale formålsbygg 2025: 1,40 mill. m²","CONFIRMED","SSB-baseline"
NWI-007,"Avledet eid kommunalt areal: ca. 26,27 mill. m²","DERIVED","Total minus leid"
NWI-008,"Kommunale vedlikeholdsaktiviteter 2025: ca. 3,70 mrd. kroner","CONFIRMED","Regnskapskategori, ikke alt livsløpsvedlikehold"
NWI-009,"Kommunale brutto bygningsinvesteringer 2025: ca. 30,28 mrd. kroner","CONFIRMED","Inneholder flere investeringstyper"
NWI-010,"Avledet kommunalt vedlikehold per eid m²: ca. 141 kr","DERIVED","Sammenligningsindikator, ikke norm"
NWI-011,"Fylkeskommunale formålsbygg 2025: ca. 5,02 mill. m²","CONFIRMED","SSB-baseline"
NWI-012,"Leide fylkeskommunale formålsbygg: ca. 0,63 mill. m²","CONFIRMED","SSB-baseline"
NWI-013,"Fylkeskommunalt vedlikehold 2025: ca. 0,63 mrd. kroner","CONFIRMED","Regnskapskategori"
NWI-014,"Fylkeskommunale brutto bygningsinvesteringer 2025: ca. 5,69 mrd. kroner","CONFIRMED","Inneholder flere investeringstyper"
NWI-015,"RIF anslår 168 mrd. kroner i oppgraderingsbehov for kommunale/fylkeskommunale bygg","CONFIRMED","Eksternt bransjeestimat, ikke budsjettvedtak"
NWI-016,"RIF gir kommunale/fylkeskommunale bygg tilstandsgrad 3 av 5","CONFIRMED","RIF-metode"
NWI-017,"RIFs implisitte gjennomsnittskostnad for kommunale/fylkeskommunale bygg: ca. 6500 kr/m²","CONFIRMED","Gjennomsnitt, ikke universell sats"
NWI-018,"RIF anslår 67 mrd. kroner i sykehusoppgradering","CONFIRMED","Overlap med planlagte prosjekter uløst"
NWI-019,"RIF gir sykehus tilstandsgrad 3 av 5","CONFIRMED","Teknisk tilstand"
NWI-020,"47 % av sykehusarealet vurderes som utilfredsstillende teknisk","CONFIRMED","RIF-porteføljevurdering"
NWI-021,"11 % av sykehusarealet vurderes som svært dårlig","CONFIRMED","RIF-porteføljevurdering"
NWI-022,"RIFs implisitte sykehuskostnad: ca. 15 000 kr/m²","CONFIRMED","Gjennomsnitt"
NWI-023,"Norge PISA matematikk 2025: 452","CONFIRMED","Resultatkontekst"
NWI-024,"OECD-gjennomsnitt matematikk 2025: 463","CONFIRMED","Sammenligningsgrunnlag"
NWI-025,"Norge PISA lesing 2025: 453","CONFIRMED","Resultatkontekst"
NWI-026,"Norge PISA naturfag 2025: 470","CONFIRMED","Resultatkontekst"
NWI-027,"Under nivå 2 i matematikk 2025: 38 %","CONFIRMED","Resultatmål"
NWI-028,"Under nivå 2 i lesing 2025: 34 %","CONFIRMED","Resultatmål"
NWI-029,"Under nivå 2 i naturfag 2025: 29 %","CONFIRMED","Resultatmål"
NWI-030,"Under nivå 2 i matematikk 2015: 17 %","CONFIRMED","Trendbase"
NWI-031,"Under nivå 2 i lesing 2015: 15 %","CONFIRMED","Trendbase"
NWI-032,"Under nivå 2 i naturfag 2015: 19 %","CONFIRMED","Trendbase"
NWI-033,"80+-befolkningen mer enn dobles fram mot 2050","CONFIRMED","SSB-framskrivning"
NWI-034,"80+ utgjør rundt 5 % av befolkningen i 2026","CONFIRMED","Avrundet baseline"
NWI-035,"80+ anslås til 9,5 % av befolkningen i 2050","CONFIRMED","SSB hovedalternativ"
NWI-036,"90+-befolkningen nesten tredobles fram mot 2050","CONFIRMED","SSB-framskrivning"
NWI-037,"65+ blir flere enn 0–19-åringer tidlig på 2030-tallet","CONFIRMED","SSB-framskrivning"
NWI-038,"Norges befolkning i hovedalternativet 2050: ca. 6,21 mill.","CONFIRMED","Demografisk kontekst"
NWI-039,"Utsatt livsløpsvedlikehold bidrar vesentlig til etterslepet","SUPPORTED","Bidrag støttet; størrelse ikke isolert"
NWI-040,"Norge har sluttet å investere i offentlige bygg","CONTRADICTED","Dagens investeringsdata motsier generell påstand"
NWI-041,"Dårlige skolebygg forårsaket PISA-fallet","NOT ESTABLISHED","Ingen nasjonal kausal identifikasjon"
NWI-042,"Hele etterslepet skyldes utsatt vedlikehold","NOT SUPPORTED","Alder, standarder, funksjon og kapasitet bidrar også"
NWI-043,"Planlagte sykehusinvesteringer kan trekkes én-til-én fra RIF-etterslepet","CONTRADICTED","Prosjektporteføljene har blandet formål"
NWI-044,"Framtidig eldreomsorgskapasitet må skilles fra restaurering","SUPPORTED","Demografisk vekst er ikke vedlikeholdsetterslep"
NWI-045,"250 mrd. kroner er dokumentert behov","NOT ESTABLISHED","Ingen bottom-up beregning avsluttes eksakt på 250"
NWI-046,"250 mrd. kroner som maksimal planleggingsramme","MODELLED","Stresstesttak, ikke utgiftsmål"
NWI-047,"Skoler: modellert arbeidsramme 70 mrd. kroner","MODELLED","Ikke bekreftet behov"
NWI-048,"Sykehus: modellert arbeidsramme 45 mrd. kroner","MODELLED","Ikke bekreftet behov"
NWI-049,"Omsorgsbygg: modellert arbeidsramme 20 mrd. kroner","MODELLED","Ikke bekreftet behov"
NWI-050,"Ny eldreomsorgskapasitet: modellert arbeidsramme 50 mrd. kroner","MODELLED","Ikke bekreftet behov"
NWI-051,"Utstyr og teknisk modernisering: 10 mrd. kroner","MODELLED","Arbeidsramme"
NWI-052,"Reserve og demografi: 55 mrd. kroner","MODELLED","Restpost i maksimumsrammen"
NWI-053,"Direkte statlig kapitalandel: 55 %","MODELLED","Scenario, ikke anbefaling"
NWI-054,"Statlige investeringslån/helsemekanismer: 25 %","MODELLED","Scenario"
NWI-055,"Kommunale lån med rentekompensasjon: 15 %","MODELLED","Scenario"
NWI-056,"Lokal/fylkeskommunal egenandel: 5 %","MODELLED","Scenario"
NWI-057,"Byggekostnadsstresstest: +20 %","MODELLED","Uendret omfang ville gi ca. 300 mrd. brutto"
NWI-058,"Ledig rom under handlingsregelen er tilstrekkelig finansieringsstrategi","CONTRADICTED","Fondsverdi og makroforhold varierer"
NWI-059,"Eksakt inkrementelt finansieringsbehov","UNRESOLVED","Krever baseline-fradrag prosjekt for prosjekt"
NWI-060,"Eksakt sykehus-overlap","UNRESOLVED","Krever matching mot teknisk etterslep"
NWI-061,"Eksakt skole-overlap","UNRESOLVED","Eksisterende ordninger matcher ikke rent"
NWI-062,"Optimal miks av sykehjem, omsorgsbolig og hjemmetjenester","UNRESOLVED","Tjenestemodell påvirker kapitalbehov"
NWI-063,"Universell livsløpsvedlikeholdsnorm","UNRESOLVED","Én sats passer ikke alle bygg"
NWI-064,"Ikke finansier restaurering uten å finansiere bevaring","SUPPORTED","Kjerneprinsipp"
NWI-065,"Norsk samlet PISA-eksklusjonsrate 2025: 10,4 %","CONFIRMED","Datakvalitetsforbehold"
NWI-066,"Norsk samlet PISA-eksklusjonsrate 2022: 7,3 %","CONFIRMED","Sammenligning"
NWI-067,"3,7 mrd. vedlikehold mot 30,3 mrd. investering måler direkte vedlikeholdsgapet","NOT ESTABLISHED","KOSTRA-klassifisering gjør tolkningen sensitiv"
NWI-068,"RIF er bransjeforening for rådgivende ingeniørbedrifter","CONFIRMED","Kildekontekst"
NWI-069,"Brutto restaureringskjerne: 167–192 mrd. kroner","DERIVED","Skole + sykehus + eksisterende omsorgsbygg"
NWI-070,"Behov for ca. 18 000 flere heldøgnsplasser innen 2035","CONFIRMED","Framtidig kapasitet"
NWI-071,"Husbanken maks godkjent anleggskostnad utenfor pressområder: 4,272 mill. kroner","CONFIRMED","Skala-input"
NWI-072,"Husbanken maks godkjent anleggskostnad i pressområder: 4,886 mill. kroner","CONFIRMED","Skala-input"
NWI-073,"Ren skala for 18 000 plasser: 76,9–87,9 mrd. kroner","DERIVED","Ikke prognose for statlig kostnad"
NWI-074,"Full brutto skala: 249–290 mrd. kroner","DERIVED","Før baseline-fradrag"
NWI-075,"Jevnt tiårsgjennomsnitt ved 250 mrd.: 25 mrd. kroner årlig","DERIVED","Faktisk bane blir ikke nødvendigvis jevn"
NWI-076,"Revidert 2026: strukturelt oljekorrigert underskudd 579 mrd. kroner","CONFIRMED","Makroreferanse"
NWI-077,"Revidert 2026: underskuddet utgjør 12,6 % av trend-BNP","CONFIRMED","Makroreferanse"
NWI-078,"25 mrd. årlig tilsvarer ca. 0,54 % av trend-BNP","DERIVED","Skalasammenligning"
NWI-079,"25 mrd. årlig tilsvarer ca. 4,3 % av 2026-underskuddet","DERIVED","Skalasammenligning"
NWI-080,"Modellert direkte statlig kapital: 13,75 mrd. kroner årlig","MODELLED","Basert på 55 % scenario"
NWI-081,"13,75 mrd. tilsvarer ca. 0,30 % av trend-BNP","DERIVED","Skalasammenligning"
NWI-082,"Nasjonal og lokal knapphet er gjensidig utelukkende forklaringer","CONTRADICTED","Sterk statlig balanse kan sameksistere med lokale begrensninger"
