id,claim,value_or_range,period,source,source_type,evidence_type,status,uncertainty,used_for
NWI-001,"Structural non-oil deficit",15.473bn NOK,2001,https://www.regjeringen.no/no/dokumenter/meld.-st.-1-20252026/id3123808/?ch=8,"Ministry of Finance","OBSERVED","CONFIRMED","Historical series may be revised methodologically","Historical fiscal baseline"
NWI-002,"Structural non-oil deficit",534.2bn NOK,2025,https://www.regjeringen.no/en/documents/meld.-st.-1-2025-2026/id3126584/?ch=3,"Ministry of Finance","OBSERVED","CONFIRMED","Budget-vintage figure; later revisions possible","Historical fiscal baseline"
NWI-003,"Structural non-oil deficit as share of GPFG",2.7%,2025,https://www.regjeringen.no/en/documents/meld.-st.-1-2025-2026/id3126584/?ch=3,"Ministry of Finance","OBSERVED","CONFIRMED","Uses GPFG value at beginning of year","Fiscal context"
NWI-004,"Proposed structural non-oil deficit",579.4bn NOK,2026,https://www.regjeringen.no/en/documents/meld.-st.-1-2025-2026/id3126584/?ch=3,"Ministry of Finance","OBSERVED","CONFIRMED","National Budget proposal; not a permanent entitlement","Fiscal context"
NWI-005,"Municipal purpose-built property",27674396 m2,2025,https://www.ssb.no/offentlig-sektor/offentlig-forvaltning/statistikk/eiendomsforvaltning-i-kommunesektoren,"Statistics Norway","OBSERVED","CONFIRMED","Selected municipal purpose-built properties","Asset baseline"
NWI-006,"Rented municipal purpose-built property",1403749 m2,2025,https://www.ssb.no/offentlig-sektor/offentlig-forvaltning/statistikk/eiendomsforvaltning-i-kommunesektoren,"Statistics Norway","OBSERVED","CONFIRMED","Subset of total purpose-built property","Asset baseline"
NWI-007,"Derived owned municipal purpose-built property",26270647 m2,2025,https://www.ssb.no/offentlig-sektor/offentlig-forvaltning/statistikk/eiendomsforvaltning-i-kommunesektoren,"Derived from SSB","DERIVED","DERIVED","Total minus rented; not official SSB indicator","Maintenance comparison"
NWI-008,"Municipal maintenance activities expenditure",3.702087bn NOK,2025,https://www.ssb.no/offentlig-sektor/offentlig-forvaltning/statistikk/eiendomsforvaltning-i-kommunesektoren,"Statistics Norway","OBSERVED","CONFIRMED","Accounting category; not equal to all lifecycle preservation expenditure","Maintenance baseline"
NWI-009,"Municipal gross building investment",30.282280bn NOK,2025,https://www.ssb.no/offentlig-sektor/offentlig-forvaltning/statistikk/eiendomsforvaltning-i-kommunesektoren,"Statistics Norway","OBSERVED","CONFIRMED","Includes multiple investment purposes","Investment baseline"
NWI-010,"Derived municipal maintenance per owned m2",~141 NOK/m2,2025,https://www.ssb.no/offentlig-sektor/offentlig-forvaltning/statistikk/eiendomsforvaltning-i-kommunesektoren,"Derived from SSB","DERIVED","DERIVED","Comparison indicator only; not a recommended norm","Lifecycle-maintenance analysis"
NWI-011,"County purpose-built property",5017171 m2,2025,https://www.ssb.no/offentlig-sektor/offentlig-forvaltning/statistikk/eiendomsforvaltning-i-kommunesektoren,"Statistics Norway","OBSERVED","CONFIRMED","Selected county properties","Asset baseline"
NWI-012,"County rented purpose-built property",629838 m2,2025,https://www.ssb.no/offentlig-sektor/offentlig-forvaltning/statistikk/eiendomsforvaltning-i-kommunesektoren,"Statistics Norway","OBSERVED","CONFIRMED","Subset of total county property","Asset baseline"
NWI-013,"County maintenance activities expenditure",0.631544bn NOK,2025,https://www.ssb.no/offentlig-sektor/offentlig-forvaltning/statistikk/eiendomsforvaltning-i-kommunesektoren,"Statistics Norway","OBSERVED","CONFIRMED","Accounting category","Maintenance baseline"
NWI-014,"County gross building investment",5.692556bn NOK,2025,https://www.ssb.no/offentlig-sektor/offentlig-forvaltning/statistikk/eiendomsforvaltning-i-kommunesektoren,"Statistics Norway","OBSERVED","CONFIRMED","Includes multiple investment purposes","Investment baseline"
NWI-015,"Upgrade need for municipal and county buildings",168bn NOK,2025,https://rif.no/norges_tilstand.pdf,"RIF Norges tilstand 2025","EXTERNAL ESTIMATE","CONFIRMED","RIF estimate to condition grade 4; not a budget appropriation","Gross need"
NWI-016,"Municipal/county buildings condition grade",3 of 5,2025,https://rif.no/norges_tilstand.pdf,"RIF Norges tilstand 2025","EXTERNAL ASSESSMENT","CONFIRMED","RIF methodology","Condition baseline"
NWI-017,"RIF implied municipal/county upgrade cost",6500 NOK/m2,2025,https://rif.no/norges_tilstand.pdf,"RIF Norges tilstand 2025","EXTERNAL ESTIMATE","CONFIRMED","Average estimate; not uniform across building types","Need model"
NWI-018,"Hospital upgrade need",67bn NOK,2025,https://rif.no/norges_tilstand.pdf,"RIF Norges tilstand 2025","EXTERNAL ESTIMATE","CONFIRMED","RIF estimate to condition grade 4; overlap with planned investment unresolved","Gross hospital need"
NWI-019,"Hospital condition grade",3 of 5,2025,https://rif.no/norges_tilstand.pdf,"RIF Norges tilstand 2025","EXTERNAL ASSESSMENT","CONFIRMED","RIF describes weak grade 3 and negative outlook","Condition baseline"
NWI-020,"Hospital building area in unsatisfactory technical condition",47%,2025,https://rif.no/norges_tilstand.pdf,"RIF Norges tilstand 2025","EXTERNAL ASSESSMENT","CONFIRMED","RIF portfolio assessment","Hospital condition"
NWI-021,"Hospital building area in very poor condition",11%,2025,https://rif.no/norges_tilstand.pdf,"RIF Norges tilstand 2025","EXTERNAL ASSESSMENT","CONFIRMED","RIF portfolio assessment","Hospital condition"
NWI-022,"Hospital implied upgrade cost",15000 NOK/m2,2025,https://rif.no/norges_tilstand.pdf,"RIF Norges tilstand 2025","EXTERNAL ESTIMATE","CONFIRMED","Average estimate","Hospital need model"
NWI-023,"Norway PISA mathematics score",452,2025,https://www.udir.no/tall-og-forskning/finn-forskning/rapporter/2026/pisa-2025-kompetanse-naturfag-lesing-matematikk/,"Norwegian Directorate for Education and Training","OBSERVED","CONFIRMED","International assessment; not infrastructure metric","Education outcome context"
NWI-024,"OECD PISA mathematics average",463,2025,https://www.udir.no/tall-og-forskning/finn-forskning/rapporter/2026/pisa-2025-kompetanse-naturfag-lesing-matematikk/,"Norwegian Directorate for Education and Training","OBSERVED","CONFIRMED","Reported OECD comparison","Education outcome context"
NWI-025,"Norway PISA reading score",453,2025,https://www.udir.no/tall-og-forskning/finn-forskning/rapporter/2026/pisa-2025-kompetanse-naturfag-lesing-matematikk/,"Norwegian Directorate for Education and Training","OBSERVED","CONFIRMED","International assessment","Education outcome context"
NWI-026,"Norway PISA science score",470,2025,https://www.udir.no/tall-og-forskning/finn-forskning/rapporter/2026/pisa-2025-kompetanse-naturfag-lesing-matematikk/,"Norwegian Directorate for Education and Training","OBSERVED","CONFIRMED","International assessment","Education outcome context"
NWI-027,"Students below PISA level 2 in mathematics",38%,2025,https://www.udir.no/tall-og-forskning/finn-forskning/rapporter/2026/pisa-2025-kompetanse-naturfag-lesing-matematikk/,"Norwegian Directorate for Education and Training","OBSERVED","CONFIRMED","Outcome measure only","Education outcome context"
NWI-028,"Students below PISA level 2 in reading",34%,2025,https://www.udir.no/tall-og-forskning/finn-forskning/rapporter/2026/pisa-2025-kompetanse-naturfag-lesing-matematikk/,"Norwegian Directorate for Education and Training","OBSERVED","CONFIRMED","Outcome measure only","Education outcome context"
NWI-029,"Students below PISA level 2 in science",29%,2025,https://www.udir.no/tall-og-forskning/finn-forskning/rapporter/2026/pisa-2025-kompetanse-naturfag-lesing-matematikk/,"Norwegian Directorate for Education and Training","OBSERVED","CONFIRMED","Outcome measure only","Education outcome context"
NWI-030,"Students below level 2 in mathematics",17%,2015,https://www.udir.no/tall-og-forskning/finn-forskning/rapporter/2026/pisa-2025-kompetanse-naturfag-lesing-matematikk/,"Norwegian Directorate for Education and Training","OBSERVED","CONFIRMED","Comparator year","Education trend"
NWI-031,"Students below level 2 in reading",15%,2015,https://www.udir.no/tall-og-forskning/finn-forskning/rapporter/2026/pisa-2025-kompetanse-naturfag-lesing-matematikk/,"Norwegian Directorate for Education and Training","OBSERVED","CONFIRMED","Comparator year","Education trend"
NWI-032,"Students below level 2 in science",19%,2015,https://www.udir.no/tall-og-forskning/finn-forskning/rapporter/2026/pisa-2025-kompetanse-naturfag-lesing-matematikk/,"Norwegian Directorate for Education and Training","OBSERVED","CONFIRMED","Comparator year","Education trend"
NWI-033,"80+ population more than doubles by 2050",">2x",2026-2050,https://www.ssb.no/befolkning/befolkningsframskrivinger/artikler/nasjonale-befolkningsframskrivinger-2026,"Statistics Norway projections","PROJECTED","CONFIRMED","Depends on projection assumptions","Future capacity"
NWI-034,"80+ share of population",~5%,2026,https://www.ssb.no/befolkning/befolkningsframskrivinger/artikler/nasjonale-befolkningsframskrivinger-2026,"Statistics Norway projections","OBSERVED/PROJECTED BASE","CONFIRMED","Rounded value","Demographic baseline"
NWI-035,"80+ share of population",9.5%,2050,https://www.ssb.no/befolkning/befolkningsframskrivinger/artikler/nasjonale-befolkningsframskrivinger-2026,"Statistics Norway projections","PROJECTED","CONFIRMED","Main projection assumptions","Future capacity"
NWI-036,"90+ population nearly triples by 2050","~3x",2026-2050,https://www.ssb.no/befolkning/befolkningsframskrivinger/artikler/nasjonale-befolkningsframskrivinger-2026,"Statistics Norway projections","PROJECTED","CONFIRMED","Depends on projection assumptions","Future capacity"
NWI-037,"65+ population exceeds 0-19 population","early 2030s",2026 projection,https://www.ssb.no/befolkning/befolkningsframskrivinger/artikler/nasjonale-befolkningsframskrivinger-2026,"Statistics Norway projections","PROJECTED","CONFIRMED","Main projection","Future capacity"
NWI-038,"Norway 2050 population in main projection",6214071,2050,https://www.ssb.no/befolkning/befolkningsframskrivinger/statistikk/nasjonale-befolkningsframskrivinger/,"Statistics Norway projections","PROJECTED","CONFIRMED","MMM main alternative","Demographic context"
NWI-039,"Deferred lifecycle maintenance contributes materially to backlog","n/a",2001-2025,"Multiple sources; see sources.md","Synthesis","SYNTHESISED","SUPPORTED","Contribution supported; magnitude not isolated","Causal model"
NWI-040,"Norway stopped investing in public buildings","n/a",current,https://www.ssb.no/offentlig-sektor/offentlig-forvaltning/statistikk/eiendomsforvaltning-i-kommunesektoren,"Statistics Norway","TESTED CLAIM","CONTRADICTED","Broad claim contradicted by current investment data","Contradiction log"
NWI-041,"Poor school buildings caused the national PISA decline","n/a",2015-2025,"Udir + infrastructure evidence","Synthesis","CAUSAL CLAIM","NOT ESTABLISHED","No national causal identification","Contradiction log"
NWI-042,"All current infrastructure backlog comes from deferred maintenance","n/a",current,"Multiple sources","Synthesis","CAUSAL CLAIM","NOT SUPPORTED","Aging, standards, functional change and capacity also matter","Causal model"
NWI-043,"Existing hospital investment can be deducted one-for-one from RIF backlog","n/a",2026-2029,"Hospital investment plans + RIF","Synthesis","TESTED CLAIM","CONTRADICTED","Project portfolios mix expansion, replacement, rehabilitation, equipment and ICT","Baseline subtraction"
NWI-044,"Future elderly-care capacity must be separated from restoration","n/a",2027-2050,https://www.ssb.no/befolkning/befolkningsframskrivinger/artikler/nasjonale-befolkningsframskrivinger-2026,"Synthesis","SYNTHESISED","SUPPORTED","Demographic expansion is not maintenance backlog","Programme design"
NWI-045,"NOK 250bn is a demonstrated spending need",250bn NOK,2027-2036,"NPCsignals model","Model","TESTED CLAIM","NOT ESTABLISHED","No bottom-up evidence closes at exactly 250bn","Programme design"
NWI-046,"NOK 250bn maximum planning envelope",250bn NOK,2027-2036,"NPCsignals model","Model","MODELLED","MODELLED","Ceiling used for stress testing only","Programme design"
NWI-047,"School restoration working allocation",70bn NOK,2027-2036,"NPCsignals model","Model","MODELLED","MODELLED","Not a confirmed sector need","Programme design"
NWI-048,"Hospital restoration/replacement working allocation",45bn NOK,2027-2036,"NPCsignals model","Model","MODELLED","MODELLED","Not a confirmed sector need","Programme design"
NWI-049,"Care-building restoration working allocation",20bn NOK,2027-2036,"NPCsignals model","Model","MODELLED","MODELLED","Not a confirmed sector need","Programme design"
NWI-050,"New elderly-care capacity working allocation",50bn NOK,2027-2036,"NPCsignals model","Model","MODELLED","MODELLED","Not a confirmed sector need","Programme design"
NWI-051,"Equipment and technical modernisation working allocation",10bn NOK,2027-2036,"NPCsignals model","Model","MODELLED","MODELLED","Not a confirmed sector need","Programme design"
NWI-052,"Contingency and demographic reserve",55bn NOK,2027-2036,"NPCsignals model","Model","MODELLED","MODELLED","Residual maximum envelope reserve","Programme design"
NWI-053,"Direct state capital share",55%,2027-2036,"NPCsignals financing scenario","Model","MODELLED","MODELLED","Scenario, not recommendation","Financing stress test"
NWI-054,"State investment loans / health mechanisms share",25%,2027-2036,"NPCsignals financing scenario","Model","MODELLED","MODELLED","Scenario, not recommendation","Financing stress test"
NWI-055,"Municipal borrowing with state interest compensation share",15%,2027-2036,"NPCsignals financing scenario","Model","MODELLED","MODELLED","Scenario, not recommendation","Financing stress test"
NWI-056,"Local/county co-financing share",5%,2027-2036,"NPCsignals financing scenario","Model","MODELLED","MODELLED","Scenario, not recommendation","Financing stress test"
NWI-057,"Construction-cost stress test",+20%,2027-2036,"NPCsignals stress test","Model","MODELLED","MODELLED","Mechanical scenario; unchanged scope would imply ~300bn gross cost","Stress test"
NWI-058,"Temporary room below fiscal-rule benchmark is sufficient funding strategy","n/a",2027-2036,https://www.regjeringen.no/en/documents/meld.-st.-1-2025-2026/id3126584/?ch=3,"Ministry of Finance + stress test","TESTED CLAIM","CONTRADICTED","Fund value and macro conditions vary; rule operates over time","Financing stress test"
NWI-059,"Exact incremental funding requirement","unknown",2027-2036,"Multiple","Research status","UNRESOLVED","UNRESOLVED","Requires baseline subtraction at project level","Open question"
NWI-060,"Exact hospital baseline overlap","unknown",2026-2036,"Multiple","Research status","UNRESOLVED","UNRESOLVED","Requires matching projects to technical backlog","Open question"
NWI-061,"Exact school baseline overlap","unknown",2026-2036,"Multiple","Research status","UNRESOLVED","UNRESOLVED","Existing schemes do not map cleanly to total restoration need","Open question"
NWI-062,"Optimal future mix of nursing homes, care housing and home services","unknown",2027-2050,"Multiple","Research status","UNRESOLVED","UNRESOLVED","Service-model choice affects capital need","Open question"
NWI-063,"Universal lifecycle-maintenance benchmark","unknown",2037-2050,"Multiple","Research status","UNRESOLVED","UNRESOLVED","One NOK/m2 rate should not be applied across all asset classes","Open question"
NWI-064,"Do not finance restoration without financing preservation","n/a",2027-2050,"NPCsignals synthesis","Programme principle","SYNTHESISED","SUPPORTED","Design principle based on lifecycle evidence","Programme design"
