ledger_reference,seller,timestamp_utc,elapsed_seconds_since_launch,sale_proceeds_sol_wsol,cumulative_proceeds_sol_wsol,tx_signature
U331,Hp4q,2026-09-30T17:18:06Z,0,59.510477626,59.510477626,5jRjC6ULUHNd88x2gazxAUGcjA4yCGAqusvbqXHNkh7pASuSsyB8wn6CRd17wZ9D3rUkeYoxLd2qQopFgCinMi7T
U332,Hp4q,2026-09-30T17:18:09Z,3,69.861759869,129.372237495,1o27R3x3MgdCNjGXQCYMhnxTzeQjg2EnXMXcMRVE9ybbaa1fSXvQCQWYgn2YzZzHuef9onbRUcVbYpFM2FsjyGK
U349,Hrpa,2026-09-30T17:18:09Z,3,12.716876102,142.089113597,4fGjRC7N9251H6oDNjC6Qten3H1Gs1p7WQaZRbtpv4wvp9dTNJDqD3azbgrZc4iXKWxpR44E3WEk8jHhQAPWCUvj
U333,Tmcg,2026-09-30T17:18:10Z,4,6.525569570,148.614683167,2tz4dHvdr8gDzTFhUakAGvEhgqxmvGVCAtDqfVKFHvv7nDsPnuXpNkJxgWvxE4Sg4r3yE6RutzsPhutchaqapm1s
U334,Tmcg,2026-09-30T17:18:14Z,8,5.831639753,154.446322920,2pe9ohP1mV6o8kvcNXRdM53jPPKJqzrSZcmr972MHM1C3hH7Y5ZeWvFEnXpzqKMjHUm2XZqYCA92oaATWruJWX9g
U335,Tmcg,2026-09-30T17:18:17Z,11,7.562734294,162.009057214,4UYtwihmCFa1mzcXFmZFomNT73S1jcRT1T3LwazK7xkE18JWtpALfTKZgUgLjXgnTBbZc3WXhcy741uJ3yRbqRv2
U336,Tmcg,2026-09-30T17:18:21Z,15,3.660644455,165.669701669,461pxR2UcDkf6xB3Mvmj9qUF6NqHkUky838pFobHimgMxHd7UV6wrManT6juXqLjcxw7mn2MuuT9CzuG4Ho6PKRL
U337,Tmcg,2026-09-30T17:18:24Z,18,4.210467549,169.880169218,5a4Swfp5jJJcEiCai2pyJSe8CEM2Rcj2RSmLWsikvqF4R85KTpKXTJoR2qrJMxXqwGrpp3ctsCNqjcbjJisZ6XTd
U338,Tmcg,2026-09-30T17:18:28Z,22,4.948644457,174.828813675,J86BFHrpRpaGS2vR3qoMDb8PMdpwwHcKLJq1JnNqSLUNud9KhxK94QndnWhyJPyGmC9cSFQq9fcW3YEYzUjRhiS
U339,Tmcg,2026-09-30T17:18:31Z,25,9.934182541,184.762996216,3zHShrGSEetGNVKHMFsJmZDJECzg6Tt8egHrZRg8ymhRrrRj436dBDsKDYdRRmwQ2QzGpQqSNfA86VJSb8pdGPw4
U340,Tmcg,2026-09-30T17:18:35Z,29,5.007593709,189.770589925,5MUuUM6LmyvrWEz2UybLaVhYFVvsLnd7R9SBdmiC6Zjjc7qdHdBG44m3nhfMeZK1fwPMKFdDpcnHg8FFgaHmy2jU
U341,Tmcg,2026-09-30T17:18:38Z,32,9.257132389,199.027722314,62idmuDgyzmHdzZ6Qq2HX2kb8FjLJYz3zuBtYdcfe2vqwkjc5zTrw4DBLUP9tzcfqQK1Zo4GYcAxcgWmqUq9K3fD
U342,Tmcg,2026-09-30T17:18:42Z,36,8.573075930,207.600798244,QaauUb5xEGuu5YVDDE5nrHitkw5dDHt42GZN55nQjkesHeSsPqv12qt3ser6SkPfTfn1jkdL445GFpYkPi5CwJ3
U343,Tmcg,2026-09-30T17:18:45Z,39,6.576709272,214.177507516,2zJk5fdrggxqPnMLaVroqpvyEkik2LesmcyznUYAqF7dZXPJx5sRBchYpkCUkgZc3s5yBUiiUW1G5NGbW71TzyMX
U344,Tmcg,2026-09-30T17:18:49Z,43,4.786663923,218.964171439,4fHHLXvohmhxvx67KET7MvcnSfMReAGNXQPjZGs5ZD9miy94rs5BRYUph9HRgGANqdc7mRt2SQeKNWv2M2UDSRyu
U345,Tmcg,2026-09-30T17:18:52Z,46,6.986829165,225.951000604,5YLVzn3GHBaBW9gKQ2akCeYLYxHN8keC2G39X588vPm3vShPn2ZKsui6SqoL4XggAGNe9A4sSjkzaqi5Ly94Rzoi
U346,Tmcg,2026-09-30T17:18:56Z,50,11.092003661,237.043004265,2xFrM5McCsUXpqvbh5p1XostzkdFo6h8LNW4vShpLKxKNMHEEGwsD53WopzjJ46ERJBHQRPhLxFWGWKn1aH2TzRr
U347,Tmcg,2026-09-30T17:18:59Z,53,4.479488897,241.522493162,2W69fTffp7rmQFJKtpJJsMrtiSH9PzLiJVSbb1RkuxVuyHEPYmQRCmryDFsGh59cWSbVYtsnF3P99J6eu7vybUyQ
U348,Tmcg,2026-09-30T17:19:03Z,57,10.230292511,251.752785673,2jzwkic7dKaLvgM81VvmjXtKoZykdwqDe4FTzzNknMBZDY5XLePFSbzKLcvfWYinbUhtjHWQ96iamMi7vCa4rqjK
U352,FrkA,2026-09-30T17:23:23Z,317,31.027796635,282.780582308,32MUyFikecDQ1zpwFoVs8BD5jJarXqAEDmgVHVMZZiurHFb1EF84KnQ81YHjvjJqBFayZ7z5MBUNU2vfxxVCV4Wt
U357,5H5C,2026-09-30T17:23:26Z,320,15.823017362,298.603599670,3a7tJ6bZGSh9NDbctUw1sMyVtYbq26QcipDAijwLZcm8s4WN5g2exKtuhtFXprmEnpfYJ1wv2f18tKbHLNg2b5ky
U354,5vt4,2026-09-30T17:23:30Z,324,30.000000000,328.603599670,3tF9wijujrtp7w4PbUEL6bVBi32ZmAf1xRPLaZ2weLf3sL8vq5D1azHAzeuAsPDycoFJJnsP9cPAPX9jQ6LiZ1J5
U363,6UKz,2026-09-30T17:24:22Z,376,5.083915265,333.687514935,NyXz373evz67hu378N2vw1ruXLR9qpoQZRRxzSc9kcB8tRftdUNruVJXGVU5sXtUPo1TEnC9KY9zFJ9FT66VENf
U355,7WMm,2026-09-30T17:25:18Z,432,29.917162590,363.604677525,5SwYN52RS3vFFJpyypxPP6Utde73MmNX2GGhpSMitQ26skggaqnDYASHtwyF5tkFgbqgiZaAub14SH8BdDaFgijo
U351,EMXg,2026-09-30T17:26:15Z,489,0.126367333,363.731044858,5Bti2Ttz2Yyf489x8hUwrqR8QjQSVB6poZd4TvzKj5A7h76r4oZfBCfJDz3vW9pN8AaufHuDPuAqFJtYkRNS13t2
U356,CjFc,2026-09-30T17:27:20Z,554,25.063766077,388.794810935,2WtNo2JhEtMWh2Mz5C2Ee7Es1Hj1f25ab5aRSKjVoxJB6CkfHeaFLabWCMooPC8rkWXEatzMiUU1WKWAk7dfpSQV
U361,BjZe,2026-09-30T17:28:37Z,631,7.047621393,395.842432328,3AdA9soqc2GW3T2jGidPAPJqDH1iLD7zTQ6wuFfSQ4S6ytnZG32v6KP97nCUUuqMW5pQGvEfqiiv6WncLoabcmRi
U358,98YD,2026-09-30T17:31:10Z,784,13.100607310,408.943039638,5QuJS9eT3XJQuJb5cSV622srahMfPsMBimnohp5Fem5B1kK3DK9twLcAagVPQyHS9BWitEiR3smcoWpfm7WTFKcY
U353,FrkA,2026-09-30T17:34:59Z,1013,6.886203038,415.829242676,3K2T3ym6Qf2eYThSsXsp8bY7zKU4vwFbN1iRhseqkYRg5JwzgH3m3tBvAJ67254E5T4bHLTLMxSRMS82z6iMgKHn
U362,DnBK,2026-09-30T17:37:03Z,1137,5.165977369,420.995220045,3qBkjsshac5eYHSykWgHm4itUwcDNTDAjaQQKSWiqwLHgzwgZf2wdQv95UAXgaEpLq58AfB2X2XzkkH2aTpUscw7
U359,4bxp,2026-09-30T17:39:55Z,1309,11.048522338,432.043742383,39ggPS5cLqpq3jqxxSh7byvWPHfMs6gCGptPw6E2uM8YHL5wDKt69V9QWrcJjokKsaBVRG4ktZmF6RawrxYYZrjM
U360,FRtm,2026-09-30T17:41:31Z,1405,8.389518445,440.433260828,NHo385QjYUDTkcMLfFS9KL6Mfxs74pokm1jEpRbEXz81xymbRWr77ZGEbUScztPGEt1ywZmrQjL2qp8iswjPMQr
U350,4MPZ,2026-09-30T17:47:14Z,1748,9.401889536,449.835150364,v87LcZr4ahBtquniTT91ExgFqrX4terBFoNT9Wq7CN8AFAY9y1E3kSFWrJ4qDfnWVSNd3fj13XWuWLQ8WeGV8yd
U329,G16,2026-09-30T17:53:31Z,2125,10.521055862,460.356206226,59wQPYg1jj4Pqt6BLkKQt5segEARTv8wD9rsZLwo6Fxo9Rbr6ukk3q1VdEfktjFbQrvjqL4fcZBF8gnforqFRt9f
U330,G16,2026-09-30T17:58:28Z,2422,145.975602514,606.331808740,2wyYPRdcJ3TGT7JFC9Yqg5hytrU6cp8SeanzcLG9NFKDpBt6F4yja5mWJdmiggiki21cBbJQR8EyiUVRrRYFPued
