ledger_reference,seller,timestamp_utc,zyrox_sold,sol_wsol_received,proceeds_token_account,unwrap_destination,tx_signature
U331,Hp4q,2026-09-30T17:18:06Z,278149496.731053,59.510477626,C4iRiP7pFGZX2BwPj2rpSxeDCEpHewG8aDZ1vaZfKWc4,Hp4q9Tfeo5Cp7BuFNe6pRo3DqfPZVAiEampauGzPyyod,5jRjC6ULUHNd88x2gazxAUGcjA4yCGAqusvbqXHNkh7pASuSsyB8wn6CRd17wZ9D3rUkeYoxLd2qQopFgCinMi7T
U332,Hp4q,2026-09-30T17:18:09Z,414950503.268947,69.861759869,C4iRiP7pFGZX2BwPj2rpSxeDCEpHewG8aDZ1vaZfKWc4,Hp4q9Tfeo5Cp7BuFNe6pRo3DqfPZVAiEampauGzPyyod,1o27R3x3MgdCNjGXQCYMhnxTzeQjg2EnXMXcMRVE9ybbaa1fSXvQCQWYgn2YzZzHuef9onbRUcVbYpFM2FsjyGK
U349,Hrpa,2026-09-30T17:18:09Z,26899999.998698,12.716876102,CfKGyTu3FXrgwV3tXUKqGA1WPwfdM3S25VejAzXkByrA,HrpahQoW21MEA8qbsR9Z8oeN8NLFmTKukYSjok2Ktou9,4fGjRC7N9251H6oDNjC6Qten3H1Gs1p7WQaZRbtpv4wvp9dTNJDqD3azbgrZc4iXKWxpR44E3WEk8jHhQAPWCUvj
U333,Tmcg,2026-09-30T17:18:10Z,12579868.429379,6.525569570,DS8NDq6jP6sRKaJsPprNWaSCK2e2CGMSC8SBBbaBXuv2,TmcgWRgFqddHiUBDYysSCsvMA6SiGBHwLfE9xbmf7CW,2tz4dHvdr8gDzTFhUakAGvEhgqxmvGVCAtDqfVKFHvv7nDsPnuXpNkJxgWvxE4Sg4r3yE6RutzsPhutchaqapm1s
U334,Tmcg,2026-09-30T17:18:14Z,10616340.913298,5.831639753,DS8NDq6jP6sRKaJsPprNWaSCK2e2CGMSC8SBBbaBXuv2,TmcgWRgFqddHiUBDYysSCsvMA6SiGBHwLfE9xbmf7CW,2pe9ohP1mV6o8kvcNXRdM53jPPKJqzrSZcmr972MHM1C3hH7Y5ZeWvFEnXpzqKMjHUm2XZqYCA92oaATWruJWX9g
U335,Tmcg,2026-09-30T17:18:17Z,13136118.696438,7.562734294,DS8NDq6jP6sRKaJsPprNWaSCK2e2CGMSC8SBBbaBXuv2,TmcgWRgFqddHiUBDYysSCsvMA6SiGBHwLfE9xbmf7CW,4UYtwihmCFa1mzcXFmZFomNT73S1jcRT1T3LwazK7xkE18JWtpALfTKZgUgLjXgnTBbZc3WXhcy741uJ3yRbqRv2
U336,Tmcg,2026-09-30T17:18:21Z,5951405.900417,3.660644455,DS8NDq6jP6sRKaJsPprNWaSCK2e2CGMSC8SBBbaBXuv2,TmcgWRgFqddHiUBDYysSCsvMA6SiGBHwLfE9xbmf7CW,461pxR2UcDkf6xB3Mvmj9qUF6NqHkUky838pFobHimgMxHd7UV6wrManT6juXqLjcxw7mn2MuuT9CzuG4Ho6PKRL
U337,Tmcg,2026-09-30T17:18:24Z,6642328.940057,4.210467549,DS8NDq6jP6sRKaJsPprNWaSCK2e2CGMSC8SBBbaBXuv2,TmcgWRgFqddHiUBDYysSCsvMA6SiGBHwLfE9xbmf7CW,5a4Swfp5jJJcEiCai2pyJSe8CEM2Rcj2RSmLWsikvqF4R85KTpKXTJoR2qrJMxXqwGrpp3ctsCNqjcbjJisZ6XTd
U338,Tmcg,2026-09-30T17:18:28Z,7940553.773168,4.948644457,DS8NDq6jP6sRKaJsPprNWaSCK2e2CGMSC8SBBbaBXuv2,TmcgWRgFqddHiUBDYysSCsvMA6SiGBHwLfE9xbmf7CW,J86BFHrpRpaGS2vR3qoMDb8PMdpwwHcKLJq1JnNqSLUNud9KhxK94QndnWhyJPyGmC9cSFQq9fcW3YEYzUjRhiS
U339,Tmcg,2026-09-30T17:18:31Z,10146000.164658,9.934182541,DS8NDq6jP6sRKaJsPprNWaSCK2e2CGMSC8SBBbaBXuv2,TmcgWRgFqddHiUBDYysSCsvMA6SiGBHwLfE9xbmf7CW,3zHShrGSEetGNVKHMFsJmZDJECzg6Tt8egHrZRg8ymhRrrRj436dBDsKDYdRRmwQ2QzGpQqSNfA86VJSb8pdGPw4
U340,Tmcg,2026-09-30T17:18:35Z,5027711.970193,5.007593709,DS8NDq6jP6sRKaJsPprNWaSCK2e2CGMSC8SBBbaBXuv2,TmcgWRgFqddHiUBDYysSCsvMA6SiGBHwLfE9xbmf7CW,5MUuUM6LmyvrWEz2UybLaVhYFVvsLnd7R9SBdmiC6Zjjc7qdHdBG44m3nhfMeZK1fwPMKFdDpcnHg8FFgaHmy2jU
U341,Tmcg,2026-09-30T17:18:38Z,9761614.128386,9.257132389,DS8NDq6jP6sRKaJsPprNWaSCK2e2CGMSC8SBBbaBXuv2,TmcgWRgFqddHiUBDYysSCsvMA6SiGBHwLfE9xbmf7CW,62idmuDgyzmHdzZ6Qq2HX2kb8FjLJYz3zuBtYdcfe2vqwkjc5zTrw4DBLUP9tzcfqQK1Zo4GYcAxcgWmqUq9K3fD
U342,Tmcg,2026-09-30T17:18:42Z,8823693.729957,8.573075930,DS8NDq6jP6sRKaJsPprNWaSCK2e2CGMSC8SBBbaBXuv2,TmcgWRgFqddHiUBDYysSCsvMA6SiGBHwLfE9xbmf7CW,QaauUb5xEGuu5YVDDE5nrHitkw5dDHt42GZN55nQjkesHeSsPqv12qt3ser6SkPfTfn1jkdL445GFpYkPi5CwJ3
U343,Tmcg,2026-09-30T17:18:45Z,6679939.072417,6.576709272,DS8NDq6jP6sRKaJsPprNWaSCK2e2CGMSC8SBBbaBXuv2,TmcgWRgFqddHiUBDYysSCsvMA6SiGBHwLfE9xbmf7CW,2zJk5fdrggxqPnMLaVroqpvyEkik2LesmcyznUYAqF7dZXPJx5sRBchYpkCUkgZc3s5yBUiiUW1G5NGbW71TzyMX
U344,Tmcg,2026-09-30T17:18:49Z,4850330.989503,4.786663923,DS8NDq6jP6sRKaJsPprNWaSCK2e2CGMSC8SBBbaBXuv2,TmcgWRgFqddHiUBDYysSCsvMA6SiGBHwLfE9xbmf7CW,4fHHLXvohmhxvx67KET7MvcnSfMReAGNXQPjZGs5ZD9miy94rs5BRYUph9HRgGANqdc7mRt2SQeKNWv2M2UDSRyu
U345,Tmcg,2026-09-30T17:18:52Z,7303734.853799,6.986829165,DS8NDq6jP6sRKaJsPprNWaSCK2e2CGMSC8SBBbaBXuv2,TmcgWRgFqddHiUBDYysSCsvMA6SiGBHwLfE9xbmf7CW,5YLVzn3GHBaBW9gKQ2akCeYLYxHN8keC2G39X588vPm3vShPn2ZKsui6SqoL4XggAGNe9A4sSjkzaqi5Ly94Rzoi
U346,Tmcg,2026-09-30T17:18:56Z,12030090.706758,11.092003661,DS8NDq6jP6sRKaJsPprNWaSCK2e2CGMSC8SBBbaBXuv2,TmcgWRgFqddHiUBDYysSCsvMA6SiGBHwLfE9xbmf7CW,2xFrM5McCsUXpqvbh5p1XostzkdFo6h8LNW4vShpLKxKNMHEEGwsD53WopzjJ46ERJBHQRPhLxFWGWKn1aH2TzRr
U347,Tmcg,2026-09-30T17:18:59Z,4682649.795819,4.479488897,DS8NDq6jP6sRKaJsPprNWaSCK2e2CGMSC8SBBbaBXuv2,TmcgWRgFqddHiUBDYysSCsvMA6SiGBHwLfE9xbmf7CW,2W69fTffp7rmQFJKtpJJsMrtiSH9PzLiJVSbb1RkuxVuyHEPYmQRCmryDFsGh59cWSbVYtsnF3P99J6eu7vybUyQ
U348,Tmcg,2026-09-30T17:19:03Z,11415181.468349,10.230292511,DS8NDq6jP6sRKaJsPprNWaSCK2e2CGMSC8SBBbaBXuv2,TmcgWRgFqddHiUBDYysSCsvMA6SiGBHwLfE9xbmf7CW,2jzwkic7dKaLvgM81VvmjXtKoZykdwqDe4FTzzNknMBZDY5XLePFSbzKLcvfWYinbUhtjHWQ96iamMi7vCa4rqjK
U352,FrkA,2026-09-30T17:23:23Z,8186560.526662,31.027796635,E7swVKM246GZdFoygNDmg3mrpXpqprzUMfb7WPx4Taff,FrkAfmfSWFi2Eut5Dg5DvZ9g3GCZN2D8kDCUtYP1JJUU,32MUyFikecDQ1zpwFoVs8BD5jJarXqAEDmgVHVMZZiurHFb1EF84KnQ81YHjvjJqBFayZ7z5MBUNU2vfxxVCV4Wt
U357,5H5C,2026-09-30T17:23:26Z,5184844.532253,15.823017362,FD3eJrerSMHSSvgxMya1GEVBVP7RdscDTxUC3xNy93XB,5H5C2xegNK9pBSideBX37is6cATWxiPFasuSXKMZJJoA,3a7tJ6bZGSh9NDbctUw1sMyVtYbq26QcipDAijwLZcm8s4WN5g2exKtuhtFXprmEnpfYJ1wv2f18tKbHLNg2b5ky
U354,5vt4,2026-09-30T17:23:30Z,11171784.581228,30.000000000,4DqjZeDiuEw1J7d5Am3Mos7rowhWDxTjCQsaGXDFwuzR,5vt4TKVxxJMrE6cBG3a7nmkgWsNsoiYrwEWQ33F7M8pd,3tF9wijujrtp7w4PbUEL6bVBi32ZmAf1xRPLaZ2weLf3sL8vq5D1azHAzeuAsPDycoFJJnsP9cPAPX9jQ6LiZ1J5
U363,6UKz,2026-09-30T17:24:22Z,2121899.003726,5.083915265,Eu6iRpnG3JgeKoUFYNh3duZAxYHHDETWQURtWJ6cfqyA,6UKzs3LRSvPVKQgTsvDhr2sHgqmhm6pDoE5YiRt7os4G,NyXz373evz67hu378N2vw1ruXLR9qpoQZRRxzSc9kcB8tRftdUNruVJXGVU5sXtUPo1TEnC9KY9zFJ9FT66VENf
U355,7WMm,2026-09-30T17:25:18Z,9630315.796472,29.917162590,51QX2oGUa1VrAkF4Ecs2NCoTgvSt5BbcRPX5iUuYVTcG,7WMmrYjtELdZA6qNAwQHoWPZBtfhceErqRsHQcxvjCAC,5SwYN52RS3vFFJpyypxPP6Utde73MmNX2GGhpSMitQ26skggaqnDYASHtwyF5tkFgbqgiZaAub14SH8BdDaFgijo
U351,EMXg,2026-09-30T17:26:15Z,51289.192775,0.126367333,EjYrhMavCfE59dvH9p63p6knVHzK2PBvJQvsH2UtZURF,EMXgCdsFRyaBdcd1xizrAgXabbigKRaRWSVRPh95DeYc,5Bti2Ttz2Yyf489x8hUwrqR8QjQSVB6poZd4TvzKj5A7h76r4oZfBCfJDz3vW9pN8AaufHuDPuAqFJtYkRNS13t2
U356,CjFc,2026-09-30T17:27:20Z,8664242.700173,25.063766077,CoEGwbrDpDeVdM4r6MY7GVHnVCRTKKFtL3R6mpLZzFQa,CjFcdoth1WJkhaYJRjaBPNGUGBMiLhEq2SWKx5AYmp8B,2WtNo2JhEtMWh2Mz5C2Ee7Es1Hj1f25ab5aRSKjVoxJB6CkfHeaFLabWCMooPC8rkWXEatzMiUU1WKWAk7dfpSQV
U361,BjZe,2026-09-30T17:28:37Z,2919747.098349,7.047621393,Gyf4hCLec47TZwMSkxa2rSWYw1R7oRstmU6pcfQsjeaG,BjZeWG9tgGKyoyEyEMLCzYBKfc5q6p6UKcJ6MVYkLhMx,3AdA9soqc2GW3T2jGidPAPJqDH1iLD7zTQ6wuFfSQ4S6ytnZG32v6KP97nCUUuqMW5pQGvEfqiiv6WncLoabcmRi
U358,98YD,2026-09-30T17:31:10Z,5430056.590225,13.100607310,3B28SuLbYN1XvtQNgSBXrD2iC4EUwAijNeABmNykuxjU,98YDnrXucYxZGZpJKh15YQZbCzMMqRhhFMiBJv64dbzJ,5QuJS9eT3XJQuJb5cSV622srahMfPsMBimnohp5Fem5B1kK3DK9twLcAagVPQyHS9BWitEiR3smcoWpfm7WTFKcY
U353,FrkA,2026-09-30T17:34:59Z,2684528.712366,6.886203038,E7swVKM246GZdFoygNDmg3mrpXpqprzUMfb7WPx4Taff,FrkAfmfSWFi2Eut5Dg5DvZ9g3GCZN2D8kDCUtYP1JJUU,3K2T3ym6Qf2eYThSsXsp8bY7zKU4vwFbN1iRhseqkYRg5JwzgH3m3tBvAJ67254E5T4bHLTLMxSRMS82z6iMgKHn
U362,DnBK,2026-09-30T17:37:03Z,2828227.429391,5.165977369,Br4wTb5gDoDxUoYx2N3RixcAH6fkxSaeHoo1aEtp2JEC,DnBKBWpq4Vti7FT8xMZt5xamntK3z2pZCfALQxqY6QMY,3qBkjsshac5eYHSykWgHm4itUwcDNTDAjaQQKSWiqwLHgzwgZf2wdQv95UAXgaEpLq58AfB2X2XzkkH2aTpUscw7
U359,4bxp,2026-09-30T17:39:55Z,7334078.215578,11.048522338,2dChncnwrQESGdH3UhxGqWaC2qc3oPtErLiFPoCuee5i,4bxpKo6ANe15mEwGXA6UBLBcqeisXNkFnTZHNQSnczU3,39ggPS5cLqpq3jqxxSh7byvWPHfMs6gCGptPw6E2uM8YHL5wDKt69V9QWrcJjokKsaBVRG4ktZmF6RawrxYYZrjM
U360,FRtm,2026-09-30T17:41:31Z,8155322.654458,8.389518445,AbSgVdGyU5H7YqAQvDonF321khERbstN889NE3T5Nzcb,FRtmPmFWZBsFDvVjQj8Rovp2tPXZ6ej4mRABZxQDMbPZ,NHo385QjYUDTkcMLfFS9KL6Mfxs74pokm1jEpRbEXz81xymbRWr77ZGEbUScztPGEt1ywZmrQjL2qp8iswjPMQr
U350,4MPZ,2026-09-30T17:47:14Z,5355643.417778,9.401889536,Ekz3gBoYWbHd9PcJK35kFwqkRcGZFLodKb9yYqtQZXNv,4MPZsxpV5TnNeLkgdgmwZDChFNxbMcczmuskT1NMo86d,v87LcZr4ahBtquniTT91ExgFqrX4terBFoNT9Wq7CN8AFAY9y1E3kSFWrJ4qDfnWVSNd3fj13XWuWLQ8WeGV8yd
U329,G16,2026-09-30T17:53:31Z,8413197.867619,10.521055862,AzHTdAkfGupXt2KXPQhTVSLhYHs3TVTcJ1bT1mPyxipA,G16wTdwT5e8H292JPLCCNXoYnPCzacQnU6VPZfKeWncZ,59wQPYg1jj4Pqt6BLkKQt5segEARTv8wD9rsZLwo6Fxo9Rbr6ukk3q1VdEfktjFbQrvjqL4fcZBF8gnforqFRt9f
U330,G16,2026-09-30T17:58:28Z,581529004.875567,145.975602514,AzHTdAkfGupXt2KXPQhTVSLhYHs3TVTcJ1bT1mPyxipA,G16wTdwT5e8H292JPLCCNXoYnPCzacQnU6VPZfKeWncZ,2wyYPRdcJ3TGT7JFC9Yqg5hytrU6cp8SeanzcLG9NFKDpBt6F4yja5mWJdmiggiki21cBbJQR8EyiUVRrRYFPued
