timestamp,signature,source_wallet,pool,program,amount_SOL,fee_SOL,other_balance_cost_SOL,mechanism,provenance,classification
2026-10-06T20:36:06Z,2z3oR5xtnE9mkk3F5Y7HFf3NZxzNtKJBEx3Fwzo9jcERr288dCQDiX6mjF8ECcu4wS6umS5jZes7Tcyv8rUatumN,69FnU8vszZSZF6DZCT6VHdsvm3DvvojDgbwqzHJ4cCFS,4AV2Qzp3N4c9RfzyEbNZs2wqWfW4EwKnnxFAZCndvfGh,9fhQBbumKEFuXtMBDw8AaQyAjCorLGJQiS3skWZdQyQD,550,0.000205,0.00139192,Transact; System Program transfer; commitment events,mixed at source; broken deposit-to-withdrawal linkage,CONFIRMED
2026-10-06T20:39:06Z,2RQzMvMEjC4UbWBzxdFrthgQAWvmKepgdPqXCghe6tEoSS9M8aqMYsosnECkxM3N4ipYbF1vXBmkjEkqBRNz4wdd,69FnU8vszZSZF6DZCT6VHdsvm3DvvojDgbwqzHJ4cCFS,4AV2Qzp3N4c9RfzyEbNZs2wqWfW4EwKnnxFAZCndvfGh,9fhQBbumKEFuXtMBDw8AaQyAjCorLGJQiS3skWZdQyQD,1000,0.000205,0.00139192,Transact; System Program transfer; commitment events,mixed at source; broken deposit-to-withdrawal linkage,CONFIRMED
2026-10-06T20:41:15Z,2rmwmvV6o3t88NqFzkScnAmLp6MQSNdSwdM6fVEpFjbnQmivPdR5pg132WG6yoRbwMr6vxhVuctEoHWbZ7srV1bh,69FnU8vszZSZF6DZCT6VHdsvm3DvvojDgbwqzHJ4cCFS,4AV2Qzp3N4c9RfzyEbNZs2wqWfW4EwKnnxFAZCndvfGh,9fhQBbumKEFuXtMBDw8AaQyAjCorLGJQiS3skWZdQyQD,1000,0.000205,0.00139192,Transact; System Program transfer; commitment events,mixed at source; broken deposit-to-withdrawal linkage,CONFIRMED
2026-10-06T20:44:38Z,4dMYbos32EUJEX6S3PAQZEY2Xn3XAJS5ytRVZyHxbE24i31zrUJAdcimYRvcsu4d8Ac9P8mj6huz6fZz5PuV57DW,69FnU8vszZSZF6DZCT6VHdsvm3DvvojDgbwqzHJ4cCFS,4AV2Qzp3N4c9RfzyEbNZs2wqWfW4EwKnnxFAZCndvfGh,9fhQBbumKEFuXtMBDw8AaQyAjCorLGJQiS3skWZdQyQD,1000,0.000205,0.00139192,Transact; System Program transfer; commitment events,mixed at source; broken deposit-to-withdrawal linkage,CONFIRMED
2026-10-06T20:47:25Z,4bjhir5fURcbzsgkEZLRXc3ZuHuShYWDdPeubiYGQ4mWJNjhHMtJd7sJXDPffLm2CsWkZWqfNGr96UQTgPAgjmdM,69FnU8vszZSZF6DZCT6VHdsvm3DvvojDgbwqzHJ4cCFS,4AV2Qzp3N4c9RfzyEbNZs2wqWfW4EwKnnxFAZCndvfGh,9fhQBbumKEFuXtMBDw8AaQyAjCorLGJQiS3skWZdQyQD,1666,0.000205,0.00139192,Transact; System Program transfer; commitment events,mixed at source; broken deposit-to-withdrawal linkage,CONFIRMED
2026-10-06T20:50:20Z,3UtUPbZbsSFqMTcSPG5s9nv3yihtPhjiG53inP5eMmfKwZkwsEv8dGrbY59mszAm6AwNbaHuHTrSM5gebF7s99BA,69FnU8vszZSZF6DZCT6VHdsvm3DvvojDgbwqzHJ4cCFS,4AV2Qzp3N4c9RfzyEbNZs2wqWfW4EwKnnxFAZCndvfGh,9fhQBbumKEFuXtMBDw8AaQyAjCorLGJQiS3skWZdQyQD,1666,0.000205,0.00139192,Transact; System Program transfer; commitment events,mixed at source; broken deposit-to-withdrawal linkage,CONFIRMED
2026-10-06T20:52:15Z,4LiSTZUKyB4eoN6BFNwZRmXviqNwmJLUHWCvPhLqeRyWQb5nz6yJAeKnAY7H1xeyHxwpj2fYq3vn6BhXFNPw8Bmp,69FnU8vszZSZF6DZCT6VHdsvm3DvvojDgbwqzHJ4cCFS,4AV2Qzp3N4c9RfzyEbNZs2wqWfW4EwKnnxFAZCndvfGh,9fhQBbumKEFuXtMBDw8AaQyAjCorLGJQiS3skWZdQyQD,1700,0.000205,0.00139192,Transact; System Program transfer; commitment events,mixed at source; broken deposit-to-withdrawal linkage,CONFIRMED
2026-10-06T20:55:03Z,Y93jwy61fQGerS8PnroExyMKkczavyzntqu3UfsSKmyWZc2BQcnG9nTmzpCkP81D5Fw1YtAPHUXLhkc37K716Aj,69FnU8vszZSZF6DZCT6VHdsvm3DvvojDgbwqzHJ4cCFS,4AV2Qzp3N4c9RfzyEbNZs2wqWfW4EwKnnxFAZCndvfGh,9fhQBbumKEFuXtMBDw8AaQyAjCorLGJQiS3skWZdQyQD,1700,0.000205,0.00139192,Transact; System Program transfer; commitment events,mixed at source; broken deposit-to-withdrawal linkage,CONFIRMED
2026-10-06T20:58:40Z,xUu8jqmsvU4GoXjAJvihPhuYPd8P65URTQM6XWnysGtkjrfd1fmWaLiq3FntXrecfaLDQ3yxA3hqTBiicSG4hvU,69FnU8vszZSZF6DZCT6VHdsvm3DvvojDgbwqzHJ4cCFS,4AV2Qzp3N4c9RfzyEbNZs2wqWfW4EwKnnxFAZCndvfGh,9fhQBbumKEFuXtMBDw8AaQyAjCorLGJQiS3skWZdQyQD,1700,0.000205,0.00139192,Transact; System Program transfer; commitment events,mixed at source; broken deposit-to-withdrawal linkage,CONFIRMED
2026-10-06T21:00:54Z,3f9ABQgo1xe4gVrDYxFJTSVvfeEz6pucS2ARDypLis6cMDDiT8X789Jf9ipR71n8ZjbvnAu1e9vQHquFwz21DWYm,69FnU8vszZSZF6DZCT6VHdsvm3DvvojDgbwqzHJ4cCFS,4AV2Qzp3N4c9RfzyEbNZs2wqWfW4EwKnnxFAZCndvfGh,9fhQBbumKEFuXtMBDw8AaQyAjCorLGJQiS3skWZdQyQD,1258.9737809,0.000205,0.00139192,Transact; System Program transfer; commitment events,mixed at source; broken deposit-to-withdrawal linkage,CONFIRMED
