timestamp_UTC,timestamp_SGT,chain,slot,tx/signature,status,signers,fee_payer,fee_SOL,top_level_programs,classification,interpretation
2026-10-06T20:14:54Z,2026-10-07T04:14:54+08:00,Solana mainnet,454005539,57wSAHgVrsNf7hDvnnEDnpjb6fF1nWj6h9bGKLB5ivKRLwT7TZia4USS1u1GZWsndXK3TB6LKGy3Aj62jMhMu1aj,success,9wMSNoA7TzhwUjqsACVGEvzAxAibCHnsZTgXEAGov8zQ,9wMSNoA7TzhwUjqsACVGEvzAxAibCHnsZTgXEAGov8zQ,0.00008,ATokenGPvbdGVxr1b2hvZbsiqW5xWH25efTNsLJA8knL;ComputeBudget111111111111111111111111111111;DeJBGdMFa1uynnnKiwrVioatTuHmNLpyFKnmB5kaFdzQ;TokenkegQfeZyiNwAJbNbGKPFXCWuBvf9Ss623VQ5DA,CONFIRMED,"Receipt-confirmed activity; unauthorized status derives from public incident report, not chain alone."
2026-10-06T20:15:05Z,2026-10-07T04:15:05+08:00,Solana mainnet,454005580,3D3a45d4HYvvNfD4h5o4YSMc1PpW8QFpx4rxrCVvTPMN3wZJb2KTBfC3FncLJGhb7dUVYvCmXuJC8J89ppMbLG5f,success,9wMSNoA7TzhwUjqsACVGEvzAxAibCHnsZTgXEAGov8zQ,9wMSNoA7TzhwUjqsACVGEvzAxAibCHnsZTgXEAGov8zQ,0.00008,ATokenGPvbdGVxr1b2hvZbsiqW5xWH25efTNsLJA8knL;ComputeBudget111111111111111111111111111111;DeJBGdMFa1uynnnKiwrVioatTuHmNLpyFKnmB5kaFdzQ;TokenzQdBNbLqP5VEhdkAS6EPFLC1PHnBqCXEpPxuEb,CONFIRMED,"Receipt-confirmed activity; unauthorized status derives from public incident report, not chain alone."
2026-10-06T20:15:14Z,2026-10-07T04:15:14+08:00,Solana mainnet,454005615,2opj8gEvy5whjXfnVRa3y98JcVZtFg95A5pq9EuWDGVLNkd8B3rhfcXNgM8NAg6HWjDSbbD9TQn5wwYZd3zUJTug,success,9wMSNoA7TzhwUjqsACVGEvzAxAibCHnsZTgXEAGov8zQ,9wMSNoA7TzhwUjqsACVGEvzAxAibCHnsZTgXEAGov8zQ,0.00008,ATokenGPvbdGVxr1b2hvZbsiqW5xWH25efTNsLJA8knL;ComputeBudget111111111111111111111111111111;DeJBGdMFa1uynnnKiwrVioatTuHmNLpyFKnmB5kaFdzQ;TokenkegQfeZyiNwAJbNbGKPFXCWuBvf9Ss623VQ5DA,CONFIRMED,"Receipt-confirmed activity; unauthorized status derives from public incident report, not chain alone."
2026-10-06T20:15:22Z,2026-10-07T04:15:22+08:00,Solana mainnet,454005644,3PKUr8V25qkoAw5dLX2g6d9i7MM7ZeoYUwx9aUr459o1o7cE3frTLzyoBYeNZMn5jH39ff68wZGUh8auM1sc5yEf,success,9wMSobM9kWHsi94dZ9ts8YRFCvyyBDef5cpUn2AWG8zQ,9wMSobM9kWHsi94dZ9ts8YRFCvyyBDef5cpUn2AWG8zQ,0.00000505,ATokenGPvbdGVxr1b2hvZbsiqW5xWH25efTNsLJA8knL;ComputeBudget111111111111111111111111111111;TokenkegQfeZyiNwAJbNbGKPFXCWuBvf9Ss623VQ5DA,CONFIRMED,"Receipt-confirmed activity; unauthorized status derives from public incident report, not chain alone."
2026-10-06T20:15:32Z,2026-10-07T04:15:32+08:00,Solana mainnet,454005681,3F3DafraqpNCNXWEuT8iwsAN3UVs5ttrqgAY1DjXinHFbQD3Z6ZyrZsZ2nW3iaKkRrVrAmy4s8hRhfzBbuG6F638,success,69FnGeWqBEp6NRoxa82GZozNitBaLHf5arQokKQqhCFS,69FnGeWqBEp6NRoxa82GZozNitBaLHf5arQokKQqhCFS,0.00000505,ATokenGPvbdGVxr1b2hvZbsiqW5xWH25efTNsLJA8knL;ComputeBudget111111111111111111111111111111;TokenkegQfeZyiNwAJbNbGKPFXCWuBvf9Ss623VQ5DA,CONFIRMED,"Receipt-confirmed activity; unauthorized status derives from public incident report, not chain alone."
2026-10-06T20:15:34Z,2026-10-07T04:15:34+08:00,Solana mainnet,454005691,2ZjeSc8CfVQnkRzm9oYSvNSYzNLVwYAFCpBRoQyu8eBnTUhT9GTQHhzU4AnGvZtcNhQS2wUUfrTeyhJogDunUJtG,success,9wMSNoA7TzhwUjqsACVGEvzAxAibCHnsZTgXEAGov8zQ,9wMSNoA7TzhwUjqsACVGEvzAxAibCHnsZTgXEAGov8zQ,0.000079934,11111111111111111111111111111111;ComputeBudget111111111111111111111111111111,CONFIRMED,"Receipt-confirmed activity; unauthorized status derives from public incident report, not chain alone."
2026-10-06T20:16:18Z,2026-10-07T04:16:18+08:00,Solana mainnet,454005852,4B6SuCMEatwWU2gV7q4M54BQZKK1F7yhZiwogUksMnh5PTGUmA72paFFDNhdFAQxnbDrCBRUEVkL5q23YtVQCk1T,success,9wMSg113W9qstfDhDWJtxpzPQFcy7r53KZBD5FSa28zQ,9wMSg113W9qstfDhDWJtxpzPQFcy7r53KZBD5FSa28zQ,0.00000505,ATokenGPvbdGVxr1b2hvZbsiqW5xWH25efTNsLJA8knL;ComputeBudget111111111111111111111111111111;TokenkegQfeZyiNwAJbNbGKPFXCWuBvf9Ss623VQ5DA,CONFIRMED,"Receipt-confirmed activity; unauthorized status derives from public incident report, not chain alone."
2026-10-06T20:16:24Z,2026-10-07T04:16:24+08:00,Solana mainnet,454005874,5qDubfsgPWm23yzP2mq43DUPb5B7hkfJ1ZKZtWD7LFohG6WVzQs77A8RBiQkrd124tckQsCJxLQ6AuDRur168iMQ,success,9wMSg113W9qstfDhDWJtxpzPQFcy7r53KZBD5FSa28zQ,9wMSg113W9qstfDhDWJtxpzPQFcy7r53KZBD5FSa28zQ,0.00000505,11111111111111111111111111111111;ComputeBudget111111111111111111111111111111,CONFIRMED,"Receipt-confirmed activity; unauthorized status derives from public incident report, not chain alone."
2026-10-06T20:16:37Z,2026-10-07T04:16:37+08:00,Solana mainnet,454005921,3gqaBzu1hyGxSTWtJYQD7jHtD8cq8fks7VJUqcrLGJq4YpW7HEDsnpdqqxEnHZYp6msqmde6qzQQvpZmkePCBpak,failed,9wMSNoA7TzhwUjqsACVGEvzAxAibCHnsZTgXEAGov8zQ,9wMSNoA7TzhwUjqsACVGEvzAxAibCHnsZTgXEAGov8zQ,0.00008,ATokenGPvbdGVxr1b2hvZbsiqW5xWH25efTNsLJA8knL;ComputeBudget111111111111111111111111111111;DeJBGdMFa1uynnnKiwrVioatTuHmNLpyFKnmB5kaFdzQ;TokenzQdBNbLqP5VEhdkAS6EPFLC1PHnBqCXEpPxuEb,CONFIRMED,"Receipt-confirmed activity; unauthorized status derives from public incident report, not chain alone."
2026-10-06T20:18:14Z,2026-10-07T04:18:14+08:00,Solana mainnet,454006293,4gFp1mjoHSKstrRs2hiYFWa9EHCjbg8VTuSnedwq2RwTp8XXHChDcwrkTfst3WxYmwAyPG7gvsv3myTqKvaBV6Bm,success,69FnU8vszZSZF6DZCT6VHdsvm3DvvojDgbwqzHJ4cCFS;sighWH8KaiT7QhtV4w29ReVF8kG6D5yG3EQP1KYyGVF,69FnU8vszZSZF6DZCT6VHdsvm3DvvojDgbwqzHJ4cCFS,0.000226996,ATokenGPvbdGVxr1b2hvZbsiqW5xWH25efTNsLJA8knL;ComputeBudget111111111111111111111111111111;JUP6LkbZbjS1jKKwapdHNy74zcZ3tLUZoi5QNyVTaV4;TokenkegQfeZyiNwAJbNbGKPFXCWuBvf9Ss623VQ5DA,CONFIRMED,"Receipt-confirmed activity; unauthorized status derives from public incident report, not chain alone."
2026-10-06T20:20:26Z,2026-10-07T04:20:26+08:00,Solana mainnet,454006782,2tGBJBuDWnmgV6Azn8WDqe5EdyARFnUwek917EeFE1xuQzZXdbruKrSJfZDZEJZ9JuRv59nckCosqLTGiGfpFd4b,success,9wMSobM9kWHsi94dZ9ts8YRFCvyyBDef5cpUn2AWG8zQ,9wMSobM9kWHsi94dZ9ts8YRFCvyyBDef5cpUn2AWG8zQ,0.00000505,ATokenGPvbdGVxr1b2hvZbsiqW5xWH25efTNsLJA8knL;ComputeBudget111111111111111111111111111111;TokenkegQfeZyiNwAJbNbGKPFXCWuBvf9Ss623VQ5DA,CONFIRMED,"Receipt-confirmed activity; unauthorized status derives from public incident report, not chain alone."
2026-10-06T20:20:35Z,2026-10-07T04:20:35+08:00,Solana mainnet,454006814,j6VocaeyQgndKFsAFUpfKMCwkAQ7aigYyAZxTnGnZDs8HoUeyuJwnwhQauUWEAHnBnZd1N5jktXwvXokUP9gAd9,success,69FnGeWqBEp6NRoxa82GZozNitBaLHf5arQokKQqhCFS,69FnGeWqBEp6NRoxa82GZozNitBaLHf5arQokKQqhCFS,0.00000505,ATokenGPvbdGVxr1b2hvZbsiqW5xWH25efTNsLJA8knL;ComputeBudget111111111111111111111111111111;TokenkegQfeZyiNwAJbNbGKPFXCWuBvf9Ss623VQ5DA,CONFIRMED,"Receipt-confirmed activity; unauthorized status derives from public incident report, not chain alone."
2026-10-06T20:20:41Z,2026-10-07T04:20:41+08:00,Solana mainnet,454006837,4oGgjwhJc1RvrfYy9AezuqWyTN8bF2TyaxEkoSdzdriVtbAfVw3c8hkCZiLJ5aXqhDCtBfJScpSggXRKUNb8qJjw,success,69FnU8vszZSZF6DZCT6VHdsvm3DvvojDgbwqzHJ4cCFS,69FnU8vszZSZF6DZCT6VHdsvm3DvvojDgbwqzHJ4cCFS,0.000309686,ATokenGPvbdGVxr1b2hvZbsiqW5xWH25efTNsLJA8knL;ComputeBudget111111111111111111111111111111;TokenkegQfeZyiNwAJbNbGKPFXCWuBvf9Ss623VQ5DA;proVF4pMXVaYqmy4NjniPh4pqKNfMmsihgd4wdkCX3u,CONFIRMED,"Receipt-confirmed activity; unauthorized status derives from public incident report, not chain alone."
2026-10-06T20:21:48Z,2026-10-07T04:21:48+08:00,Solana mainnet,454007077,312uJ1cSEoVST9chHp2PwQ2piqkqRrqY1JPJ9VmvnCkzSnG4xYuyuD5UWV2ZevgYuXLztXQkGQQmQ8TnJ13osUfs,success,69FnU8vszZSZF6DZCT6VHdsvm3DvvojDgbwqzHJ4cCFS,69FnU8vszZSZF6DZCT6VHdsvm3DvvojDgbwqzHJ4cCFS,0.000012175,ComputeBudget111111111111111111111111111111;DF1ow4tspfHX9JwWJsAb9epbkA8hmpSEAtxXy1V27QBH,CONFIRMED,"Receipt-confirmed activity; unauthorized status derives from public incident report, not chain alone."
2026-10-06T20:23:21Z,2026-10-07T04:23:21+08:00,Solana mainnet,454007420,4KJ38ttcvcjXC2qBjAXAq5CqAcuSjJwv57C5hcmjsLwRqya8jhUGwk42MypaJku3xxNjzSZ3G79wvDLzFvQ24SQn,success,CPgPrxLxuZnRKfccwWLQcPd1fQYFqvy58CsuBb5Zx6PZ,CPgPrxLxuZnRKfccwWLQcPd1fQYFqvy58CsuBb5Zx6PZ,0.00000903,ATokenGPvbdGVxr1b2hvZbsiqW5xWH25efTNsLJA8knL;ComputeBudget111111111111111111111111111111;TokenkegQfeZyiNwAJbNbGKPFXCWuBvf9Ss623VQ5DA,CONFIRMED,"Receipt-confirmed activity; unauthorized status derives from public incident report, not chain alone."
2026-10-06T20:23:43Z,2026-10-07T04:23:43+08:00,Solana mainnet,454007503,3KuFVRz24BkxXbHMisbGA57sdarRQavNCzRWr15pWVocNtoa5S1R5sAcm6Msu5i9jfKSMCvAYwzR9e2i9qJEUbaa,success,69FnU8vszZSZF6DZCT6VHdsvm3DvvojDgbwqzHJ4cCFS,69FnU8vszZSZF6DZCT6VHdsvm3DvvojDgbwqzHJ4cCFS,0.000382629,ATokenGPvbdGVxr1b2hvZbsiqW5xWH25efTNsLJA8knL;ComputeBudget111111111111111111111111111111;TokenkegQfeZyiNwAJbNbGKPFXCWuBvf9Ss623VQ5DA;proVF4pMXVaYqmy4NjniPh4pqKNfMmsihgd4wdkCX3u,CONFIRMED,"Receipt-confirmed activity; unauthorized status derives from public incident report, not chain alone."
2026-10-06T20:35:35Z,2026-10-07T04:35:35+08:00,Solana mainnet,454010118,TkEe4z4zGuw1jTSA3fEDnSPM3rg5retPVkF7VhQcqjhuSoA6wDPAfPzLZysVP7GopTZhx94CgXTfxW6DoYmxo6t,success,69FnU8vszZSZF6DZCT6VHdsvm3DvvojDgbwqzHJ4cCFS,69FnU8vszZSZF6DZCT6VHdsvm3DvvojDgbwqzHJ4cCFS,0.000699507,ATokenGPvbdGVxr1b2hvZbsiqW5xWH25efTNsLJA8knL;ComputeBudget111111111111111111111111111111;TokenkegQfeZyiNwAJbNbGKPFXCWuBvf9Ss623VQ5DA;proVF4pMXVaYqmy4NjniPh4pqKNfMmsihgd4wdkCX3u,CONFIRMED,"Receipt-confirmed activity; unauthorized status derives from public incident report, not chain alone."
2026-10-06T20:35:41Z,2026-10-07T04:35:41+08:00,Solana mainnet,454010140,5fFLUqvsAJLEn1cPnypjzfKi8iioUYCnaCgR8QonKtE2U3xf6nk8RduhjURrjLP32yX1pzTT9vy9bXHXfQyNA87t,success,Grr9WnZdcetQywtFXog81UhqmnJyvFhb4AT3ipw44mZP;69FnU8vszZSZF6DZCT6VHdsvm3DvvojDgbwqzHJ4cCFS,Grr9WnZdcetQywtFXog81UhqmnJyvFhb4AT3ipw44mZP,0.000011225,61DFfeTKM7trxYcPQCM78bJ794ddZprZpAwAnLiwTpYH;ComputeBudget111111111111111111111111111111,CONFIRMED,"Receipt-confirmed activity; unauthorized status derives from public incident report, not chain alone."
2026-10-06T20:36:06Z,2026-10-07T04:36:06+08:00,Solana mainnet,454010228,2z3oR5xtnE9mkk3F5Y7HFf3NZxzNtKJBEx3Fwzo9jcERr288dCQDiX6mjF8ECcu4wS6umS5jZes7Tcyv8rUatumN,success,69FnU8vszZSZF6DZCT6VHdsvm3DvvojDgbwqzHJ4cCFS,69FnU8vszZSZF6DZCT6VHdsvm3DvvojDgbwqzHJ4cCFS,0.000205,9fhQBbumKEFuXtMBDw8AaQyAjCorLGJQiS3skWZdQyQD;ComputeBudget111111111111111111111111111111;L2TExMFKdjpN9kozasaurPirfHy9P8sbXoAN1qA3S95,CONFIRMED,"Receipt-confirmed activity; unauthorized status derives from public incident report, not chain alone."
2026-10-06T20:39:06Z,2026-10-07T04:39:06+08:00,Solana mainnet,454010882,2RQzMvMEjC4UbWBzxdFrthgQAWvmKepgdPqXCghe6tEoSS9M8aqMYsosnECkxM3N4ipYbF1vXBmkjEkqBRNz4wdd,success,69FnU8vszZSZF6DZCT6VHdsvm3DvvojDgbwqzHJ4cCFS,69FnU8vszZSZF6DZCT6VHdsvm3DvvojDgbwqzHJ4cCFS,0.000205,9fhQBbumKEFuXtMBDw8AaQyAjCorLGJQiS3skWZdQyQD;ComputeBudget111111111111111111111111111111;L2TExMFKdjpN9kozasaurPirfHy9P8sbXoAN1qA3S95,CONFIRMED,"Receipt-confirmed activity; unauthorized status derives from public incident report, not chain alone."
2026-10-06T20:41:15Z,2026-10-07T04:41:15+08:00,Solana mainnet,454011361,2rmwmvV6o3t88NqFzkScnAmLp6MQSNdSwdM6fVEpFjbnQmivPdR5pg132WG6yoRbwMr6vxhVuctEoHWbZ7srV1bh,success,69FnU8vszZSZF6DZCT6VHdsvm3DvvojDgbwqzHJ4cCFS,69FnU8vszZSZF6DZCT6VHdsvm3DvvojDgbwqzHJ4cCFS,0.000205,9fhQBbumKEFuXtMBDw8AaQyAjCorLGJQiS3skWZdQyQD;ComputeBudget111111111111111111111111111111;L2TExMFKdjpN9kozasaurPirfHy9P8sbXoAN1qA3S95,CONFIRMED,"Receipt-confirmed activity; unauthorized status derives from public incident report, not chain alone."
2026-10-06T20:44:38Z,2026-10-07T04:44:38+08:00,Solana mainnet,454012104,4dMYbos32EUJEX6S3PAQZEY2Xn3XAJS5ytRVZyHxbE24i31zrUJAdcimYRvcsu4d8Ac9P8mj6huz6fZz5PuV57DW,success,69FnU8vszZSZF6DZCT6VHdsvm3DvvojDgbwqzHJ4cCFS,69FnU8vszZSZF6DZCT6VHdsvm3DvvojDgbwqzHJ4cCFS,0.000205,9fhQBbumKEFuXtMBDw8AaQyAjCorLGJQiS3skWZdQyQD;ComputeBudget111111111111111111111111111111;L2TExMFKdjpN9kozasaurPirfHy9P8sbXoAN1qA3S95,CONFIRMED,"Receipt-confirmed activity; unauthorized status derives from public incident report, not chain alone."
2026-10-06T20:47:25Z,2026-10-07T04:47:25+08:00,Solana mainnet,454012721,4bjhir5fURcbzsgkEZLRXc3ZuHuShYWDdPeubiYGQ4mWJNjhHMtJd7sJXDPffLm2CsWkZWqfNGr96UQTgPAgjmdM,success,69FnU8vszZSZF6DZCT6VHdsvm3DvvojDgbwqzHJ4cCFS,69FnU8vszZSZF6DZCT6VHdsvm3DvvojDgbwqzHJ4cCFS,0.000205,9fhQBbumKEFuXtMBDw8AaQyAjCorLGJQiS3skWZdQyQD;ComputeBudget111111111111111111111111111111;L2TExMFKdjpN9kozasaurPirfHy9P8sbXoAN1qA3S95,CONFIRMED,"Receipt-confirmed activity; unauthorized status derives from public incident report, not chain alone."
2026-10-06T20:50:20Z,2026-10-07T04:50:20+08:00,Solana mainnet,454013376,3UtUPbZbsSFqMTcSPG5s9nv3yihtPhjiG53inP5eMmfKwZkwsEv8dGrbY59mszAm6AwNbaHuHTrSM5gebF7s99BA,success,69FnU8vszZSZF6DZCT6VHdsvm3DvvojDgbwqzHJ4cCFS,69FnU8vszZSZF6DZCT6VHdsvm3DvvojDgbwqzHJ4cCFS,0.000205,9fhQBbumKEFuXtMBDw8AaQyAjCorLGJQiS3skWZdQyQD;ComputeBudget111111111111111111111111111111;L2TExMFKdjpN9kozasaurPirfHy9P8sbXoAN1qA3S95,CONFIRMED,"Receipt-confirmed activity; unauthorized status derives from public incident report, not chain alone."
2026-10-06T20:52:15Z,2026-10-07T04:52:15+08:00,Solana mainnet,454013812,4LiSTZUKyB4eoN6BFNwZRmXviqNwmJLUHWCvPhLqeRyWQb5nz6yJAeKnAY7H1xeyHxwpj2fYq3vn6BhXFNPw8Bmp,success,69FnU8vszZSZF6DZCT6VHdsvm3DvvojDgbwqzHJ4cCFS,69FnU8vszZSZF6DZCT6VHdsvm3DvvojDgbwqzHJ4cCFS,0.000205,9fhQBbumKEFuXtMBDw8AaQyAjCorLGJQiS3skWZdQyQD;ComputeBudget111111111111111111111111111111;L2TExMFKdjpN9kozasaurPirfHy9P8sbXoAN1qA3S95,CONFIRMED,"Receipt-confirmed activity; unauthorized status derives from public incident report, not chain alone."
2026-10-06T20:55:03Z,2026-10-07T04:55:03+08:00,Solana mainnet,454014439,Y93jwy61fQGerS8PnroExyMKkczavyzntqu3UfsSKmyWZc2BQcnG9nTmzpCkP81D5Fw1YtAPHUXLhkc37K716Aj,success,69FnU8vszZSZF6DZCT6VHdsvm3DvvojDgbwqzHJ4cCFS,69FnU8vszZSZF6DZCT6VHdsvm3DvvojDgbwqzHJ4cCFS,0.000205,9fhQBbumKEFuXtMBDw8AaQyAjCorLGJQiS3skWZdQyQD;ComputeBudget111111111111111111111111111111;L2TExMFKdjpN9kozasaurPirfHy9P8sbXoAN1qA3S95,CONFIRMED,"Receipt-confirmed activity; unauthorized status derives from public incident report, not chain alone."
2026-10-06T20:58:40Z,2026-10-07T04:58:40+08:00,Solana mainnet,454015253,xUu8jqmsvU4GoXjAJvihPhuYPd8P65URTQM6XWnysGtkjrfd1fmWaLiq3FntXrecfaLDQ3yxA3hqTBiicSG4hvU,success,69FnU8vszZSZF6DZCT6VHdsvm3DvvojDgbwqzHJ4cCFS,69FnU8vszZSZF6DZCT6VHdsvm3DvvojDgbwqzHJ4cCFS,0.000205,9fhQBbumKEFuXtMBDw8AaQyAjCorLGJQiS3skWZdQyQD;ComputeBudget111111111111111111111111111111;L2TExMFKdjpN9kozasaurPirfHy9P8sbXoAN1qA3S95,CONFIRMED,"Receipt-confirmed activity; unauthorized status derives from public incident report, not chain alone."
2026-10-06T21:00:54Z,2026-10-07T05:00:54+08:00,Solana mainnet,454015744,3f9ABQgo1xe4gVrDYxFJTSVvfeEz6pucS2ARDypLis6cMDDiT8X789Jf9ipR71n8ZjbvnAu1e9vQHquFwz21DWYm,success,69FnU8vszZSZF6DZCT6VHdsvm3DvvojDgbwqzHJ4cCFS,69FnU8vszZSZF6DZCT6VHdsvm3DvvojDgbwqzHJ4cCFS,0.000205,9fhQBbumKEFuXtMBDw8AaQyAjCorLGJQiS3skWZdQyQD;ComputeBudget111111111111111111111111111111;L2TExMFKdjpN9kozasaurPirfHy9P8sbXoAN1qA3S95,CONFIRMED,"Receipt-confirmed activity; unauthorized status derives from public incident report, not chain alone."
