tx/signature,token_account,owner,mint,decimals
57wSAHgVrsNf7hDvnnEDnpjb6fF1nWj6h9bGKLB5ivKRLwT7TZia4USS1u1GZWsndXK3TB6LKGy3Aj62jMhMu1aj,CRrQL2iwTQB2CDr5UjuXBFBcumFr6vsBwTuQkA48SgJe,9wMSNoA7TzhwUjqsACVGEvzAxAibCHnsZTgXEAGov8zQ,BPxxfRCXkUVhig4HS1Lh7kZqV6SPJhzfEk4x6fVBjPCy,9
57wSAHgVrsNf7hDvnnEDnpjb6fF1nWj6h9bGKLB5ivKRLwT7TZia4USS1u1GZWsndXK3TB6LKGy3Aj62jMhMu1aj,6sTr8zMe9oxxVSxh4KpM5qFVjh1cFSy2NeqEr9SzeaA6,69FnU8vszZSZF6DZCT6VHdsvm3DvvojDgbwqzHJ4cCFS,BPxxfRCXkUVhig4HS1Lh7kZqV6SPJhzfEk4x6fVBjPCy,9
3D3a45d4HYvvNfD4h5o4YSMc1PpW8QFpx4rxrCVvTPMN3wZJb2KTBfC3FncLJGhb7dUVYvCmXuJC8J89ppMbLG5f,DiKEYRAgriswC9aXq6bmrukUgzAGmn6V44q2UkBh12vr,9wMSNoA7TzhwUjqsACVGEvzAxAibCHnsZTgXEAGov8zQ,ZesMGYmokFiEuDvNzWeMhB7jxF6eUW8c512vwSKSTNK,6
3D3a45d4HYvvNfD4h5o4YSMc1PpW8QFpx4rxrCVvTPMN3wZJb2KTBfC3FncLJGhb7dUVYvCmXuJC8J89ppMbLG5f,GodcADf7Ycr8oZX6fzEExz1EE9bH73hWw2vT3Mz5yYxv,69FnU8vszZSZF6DZCT6VHdsvm3DvvojDgbwqzHJ4cCFS,ZesMGYmokFiEuDvNzWeMhB7jxF6eUW8c512vwSKSTNK,6
2opj8gEvy5whjXfnVRa3y98JcVZtFg95A5pq9EuWDGVLNkd8B3rhfcXNgM8NAg6HWjDSbbD9TQn5wwYZd3zUJTug,9ViFVXMED4um2nJbL5LepdPv7EEbLkM5S4FjB5V81BGo,9wMSNoA7TzhwUjqsACVGEvzAxAibCHnsZTgXEAGov8zQ,EPjFWdd5AufqSSqeM2qN1xzybapC8G4wEGGkZwyTDt1v,6
2opj8gEvy5whjXfnVRa3y98JcVZtFg95A5pq9EuWDGVLNkd8B3rhfcXNgM8NAg6HWjDSbbD9TQn5wwYZd3zUJTug,HMnB7bHSFLfo2k4GdGQ2c6inb6eLt3Wpx8SbXgzwnaU2,69FnU8vszZSZF6DZCT6VHdsvm3DvvojDgbwqzHJ4cCFS,EPjFWdd5AufqSSqeM2qN1xzybapC8G4wEGGkZwyTDt1v,6
3PKUr8V25qkoAw5dLX2g6d9i7MM7ZeoYUwx9aUr459o1o7cE3frTLzyoBYeNZMn5jH39ff68wZGUh8auM1sc5yEf,8byS2rovten4Fv1woLTtSVPbibXXVWiPPVMbHP8u7Kh2,9wMSobM9kWHsi94dZ9ts8YRFCvyyBDef5cpUn2AWG8zQ,EPjFWdd5AufqSSqeM2qN1xzybapC8G4wEGGkZwyTDt1v,6
3PKUr8V25qkoAw5dLX2g6d9i7MM7ZeoYUwx9aUr459o1o7cE3frTLzyoBYeNZMn5jH39ff68wZGUh8auM1sc5yEf,HMnB7bHSFLfo2k4GdGQ2c6inb6eLt3Wpx8SbXgzwnaU2,69FnU8vszZSZF6DZCT6VHdsvm3DvvojDgbwqzHJ4cCFS,EPjFWdd5AufqSSqeM2qN1xzybapC8G4wEGGkZwyTDt1v,6
3F3DafraqpNCNXWEuT8iwsAN3UVs5ttrqgAY1DjXinHFbQD3Z6ZyrZsZ2nW3iaKkRrVrAmy4s8hRhfzBbuG6F638,2B5QGtV5esoJgyNiaaifu7ddg3tmAM8M4qtQevFNvZqp,69FnGeWqBEp6NRoxa82GZozNitBaLHf5arQokKQqhCFS,EPjFWdd5AufqSSqeM2qN1xzybapC8G4wEGGkZwyTDt1v,6
3F3DafraqpNCNXWEuT8iwsAN3UVs5ttrqgAY1DjXinHFbQD3Z6ZyrZsZ2nW3iaKkRrVrAmy4s8hRhfzBbuG6F638,9ViFVXMED4um2nJbL5LepdPv7EEbLkM5S4FjB5V81BGo,9wMSNoA7TzhwUjqsACVGEvzAxAibCHnsZTgXEAGov8zQ,EPjFWdd5AufqSSqeM2qN1xzybapC8G4wEGGkZwyTDt1v,6
4B6SuCMEatwWU2gV7q4M54BQZKK1F7yhZiwogUksMnh5PTGUmA72paFFDNhdFAQxnbDrCBRUEVkL5q23YtVQCk1T,87R84pryJEtALnPVuBZmyhRVvyqKVaL3J51Xgc888tWS,9wMSg113W9qstfDhDWJtxpzPQFcy7r53KZBD5FSa28zQ,EPjFWdd5AufqSSqeM2qN1xzybapC8G4wEGGkZwyTDt1v,6
4B6SuCMEatwWU2gV7q4M54BQZKK1F7yhZiwogUksMnh5PTGUmA72paFFDNhdFAQxnbDrCBRUEVkL5q23YtVQCk1T,HMnB7bHSFLfo2k4GdGQ2c6inb6eLt3Wpx8SbXgzwnaU2,69FnU8vszZSZF6DZCT6VHdsvm3DvvojDgbwqzHJ4cCFS,EPjFWdd5AufqSSqeM2qN1xzybapC8G4wEGGkZwyTDt1v,6
3gqaBzu1hyGxSTWtJYQD7jHtD8cq8fks7VJUqcrLGJq4YpW7HEDsnpdqqxEnHZYp6msqmde6qzQQvpZmkePCBpak,Am8X8ZxLM9YaVsDAftThW8cAsaNVK74gvNEsdQNHRDyb,9wMSNoA7TzhwUjqsACVGEvzAxAibCHnsZTgXEAGov8zQ,6dPweBFhc13AjGQ5MBYJUs9EYDJ3zXfGPi61zDAVEwDb,6
4gFp1mjoHSKstrRs2hiYFWa9EHCjbg8VTuSnedwq2RwTp8XXHChDcwrkTfst3WxYmwAyPG7gvsv3myTqKvaBV6Bm,6sTr8zMe9oxxVSxh4KpM5qFVjh1cFSy2NeqEr9SzeaA6,69FnU8vszZSZF6DZCT6VHdsvm3DvvojDgbwqzHJ4cCFS,BPxxfRCXkUVhig4HS1Lh7kZqV6SPJhzfEk4x6fVBjPCy,9
4gFp1mjoHSKstrRs2hiYFWa9EHCjbg8VTuSnedwq2RwTp8XXHChDcwrkTfst3WxYmwAyPG7gvsv3myTqKvaBV6Bm,HMnB7bHSFLfo2k4GdGQ2c6inb6eLt3Wpx8SbXgzwnaU2,69FnU8vszZSZF6DZCT6VHdsvm3DvvojDgbwqzHJ4cCFS,EPjFWdd5AufqSSqeM2qN1xzybapC8G4wEGGkZwyTDt1v,6
4gFp1mjoHSKstrRs2hiYFWa9EHCjbg8VTuSnedwq2RwTp8XXHChDcwrkTfst3WxYmwAyPG7gvsv3myTqKvaBV6Bm,6AMWTvaL1pscDo5CAaBhPfv7xnSLjJ3ZXScV9yt5Gr5G,3LoAYHuSd7Gh8d7RTFnhvYtiTiefdZ5ByamU42vkzd76,So11111111111111111111111111111111111111112,9
4gFp1mjoHSKstrRs2hiYFWa9EHCjbg8VTuSnedwq2RwTp8XXHChDcwrkTfst3WxYmwAyPG7gvsv3myTqKvaBV6Bm,2h2krJ34JxKe68wzL52TyJyvciEF6g6jVAbiNnLa9a5G,6qz7THwQvcjF3HyDGLuKaLBUk6EyJKeZXZMWLAeiwfjd,EPjFWdd5AufqSSqeM2qN1xzybapC8G4wEGGkZwyTDt1v,6
4gFp1mjoHSKstrRs2hiYFWa9EHCjbg8VTuSnedwq2RwTp8XXHChDcwrkTfst3WxYmwAyPG7gvsv3myTqKvaBV6Bm,VUEyRHYzJNHehVrJDGfpnhCUF1Z4wh2jipw6JE5D6rK,6qz7THwQvcjF3HyDGLuKaLBUk6EyJKeZXZMWLAeiwfjd,BPxxfRCXkUVhig4HS1Lh7kZqV6SPJhzfEk4x6fVBjPCy,9
4gFp1mjoHSKstrRs2hiYFWa9EHCjbg8VTuSnedwq2RwTp8XXHChDcwrkTfst3WxYmwAyPG7gvsv3myTqKvaBV6Bm,5pVN5XZB8cYBjNLFrsBCPWkCQBan5K5Mq2dWGzwPgGJV,8ekCy2jHHUbW2yeNGFWYJT9Hm9FW7SvZcZK66dSZCDiF,So11111111111111111111111111111111111111112,9
4gFp1mjoHSKstrRs2hiYFWa9EHCjbg8VTuSnedwq2RwTp8XXHChDcwrkTfst3WxYmwAyPG7gvsv3myTqKvaBV6Bm,9t4P5wMwfFkyn92Z7hf463qYKEZf8ERVZsGBEPNp8uJx,8ekCy2jHHUbW2yeNGFWYJT9Hm9FW7SvZcZK66dSZCDiF,EPjFWdd5AufqSSqeM2qN1xzybapC8G4wEGGkZwyTDt1v,6
4gFp1mjoHSKstrRs2hiYFWa9EHCjbg8VTuSnedwq2RwTp8XXHChDcwrkTfst3WxYmwAyPG7gvsv3myTqKvaBV6Bm,F7kKkMgmocJAkMqMzJqMFCRKZmTSifeuQMVusqAhbvod,7o3bfXjeDL6Wzuwk1VR8nvEwSJTA2hHJhBgUA95nFDDa,So11111111111111111111111111111111111111112,9
4gFp1mjoHSKstrRs2hiYFWa9EHCjbg8VTuSnedwq2RwTp8XXHChDcwrkTfst3WxYmwAyPG7gvsv3myTqKvaBV6Bm,HhdH9tGT84nF5MzhgHS1chDed4cWbmk2oimHASobVXuY,7o3bfXjeDL6Wzuwk1VR8nvEwSJTA2hHJhBgUA95nFDDa,BPxxfRCXkUVhig4HS1Lh7kZqV6SPJhzfEk4x6fVBjPCy,9
4gFp1mjoHSKstrRs2hiYFWa9EHCjbg8VTuSnedwq2RwTp8XXHChDcwrkTfst3WxYmwAyPG7gvsv3myTqKvaBV6Bm,8ncU5YW1CQwvr4gs7buH57bW58e86TDau4STrCJBuz8z,GMCJvYGf5Ex2ARiMquaBDqU6iKM8uiEQkB8jCnoNfHpC,So11111111111111111111111111111111111111112,9
4gFp1mjoHSKstrRs2hiYFWa9EHCjbg8VTuSnedwq2RwTp8XXHChDcwrkTfst3WxYmwAyPG7gvsv3myTqKvaBV6Bm,EunHLeqeJKvxnCPQSytnBP63HJVk2fbHceiKKpngyAo8,GMCJvYGf5Ex2ARiMquaBDqU6iKM8uiEQkB8jCnoNfHpC,EPjFWdd5AufqSSqeM2qN1xzybapC8G4wEGGkZwyTDt1v,6
2tGBJBuDWnmgV6Azn8WDqe5EdyARFnUwek917EeFE1xuQzZXdbruKrSJfZDZEJZ9JuRv59nckCosqLTGiGfpFd4b,8byS2rovten4Fv1woLTtSVPbibXXVWiPPVMbHP8u7Kh2,9wMSobM9kWHsi94dZ9ts8YRFCvyyBDef5cpUn2AWG8zQ,EPjFWdd5AufqSSqeM2qN1xzybapC8G4wEGGkZwyTDt1v,6
2tGBJBuDWnmgV6Azn8WDqe5EdyARFnUwek917EeFE1xuQzZXdbruKrSJfZDZEJZ9JuRv59nckCosqLTGiGfpFd4b,HMnB7bHSFLfo2k4GdGQ2c6inb6eLt3Wpx8SbXgzwnaU2,69FnU8vszZSZF6DZCT6VHdsvm3DvvojDgbwqzHJ4cCFS,EPjFWdd5AufqSSqeM2qN1xzybapC8G4wEGGkZwyTDt1v,6
j6VocaeyQgndKFsAFUpfKMCwkAQ7aigYyAZxTnGnZDs8HoUeyuJwnwhQauUWEAHnBnZd1N5jktXwvXokUP9gAd9,2B5QGtV5esoJgyNiaaifu7ddg3tmAM8M4qtQevFNvZqp,69FnGeWqBEp6NRoxa82GZozNitBaLHf5arQokKQqhCFS,EPjFWdd5AufqSSqeM2qN1xzybapC8G4wEGGkZwyTDt1v,6
j6VocaeyQgndKFsAFUpfKMCwkAQ7aigYyAZxTnGnZDs8HoUeyuJwnwhQauUWEAHnBnZd1N5jktXwvXokUP9gAd9,9ViFVXMED4um2nJbL5LepdPv7EEbLkM5S4FjB5V81BGo,9wMSNoA7TzhwUjqsACVGEvzAxAibCHnsZTgXEAGov8zQ,EPjFWdd5AufqSSqeM2qN1xzybapC8G4wEGGkZwyTDt1v,6
4oGgjwhJc1RvrfYy9AezuqWyTN8bF2TyaxEkoSdzdriVtbAfVw3c8hkCZiLJ5aXqhDCtBfJScpSggXRKUNb8qJjw,39FWQJxqTmUkFqHKjEs3CawQ1b1rqLcKmHfJ1FWMAWdu,3CgvbiM3op4vjrrjH2zcrQUwsqh5veNVRjFCB9N6sRoD,So11111111111111111111111111111111111111112,9
4oGgjwhJc1RvrfYy9AezuqWyTN8bF2TyaxEkoSdzdriVtbAfVw3c8hkCZiLJ5aXqhDCtBfJScpSggXRKUNb8qJjw,66WmHskiS981YdWzHCfdu1hkB9qENyJ4HjT4Pz5XWDj5,ARu4n5mFdZogZAravu7CcizaojWnS6oqka37gdLT5SZn,BPxxfRCXkUVhig4HS1Lh7kZqV6SPJhzfEk4x6fVBjPCy,9
4oGgjwhJc1RvrfYy9AezuqWyTN8bF2TyaxEkoSdzdriVtbAfVw3c8hkCZiLJ5aXqhDCtBfJScpSggXRKUNb8qJjw,6sTr8zMe9oxxVSxh4KpM5qFVjh1cFSy2NeqEr9SzeaA6,69FnU8vszZSZF6DZCT6VHdsvm3DvvojDgbwqzHJ4cCFS,BPxxfRCXkUVhig4HS1Lh7kZqV6SPJhzfEk4x6fVBjPCy,9
4oGgjwhJc1RvrfYy9AezuqWyTN8bF2TyaxEkoSdzdriVtbAfVw3c8hkCZiLJ5aXqhDCtBfJScpSggXRKUNb8qJjw,2h2krJ34JxKe68wzL52TyJyvciEF6g6jVAbiNnLa9a5G,6qz7THwQvcjF3HyDGLuKaLBUk6EyJKeZXZMWLAeiwfjd,EPjFWdd5AufqSSqeM2qN1xzybapC8G4wEGGkZwyTDt1v,6
4oGgjwhJc1RvrfYy9AezuqWyTN8bF2TyaxEkoSdzdriVtbAfVw3c8hkCZiLJ5aXqhDCtBfJScpSggXRKUNb8qJjw,VUEyRHYzJNHehVrJDGfpnhCUF1Z4wh2jipw6JE5D6rK,6qz7THwQvcjF3HyDGLuKaLBUk6EyJKeZXZMWLAeiwfjd,BPxxfRCXkUVhig4HS1Lh7kZqV6SPJhzfEk4x6fVBjPCy,9
4oGgjwhJc1RvrfYy9AezuqWyTN8bF2TyaxEkoSdzdriVtbAfVw3c8hkCZiLJ5aXqhDCtBfJScpSggXRKUNb8qJjw,CfQKqneYxXqCc2Ev3zxHwSDz1B59ngcVxFBFr1dqT2dU,8x6R5zLL41N41aM3NSgTZAD3ys2YZSHsDLuiq9Dkh3Mw,BPxxfRCXkUVhig4HS1Lh7kZqV6SPJhzfEk4x6fVBjPCy,9
4oGgjwhJc1RvrfYy9AezuqWyTN8bF2TyaxEkoSdzdriVtbAfVw3c8hkCZiLJ5aXqhDCtBfJScpSggXRKUNb8qJjw,Hm7hMi1kQC4b9dk3jpk9p36apq1oeTcj9mRbUTNUUAHr,8x6R5zLL41N41aM3NSgTZAD3ys2YZSHsDLuiq9Dkh3Mw,So11111111111111111111111111111111111111112,9
4oGgjwhJc1RvrfYy9AezuqWyTN8bF2TyaxEkoSdzdriVtbAfVw3c8hkCZiLJ5aXqhDCtBfJScpSggXRKUNb8qJjw,F7kKkMgmocJAkMqMzJqMFCRKZmTSifeuQMVusqAhbvod,7o3bfXjeDL6Wzuwk1VR8nvEwSJTA2hHJhBgUA95nFDDa,So11111111111111111111111111111111111111112,9
4oGgjwhJc1RvrfYy9AezuqWyTN8bF2TyaxEkoSdzdriVtbAfVw3c8hkCZiLJ5aXqhDCtBfJScpSggXRKUNb8qJjw,HhdH9tGT84nF5MzhgHS1chDed4cWbmk2oimHASobVXuY,7o3bfXjeDL6Wzuwk1VR8nvEwSJTA2hHJhBgUA95nFDDa,BPxxfRCXkUVhig4HS1Lh7kZqV6SPJhzfEk4x6fVBjPCy,9
4oGgjwhJc1RvrfYy9AezuqWyTN8bF2TyaxEkoSdzdriVtbAfVw3c8hkCZiLJ5aXqhDCtBfJScpSggXRKUNb8qJjw,8XrtGP8RG33AnrN2yJ6H3gnXPNQ3dYXKqM72bpzhcsd6,ARu4n5mFdZogZAravu7CcizaojWnS6oqka37gdLT5SZn,EPjFWdd5AufqSSqeM2qN1xzybapC8G4wEGGkZwyTDt1v,6
4oGgjwhJc1RvrfYy9AezuqWyTN8bF2TyaxEkoSdzdriVtbAfVw3c8hkCZiLJ5aXqhDCtBfJScpSggXRKUNb8qJjw,DT2krA8vSP96D68nH86eAztZHVM18YB5i4gDXjLBDXm7,ARu4n5mFdZogZAravu7CcizaojWnS6oqka37gdLT5SZn,So11111111111111111111111111111111111111112,9
4oGgjwhJc1RvrfYy9AezuqWyTN8bF2TyaxEkoSdzdriVtbAfVw3c8hkCZiLJ5aXqhDCtBfJScpSggXRKUNb8qJjw,2Y7HATmn9aJBcxCskE5V2U2epmjvkZmB51zTJBbhj4cU,8FnX3xo2yYw3EUE6w3nQA4GfXGS9wpK6oj3veJpbFzLo,EPjFWdd5AufqSSqeM2qN1xzybapC8G4wEGGkZwyTDt1v,6
4oGgjwhJc1RvrfYy9AezuqWyTN8bF2TyaxEkoSdzdriVtbAfVw3c8hkCZiLJ5aXqhDCtBfJScpSggXRKUNb8qJjw,ATRsNGv2nDw7hSMfkUTBoVUDsFDwN7po7KbecyiGWNB4,8FnX3xo2yYw3EUE6w3nQA4GfXGS9wpK6oj3veJpbFzLo,So11111111111111111111111111111111111111112,9
4oGgjwhJc1RvrfYy9AezuqWyTN8bF2TyaxEkoSdzdriVtbAfVw3c8hkCZiLJ5aXqhDCtBfJScpSggXRKUNb8qJjw,5pVN5XZB8cYBjNLFrsBCPWkCQBan5K5Mq2dWGzwPgGJV,8ekCy2jHHUbW2yeNGFWYJT9Hm9FW7SvZcZK66dSZCDiF,So11111111111111111111111111111111111111112,9
4oGgjwhJc1RvrfYy9AezuqWyTN8bF2TyaxEkoSdzdriVtbAfVw3c8hkCZiLJ5aXqhDCtBfJScpSggXRKUNb8qJjw,9t4P5wMwfFkyn92Z7hf463qYKEZf8ERVZsGBEPNp8uJx,8ekCy2jHHUbW2yeNGFWYJT9Hm9FW7SvZcZK66dSZCDiF,EPjFWdd5AufqSSqeM2qN1xzybapC8G4wEGGkZwyTDt1v,6
312uJ1cSEoVST9chHp2PwQ2piqkqRrqY1JPJ9VmvnCkzSnG4xYuyuD5UWV2ZevgYuXLztXQkGQQmQ8TnJ13osUfs,6sTr8zMe9oxxVSxh4KpM5qFVjh1cFSy2NeqEr9SzeaA6,69FnU8vszZSZF6DZCT6VHdsvm3DvvojDgbwqzHJ4cCFS,BPxxfRCXkUVhig4HS1Lh7kZqV6SPJhzfEk4x6fVBjPCy,9
312uJ1cSEoVST9chHp2PwQ2piqkqRrqY1JPJ9VmvnCkzSnG4xYuyuD5UWV2ZevgYuXLztXQkGQQmQ8TnJ13osUfs,HMnB7bHSFLfo2k4GdGQ2c6inb6eLt3Wpx8SbXgzwnaU2,69FnU8vszZSZF6DZCT6VHdsvm3DvvojDgbwqzHJ4cCFS,EPjFWdd5AufqSSqeM2qN1xzybapC8G4wEGGkZwyTDt1v,6
312uJ1cSEoVST9chHp2PwQ2piqkqRrqY1JPJ9VmvnCkzSnG4xYuyuD5UWV2ZevgYuXLztXQkGQQmQ8TnJ13osUfs,qqdJ4z1yu4sTbAitwXZsGNDoGZFgL2HfVKSVwAXWCfq,69yhtoJR4JYPPABZcSNkzuqbaFbwHsCkja1sP1Q2aVT5,So11111111111111111111111111111111111111112,9
312uJ1cSEoVST9chHp2PwQ2piqkqRrqY1JPJ9VmvnCkzSnG4xYuyuD5UWV2ZevgYuXLztXQkGQQmQ8TnJ13osUfs,2h2krJ34JxKe68wzL52TyJyvciEF6g6jVAbiNnLa9a5G,6qz7THwQvcjF3HyDGLuKaLBUk6EyJKeZXZMWLAeiwfjd,EPjFWdd5AufqSSqeM2qN1xzybapC8G4wEGGkZwyTDt1v,6
312uJ1cSEoVST9chHp2PwQ2piqkqRrqY1JPJ9VmvnCkzSnG4xYuyuD5UWV2ZevgYuXLztXQkGQQmQ8TnJ13osUfs,VUEyRHYzJNHehVrJDGfpnhCUF1Z4wh2jipw6JE5D6rK,6qz7THwQvcjF3HyDGLuKaLBUk6EyJKeZXZMWLAeiwfjd,BPxxfRCXkUVhig4HS1Lh7kZqV6SPJhzfEk4x6fVBjPCy,9
312uJ1cSEoVST9chHp2PwQ2piqkqRrqY1JPJ9VmvnCkzSnG4xYuyuD5UWV2ZevgYuXLztXQkGQQmQ8TnJ13osUfs,2Y7HATmn9aJBcxCskE5V2U2epmjvkZmB51zTJBbhj4cU,8FnX3xo2yYw3EUE6w3nQA4GfXGS9wpK6oj3veJpbFzLo,EPjFWdd5AufqSSqeM2qN1xzybapC8G4wEGGkZwyTDt1v,6
312uJ1cSEoVST9chHp2PwQ2piqkqRrqY1JPJ9VmvnCkzSnG4xYuyuD5UWV2ZevgYuXLztXQkGQQmQ8TnJ13osUfs,ATRsNGv2nDw7hSMfkUTBoVUDsFDwN7po7KbecyiGWNB4,8FnX3xo2yYw3EUE6w3nQA4GfXGS9wpK6oj3veJpbFzLo,So11111111111111111111111111111111111111112,9
312uJ1cSEoVST9chHp2PwQ2piqkqRrqY1JPJ9VmvnCkzSnG4xYuyuD5UWV2ZevgYuXLztXQkGQQmQ8TnJ13osUfs,5pVN5XZB8cYBjNLFrsBCPWkCQBan5K5Mq2dWGzwPgGJV,8ekCy2jHHUbW2yeNGFWYJT9Hm9FW7SvZcZK66dSZCDiF,So11111111111111111111111111111111111111112,9
312uJ1cSEoVST9chHp2PwQ2piqkqRrqY1JPJ9VmvnCkzSnG4xYuyuD5UWV2ZevgYuXLztXQkGQQmQ8TnJ13osUfs,9t4P5wMwfFkyn92Z7hf463qYKEZf8ERVZsGBEPNp8uJx,8ekCy2jHHUbW2yeNGFWYJT9Hm9FW7SvZcZK66dSZCDiF,EPjFWdd5AufqSSqeM2qN1xzybapC8G4wEGGkZwyTDt1v,6
312uJ1cSEoVST9chHp2PwQ2piqkqRrqY1JPJ9VmvnCkzSnG4xYuyuD5UWV2ZevgYuXLztXQkGQQmQ8TnJ13osUfs,9TuJee4fJBPUFLbvTiKbwbhXFfMUNbsdoMeSxSyDGGqA,4JVzaxyMKvhZZTMdatchvCNUPeNn7LHiKeRZtcskuaHB,So11111111111111111111111111111111111111112,9
4KJ38ttcvcjXC2qBjAXAq5CqAcuSjJwv57C5hcmjsLwRqya8jhUGwk42MypaJku3xxNjzSZ3G79wvDLzFvQ24SQn,48ehmcNCaU1fmujru1a1EmRZpTbdwPxd54MaDbwZB7kS,CPgPrxLxuZnRKfccwWLQcPd1fQYFqvy58CsuBb5Zx6PZ,EZwsB9QbF6uAWnKBRmZrMv82tbWrzQHpuD1scxqD3tEF,6
4KJ38ttcvcjXC2qBjAXAq5CqAcuSjJwv57C5hcmjsLwRqya8jhUGwk42MypaJku3xxNjzSZ3G79wvDLzFvQ24SQn,CA9B7pgkAFYNyo8gqwg34K9Ee3odJLSgWRpnb8eDc5Gu,69FnU8vszZSZF6DZCT6VHdsvm3DvvojDgbwqzHJ4cCFS,EZwsB9QbF6uAWnKBRmZrMv82tbWrzQHpuD1scxqD3tEF,6
3KuFVRz24BkxXbHMisbGA57sdarRQavNCzRWr15pWVocNtoa5S1R5sAcm6Msu5i9jfKSMCvAYwzR9e2i9qJEUbaa,66WmHskiS981YdWzHCfdu1hkB9qENyJ4HjT4Pz5XWDj5,ARu4n5mFdZogZAravu7CcizaojWnS6oqka37gdLT5SZn,BPxxfRCXkUVhig4HS1Lh7kZqV6SPJhzfEk4x6fVBjPCy,9
3KuFVRz24BkxXbHMisbGA57sdarRQavNCzRWr15pWVocNtoa5S1R5sAcm6Msu5i9jfKSMCvAYwzR9e2i9qJEUbaa,6sTr8zMe9oxxVSxh4KpM5qFVjh1cFSy2NeqEr9SzeaA6,69FnU8vszZSZF6DZCT6VHdsvm3DvvojDgbwqzHJ4cCFS,BPxxfRCXkUVhig4HS1Lh7kZqV6SPJhzfEk4x6fVBjPCy,9
3KuFVRz24BkxXbHMisbGA57sdarRQavNCzRWr15pWVocNtoa5S1R5sAcm6Msu5i9jfKSMCvAYwzR9e2i9qJEUbaa,EaUghZfmuhgtZEEwaZwX5EBroz4WyH8VM5NSXi4tam5A,HU23r7UoZbqTUuh3vA7emAGztFtqwTeVips789vqxxBw,So11111111111111111111111111111111111111112,9
3KuFVRz24BkxXbHMisbGA57sdarRQavNCzRWr15pWVocNtoa5S1R5sAcm6Msu5i9jfKSMCvAYwzR9e2i9qJEUbaa,34WpFzQ1WE2nDLLEKJuvCXxapL7ak6CigJS8Ks5NDo5K,EHcege7dok1iYs7SxL2XzDPvhg6XzMVcx2V5SkMUurJP,EPjFWdd5AufqSSqeM2qN1xzybapC8G4wEGGkZwyTDt1v,6
3KuFVRz24BkxXbHMisbGA57sdarRQavNCzRWr15pWVocNtoa5S1R5sAcm6Msu5i9jfKSMCvAYwzR9e2i9qJEUbaa,44GW6aFire4Fd72h4QqjenNKrQLjfnApHhWYXo3S1gvp,EHcege7dok1iYs7SxL2XzDPvhg6XzMVcx2V5SkMUurJP,So11111111111111111111111111111111111111112,9
3KuFVRz24BkxXbHMisbGA57sdarRQavNCzRWr15pWVocNtoa5S1R5sAcm6Msu5i9jfKSMCvAYwzR9e2i9qJEUbaa,2h2krJ34JxKe68wzL52TyJyvciEF6g6jVAbiNnLa9a5G,6qz7THwQvcjF3HyDGLuKaLBUk6EyJKeZXZMWLAeiwfjd,EPjFWdd5AufqSSqeM2qN1xzybapC8G4wEGGkZwyTDt1v,6
3KuFVRz24BkxXbHMisbGA57sdarRQavNCzRWr15pWVocNtoa5S1R5sAcm6Msu5i9jfKSMCvAYwzR9e2i9qJEUbaa,VUEyRHYzJNHehVrJDGfpnhCUF1Z4wh2jipw6JE5D6rK,6qz7THwQvcjF3HyDGLuKaLBUk6EyJKeZXZMWLAeiwfjd,BPxxfRCXkUVhig4HS1Lh7kZqV6SPJhzfEk4x6fVBjPCy,9
3KuFVRz24BkxXbHMisbGA57sdarRQavNCzRWr15pWVocNtoa5S1R5sAcm6Msu5i9jfKSMCvAYwzR9e2i9qJEUbaa,6qNe4bchYPddqVcjzwMAggZ2fox9ZLajQR7R5eMiycxM,APMCZRS9hatjUyiuPCt2kfTf1ZW6pmVdxQtaTSfqYLQj,So11111111111111111111111111111111111111112,9
3KuFVRz24BkxXbHMisbGA57sdarRQavNCzRWr15pWVocNtoa5S1R5sAcm6Msu5i9jfKSMCvAYwzR9e2i9qJEUbaa,HeLDzXecZNWX29Ctcd9MGzxUcnTyRYVKMMBvznNDjR81,APMCZRS9hatjUyiuPCt2kfTf1ZW6pmVdxQtaTSfqYLQj,BPxxfRCXkUVhig4HS1Lh7kZqV6SPJhzfEk4x6fVBjPCy,9
3KuFVRz24BkxXbHMisbGA57sdarRQavNCzRWr15pWVocNtoa5S1R5sAcm6Msu5i9jfKSMCvAYwzR9e2i9qJEUbaa,F7kKkMgmocJAkMqMzJqMFCRKZmTSifeuQMVusqAhbvod,7o3bfXjeDL6Wzuwk1VR8nvEwSJTA2hHJhBgUA95nFDDa,So11111111111111111111111111111111111111112,9
3KuFVRz24BkxXbHMisbGA57sdarRQavNCzRWr15pWVocNtoa5S1R5sAcm6Msu5i9jfKSMCvAYwzR9e2i9qJEUbaa,HhdH9tGT84nF5MzhgHS1chDed4cWbmk2oimHASobVXuY,7o3bfXjeDL6Wzuwk1VR8nvEwSJTA2hHJhBgUA95nFDDa,BPxxfRCXkUVhig4HS1Lh7kZqV6SPJhzfEk4x6fVBjPCy,9
3KuFVRz24BkxXbHMisbGA57sdarRQavNCzRWr15pWVocNtoa5S1R5sAcm6Msu5i9jfKSMCvAYwzR9e2i9qJEUbaa,8XrtGP8RG33AnrN2yJ6H3gnXPNQ3dYXKqM72bpzhcsd6,ARu4n5mFdZogZAravu7CcizaojWnS6oqka37gdLT5SZn,EPjFWdd5AufqSSqeM2qN1xzybapC8G4wEGGkZwyTDt1v,6
3KuFVRz24BkxXbHMisbGA57sdarRQavNCzRWr15pWVocNtoa5S1R5sAcm6Msu5i9jfKSMCvAYwzR9e2i9qJEUbaa,DT2krA8vSP96D68nH86eAztZHVM18YB5i4gDXjLBDXm7,ARu4n5mFdZogZAravu7CcizaojWnS6oqka37gdLT5SZn,So11111111111111111111111111111111111111112,9
3KuFVRz24BkxXbHMisbGA57sdarRQavNCzRWr15pWVocNtoa5S1R5sAcm6Msu5i9jfKSMCvAYwzR9e2i9qJEUbaa,5pVN5XZB8cYBjNLFrsBCPWkCQBan5K5Mq2dWGzwPgGJV,8ekCy2jHHUbW2yeNGFWYJT9Hm9FW7SvZcZK66dSZCDiF,So11111111111111111111111111111111111111112,9
3KuFVRz24BkxXbHMisbGA57sdarRQavNCzRWr15pWVocNtoa5S1R5sAcm6Msu5i9jfKSMCvAYwzR9e2i9qJEUbaa,9t4P5wMwfFkyn92Z7hf463qYKEZf8ERVZsGBEPNp8uJx,8ekCy2jHHUbW2yeNGFWYJT9Hm9FW7SvZcZK66dSZCDiF,EPjFWdd5AufqSSqeM2qN1xzybapC8G4wEGGkZwyTDt1v,6
TkEe4z4zGuw1jTSA3fEDnSPM3rg5retPVkF7VhQcqjhuSoA6wDPAfPzLZysVP7GopTZhx94CgXTfxW6DoYmxo6t,2oL6my4QDDCfpgJZX1bZV1NgbmuNptKdgcE8wJm6efgk,7iWnBRRhBCiNXXPhqiGzvvBkKrvFSWqqmxRyu9VyYBxE,So11111111111111111111111111111111111111112,9
TkEe4z4zGuw1jTSA3fEDnSPM3rg5retPVkF7VhQcqjhuSoA6wDPAfPzLZysVP7GopTZhx94CgXTfxW6DoYmxo6t,66WmHskiS981YdWzHCfdu1hkB9qENyJ4HjT4Pz5XWDj5,ARu4n5mFdZogZAravu7CcizaojWnS6oqka37gdLT5SZn,BPxxfRCXkUVhig4HS1Lh7kZqV6SPJhzfEk4x6fVBjPCy,9
TkEe4z4zGuw1jTSA3fEDnSPM3rg5retPVkF7VhQcqjhuSoA6wDPAfPzLZysVP7GopTZhx94CgXTfxW6DoYmxo6t,GodcADf7Ycr8oZX6fzEExz1EE9bH73hWw2vT3Mz5yYxv,69FnU8vszZSZF6DZCT6VHdsvm3DvvojDgbwqzHJ4cCFS,ZesMGYmokFiEuDvNzWeMhB7jxF6eUW8c512vwSKSTNK,6
TkEe4z4zGuw1jTSA3fEDnSPM3rg5retPVkF7VhQcqjhuSoA6wDPAfPzLZysVP7GopTZhx94CgXTfxW6DoYmxo6t,5PoDS64x9ZiaBUyKdn73ZwwJr7vvMcYJr2rfycZ7e3dU,GpMZbSM2GgvTKHJirzeGfMFoaZ8UR2X7F4v8vHTvxFbL,ZesMGYmokFiEuDvNzWeMhB7jxF6eUW8c512vwSKSTNK,6
TkEe4z4zGuw1jTSA3fEDnSPM3rg5retPVkF7VhQcqjhuSoA6wDPAfPzLZysVP7GopTZhx94CgXTfxW6DoYmxo6t,FpSeG45vmfdh2YpeDyWREiGCvbh2n47dcLLL1bMkqBa2,GpMZbSM2GgvTKHJirzeGfMFoaZ8UR2X7F4v8vHTvxFbL,BPxxfRCXkUVhig4HS1Lh7kZqV6SPJhzfEk4x6fVBjPCy,9
TkEe4z4zGuw1jTSA3fEDnSPM3rg5retPVkF7VhQcqjhuSoA6wDPAfPzLZysVP7GopTZhx94CgXTfxW6DoYmxo6t,3C3mrhD4iXgtrrKS3eCJaiFCTfz4N4k3KcZ32WpTJsbA,6Hqd8wspmgRXaoKNwRF2a23QioEsz1V2UNDBhhsMgcXq,So11111111111111111111111111111111111111112,9
TkEe4z4zGuw1jTSA3fEDnSPM3rg5retPVkF7VhQcqjhuSoA6wDPAfPzLZysVP7GopTZhx94CgXTfxW6DoYmxo6t,3sPDUULAoRzRuYCCzYWM5KRucvhTWGGg7E5XqoXxnRRZ,6Hqd8wspmgRXaoKNwRF2a23QioEsz1V2UNDBhhsMgcXq,ZesMGYmokFiEuDvNzWeMhB7jxF6eUW8c512vwSKSTNK,6
TkEe4z4zGuw1jTSA3fEDnSPM3rg5retPVkF7VhQcqjhuSoA6wDPAfPzLZysVP7GopTZhx94CgXTfxW6DoYmxo6t,2h2krJ34JxKe68wzL52TyJyvciEF6g6jVAbiNnLa9a5G,6qz7THwQvcjF3HyDGLuKaLBUk6EyJKeZXZMWLAeiwfjd,EPjFWdd5AufqSSqeM2qN1xzybapC8G4wEGGkZwyTDt1v,6
TkEe4z4zGuw1jTSA3fEDnSPM3rg5retPVkF7VhQcqjhuSoA6wDPAfPzLZysVP7GopTZhx94CgXTfxW6DoYmxo6t,VUEyRHYzJNHehVrJDGfpnhCUF1Z4wh2jipw6JE5D6rK,6qz7THwQvcjF3HyDGLuKaLBUk6EyJKeZXZMWLAeiwfjd,BPxxfRCXkUVhig4HS1Lh7kZqV6SPJhzfEk4x6fVBjPCy,9
TkEe4z4zGuw1jTSA3fEDnSPM3rg5retPVkF7VhQcqjhuSoA6wDPAfPzLZysVP7GopTZhx94CgXTfxW6DoYmxo6t,8XrtGP8RG33AnrN2yJ6H3gnXPNQ3dYXKqM72bpzhcsd6,ARu4n5mFdZogZAravu7CcizaojWnS6oqka37gdLT5SZn,EPjFWdd5AufqSSqeM2qN1xzybapC8G4wEGGkZwyTDt1v,6
TkEe4z4zGuw1jTSA3fEDnSPM3rg5retPVkF7VhQcqjhuSoA6wDPAfPzLZysVP7GopTZhx94CgXTfxW6DoYmxo6t,DT2krA8vSP96D68nH86eAztZHVM18YB5i4gDXjLBDXm7,ARu4n5mFdZogZAravu7CcizaojWnS6oqka37gdLT5SZn,So11111111111111111111111111111111111111112,9
TkEe4z4zGuw1jTSA3fEDnSPM3rg5retPVkF7VhQcqjhuSoA6wDPAfPzLZysVP7GopTZhx94CgXTfxW6DoYmxo6t,2Y7HATmn9aJBcxCskE5V2U2epmjvkZmB51zTJBbhj4cU,8FnX3xo2yYw3EUE6w3nQA4GfXGS9wpK6oj3veJpbFzLo,EPjFWdd5AufqSSqeM2qN1xzybapC8G4wEGGkZwyTDt1v,6
TkEe4z4zGuw1jTSA3fEDnSPM3rg5retPVkF7VhQcqjhuSoA6wDPAfPzLZysVP7GopTZhx94CgXTfxW6DoYmxo6t,ATRsNGv2nDw7hSMfkUTBoVUDsFDwN7po7KbecyiGWNB4,8FnX3xo2yYw3EUE6w3nQA4GfXGS9wpK6oj3veJpbFzLo,So11111111111111111111111111111111111111112,9
TkEe4z4zGuw1jTSA3fEDnSPM3rg5retPVkF7VhQcqjhuSoA6wDPAfPzLZysVP7GopTZhx94CgXTfxW6DoYmxo6t,5pVN5XZB8cYBjNLFrsBCPWkCQBan5K5Mq2dWGzwPgGJV,8ekCy2jHHUbW2yeNGFWYJT9Hm9FW7SvZcZK66dSZCDiF,So11111111111111111111111111111111111111112,9
TkEe4z4zGuw1jTSA3fEDnSPM3rg5retPVkF7VhQcqjhuSoA6wDPAfPzLZysVP7GopTZhx94CgXTfxW6DoYmxo6t,9t4P5wMwfFkyn92Z7hf463qYKEZf8ERVZsGBEPNp8uJx,8ekCy2jHHUbW2yeNGFWYJT9Hm9FW7SvZcZK66dSZCDiF,EPjFWdd5AufqSSqeM2qN1xzybapC8G4wEGGkZwyTDt1v,6
5fFLUqvsAJLEn1cPnypjzfKi8iioUYCnaCgR8QonKtE2U3xf6nk8RduhjURrjLP32yX1pzTT9vy9bXHXfQyNA87t,8Ti6AMEkfZnFjKTa3kJw9mNsyjgKC5vwCxViqgViMj9S,Grr9WnZdcetQywtFXog81UhqmnJyvFhb4AT3ipw44mZP,EPjFWdd5AufqSSqeM2qN1xzybapC8G4wEGGkZwyTDt1v,6
5fFLUqvsAJLEn1cPnypjzfKi8iioUYCnaCgR8QonKtE2U3xf6nk8RduhjURrjLP32yX1pzTT9vy9bXHXfQyNA87t,Bukt1ztP1AetQPdfHKUjFp7cVJPFusCNi98bvZcL7Ug5,Grr9WnZdcetQywtFXog81UhqmnJyvFhb4AT3ipw44mZP,So11111111111111111111111111111111111111112,9
5fFLUqvsAJLEn1cPnypjzfKi8iioUYCnaCgR8QonKtE2U3xf6nk8RduhjURrjLP32yX1pzTT9vy9bXHXfQyNA87t,HMnB7bHSFLfo2k4GdGQ2c6inb6eLt3Wpx8SbXgzwnaU2,69FnU8vszZSZF6DZCT6VHdsvm3DvvojDgbwqzHJ4cCFS,EPjFWdd5AufqSSqeM2qN1xzybapC8G4wEGGkZwyTDt1v,6
