ID,timestamp,chain,tx/signature,source,destination,asset,amount,USD value if available,action,protocol,signer/authority if known,fee_payer,network_fee_SOL,provenance status,classification,notes
F0001,2026-10-06T20:14:54Z,Solana mainnet,57wSAHgVrsNf7hDvnnEDnpjb6fF1nWj6h9bGKLB5ivKRLwT7TZia4USS1u1GZWsndXK3TB6LKGy3Aj62jMhMu1aj,raw_transactions/57wSAHgVrsNf7hDvnnEDnpjb6fF1nWj6h9bGKLB5ivKRLwT7TZia4USS1u1GZWsndXK3TB6LKGy3Aj62jMhMu1aj.json,6sTr8zMe9oxxVSxh4KpM5qFVjh1cFSy2NeqEr9SzeaA6,BPxxfRCXkUVhig4HS1Lh7kZqV6SPJhzfEk4x6fVBjPCy,1429939.158705563,,token transfer,TokenkegQfeZyiNwAJbNbGKPFXCWuBvf9Ss623VQ5DA,9wMSNoA7TzhwUjqsACVGEvzAxAibCHnsZTgXEAGov8zQ,9wMSNoA7TzhwUjqsACVGEvzAxAibCHnsZTgXEAGov8zQ,0.00008,intact,CONFIRMED,instruction flattened index=4; program=TokenkegQfeZyiNwAJbNbGKPFXCWuBvf9Ss623VQ5DA; authority=9wMSNoA7TzhwUjqsACVGEvzAxAibCHnsZTgXEAGov8zQ; source owner=9wMSNoA7TzhwUjqsACVGEvzAxAibCHnsZTgXEAGov8zQ; destination owner=69FnU8vszZSZF6DZCT6VHdsvm3DvvojDgbwqzHJ4cCFS. 
F0002,2026-10-06T20:14:54Z,Solana mainnet,57wSAHgVrsNf7hDvnnEDnpjb6fF1nWj6h9bGKLB5ivKRLwT7TZia4USS1u1GZWsndXK3TB6LKGy3Aj62jMhMu1aj,raw_transactions/57wSAHgVrsNf7hDvnnEDnpjb6fF1nWj6h9bGKLB5ivKRLwT7TZia4USS1u1GZWsndXK3TB6LKGy3Aj62jMhMu1aj.json,network,SOL,0.00008,,network fee,,9wMSNoA7TzhwUjqsACVGEvzAxAibCHnsZTgXEAGov8zQ,9wMSNoA7TzhwUjqsACVGEvzAxAibCHnsZTgXEAGov8zQ,0.00008,mixed,CONFIRMED,"Fee occurs even for failed transaction; repeated network_fee_SOL columns are metadata, not additional fees."
F0003,2026-10-06T20:15:05Z,Solana mainnet,3D3a45d4HYvvNfD4h5o4YSMc1PpW8QFpx4rxrCVvTPMN3wZJb2KTBfC3FncLJGhb7dUVYvCmXuJC8J89ppMbLG5f,raw_transactions/3D3a45d4HYvvNfD4h5o4YSMc1PpW8QFpx4rxrCVvTPMN3wZJb2KTBfC3FncLJGhb7dUVYvCmXuJC8J89ppMbLG5f.json,GodcADf7Ycr8oZX6fzEExz1EE9bH73hWw2vT3Mz5yYxv,ZesMGYmokFiEuDvNzWeMhB7jxF6eUW8c512vwSKSTNK,16031410.56,,token transfer,TokenzQdBNbLqP5VEhdkAS6EPFLC1PHnBqCXEpPxuEb,9wMSNoA7TzhwUjqsACVGEvzAxAibCHnsZTgXEAGov8zQ,9wMSNoA7TzhwUjqsACVGEvzAxAibCHnsZTgXEAGov8zQ,0.00008,intact,CONFIRMED,instruction flattened index=4; program=TokenzQdBNbLqP5VEhdkAS6EPFLC1PHnBqCXEpPxuEb; authority=9wMSNoA7TzhwUjqsACVGEvzAxAibCHnsZTgXEAGov8zQ; source owner=9wMSNoA7TzhwUjqsACVGEvzAxAibCHnsZTgXEAGov8zQ; destination owner=69FnU8vszZSZF6DZCT6VHdsvm3DvvojDgbwqzHJ4cCFS. 
F0004,2026-10-06T20:15:05Z,Solana mainnet,3D3a45d4HYvvNfD4h5o4YSMc1PpW8QFpx4rxrCVvTPMN3wZJb2KTBfC3FncLJGhb7dUVYvCmXuJC8J89ppMbLG5f,raw_transactions/3D3a45d4HYvvNfD4h5o4YSMc1PpW8QFpx4rxrCVvTPMN3wZJb2KTBfC3FncLJGhb7dUVYvCmXuJC8J89ppMbLG5f.json,network,SOL,0.00008,,network fee,,9wMSNoA7TzhwUjqsACVGEvzAxAibCHnsZTgXEAGov8zQ,9wMSNoA7TzhwUjqsACVGEvzAxAibCHnsZTgXEAGov8zQ,0.00008,mixed,CONFIRMED,"Fee occurs even for failed transaction; repeated network_fee_SOL columns are metadata, not additional fees."
F0005,2026-10-06T20:15:14Z,Solana mainnet,2opj8gEvy5whjXfnVRa3y98JcVZtFg95A5pq9EuWDGVLNkd8B3rhfcXNgM8NAg6HWjDSbbD9TQn5wwYZd3zUJTug,raw_transactions/2opj8gEvy5whjXfnVRa3y98JcVZtFg95A5pq9EuWDGVLNkd8B3rhfcXNgM8NAg6HWjDSbbD9TQn5wwYZd3zUJTug.json,HMnB7bHSFLfo2k4GdGQ2c6inb6eLt3Wpx8SbXgzwnaU2,EPjFWdd5AufqSSqeM2qN1xzybapC8G4wEGGkZwyTDt1v,7859.974642,,token transfer,TokenkegQfeZyiNwAJbNbGKPFXCWuBvf9Ss623VQ5DA,9wMSNoA7TzhwUjqsACVGEvzAxAibCHnsZTgXEAGov8zQ,9wMSNoA7TzhwUjqsACVGEvzAxAibCHnsZTgXEAGov8zQ,0.00008,intact,CONFIRMED,instruction flattened index=4; program=TokenkegQfeZyiNwAJbNbGKPFXCWuBvf9Ss623VQ5DA; authority=9wMSNoA7TzhwUjqsACVGEvzAxAibCHnsZTgXEAGov8zQ; source owner=9wMSNoA7TzhwUjqsACVGEvzAxAibCHnsZTgXEAGov8zQ; destination owner=69FnU8vszZSZF6DZCT6VHdsvm3DvvojDgbwqzHJ4cCFS. 
F0006,2026-10-06T20:15:14Z,Solana mainnet,2opj8gEvy5whjXfnVRa3y98JcVZtFg95A5pq9EuWDGVLNkd8B3rhfcXNgM8NAg6HWjDSbbD9TQn5wwYZd3zUJTug,raw_transactions/2opj8gEvy5whjXfnVRa3y98JcVZtFg95A5pq9EuWDGVLNkd8B3rhfcXNgM8NAg6HWjDSbbD9TQn5wwYZd3zUJTug.json,network,SOL,0.00008,,network fee,,9wMSNoA7TzhwUjqsACVGEvzAxAibCHnsZTgXEAGov8zQ,9wMSNoA7TzhwUjqsACVGEvzAxAibCHnsZTgXEAGov8zQ,0.00008,mixed,CONFIRMED,"Fee occurs even for failed transaction; repeated network_fee_SOL columns are metadata, not additional fees."
F0007,2026-10-06T20:15:22Z,Solana mainnet,3PKUr8V25qkoAw5dLX2g6d9i7MM7ZeoYUwx9aUr459o1o7cE3frTLzyoBYeNZMn5jH39ff68wZGUh8auM1sc5yEf,raw_transactions/3PKUr8V25qkoAw5dLX2g6d9i7MM7ZeoYUwx9aUr459o1o7cE3frTLzyoBYeNZMn5jH39ff68wZGUh8auM1sc5yEf.json,HMnB7bHSFLfo2k4GdGQ2c6inb6eLt3Wpx8SbXgzwnaU2,EPjFWdd5AufqSSqeM2qN1xzybapC8G4wEGGkZwyTDt1v,0.0001,,token transfer,TokenkegQfeZyiNwAJbNbGKPFXCWuBvf9Ss623VQ5DA,9wMSobM9kWHsi94dZ9ts8YRFCvyyBDef5cpUn2AWG8zQ,9wMSobM9kWHsi94dZ9ts8YRFCvyyBDef5cpUn2AWG8zQ,0.00000505,mixed,CONFIRMED,instruction flattened index=3; program=TokenkegQfeZyiNwAJbNbGKPFXCWuBvf9Ss623VQ5DA; authority=9wMSobM9kWHsi94dZ9ts8YRFCvyyBDef5cpUn2AWG8zQ; source owner=9wMSobM9kWHsi94dZ9ts8YRFCvyyBDef5cpUn2AWG8zQ; destination owner=69FnU8vszZSZF6DZCT6VHdsvm3DvvojDgbwqzHJ4cCFS. 
F0008,2026-10-06T20:15:22Z,Solana mainnet,3PKUr8V25qkoAw5dLX2g6d9i7MM7ZeoYUwx9aUr459o1o7cE3frTLzyoBYeNZMn5jH39ff68wZGUh8auM1sc5yEf,raw_transactions/3PKUr8V25qkoAw5dLX2g6d9i7MM7ZeoYUwx9aUr459o1o7cE3frTLzyoBYeNZMn5jH39ff68wZGUh8auM1sc5yEf.json,network,SOL,0.00000505,,network fee,,9wMSobM9kWHsi94dZ9ts8YRFCvyyBDef5cpUn2AWG8zQ,9wMSobM9kWHsi94dZ9ts8YRFCvyyBDef5cpUn2AWG8zQ,0.00000505,mixed,CONFIRMED,"Fee occurs even for failed transaction; repeated network_fee_SOL columns are metadata, not additional fees."
F0009,2026-10-06T20:15:32Z,Solana mainnet,3F3DafraqpNCNXWEuT8iwsAN3UVs5ttrqgAY1DjXinHFbQD3Z6ZyrZsZ2nW3iaKkRrVrAmy4s8hRhfzBbuG6F638,raw_transactions/3F3DafraqpNCNXWEuT8iwsAN3UVs5ttrqgAY1DjXinHFbQD3Z6ZyrZsZ2nW3iaKkRrVrAmy4s8hRhfzBbuG6F638.json,9ViFVXMED4um2nJbL5LepdPv7EEbLkM5S4FjB5V81BGo,EPjFWdd5AufqSSqeM2qN1xzybapC8G4wEGGkZwyTDt1v,0.0001,,token transfer,TokenkegQfeZyiNwAJbNbGKPFXCWuBvf9Ss623VQ5DA,69FnGeWqBEp6NRoxa82GZozNitBaLHf5arQokKQqhCFS,69FnGeWqBEp6NRoxa82GZozNitBaLHf5arQokKQqhCFS,0.00000505,mixed,CONFIRMED,instruction flattened index=3; program=TokenkegQfeZyiNwAJbNbGKPFXCWuBvf9Ss623VQ5DA; authority=69FnGeWqBEp6NRoxa82GZozNitBaLHf5arQokKQqhCFS; source owner=69FnGeWqBEp6NRoxa82GZozNitBaLHf5arQokKQqhCFS; destination owner=9wMSNoA7TzhwUjqsACVGEvzAxAibCHnsZTgXEAGov8zQ. 
F0010,2026-10-06T20:15:32Z,Solana mainnet,3F3DafraqpNCNXWEuT8iwsAN3UVs5ttrqgAY1DjXinHFbQD3Z6ZyrZsZ2nW3iaKkRrVrAmy4s8hRhfzBbuG6F638,raw_transactions/3F3DafraqpNCNXWEuT8iwsAN3UVs5ttrqgAY1DjXinHFbQD3Z6ZyrZsZ2nW3iaKkRrVrAmy4s8hRhfzBbuG6F638.json,network,SOL,0.00000505,,network fee,,69FnGeWqBEp6NRoxa82GZozNitBaLHf5arQokKQqhCFS,69FnGeWqBEp6NRoxa82GZozNitBaLHf5arQokKQqhCFS,0.00000505,mixed,CONFIRMED,"Fee occurs even for failed transaction; repeated network_fee_SOL columns are metadata, not additional fees."
F0011,2026-10-06T20:15:34Z,Solana mainnet,2ZjeSc8CfVQnkRzm9oYSvNSYzNLVwYAFCpBRoQyu8eBnTUhT9GTQHhzU4AnGvZtcNhQS2wUUfrTeyhJogDunUJtG,raw_transactions/2ZjeSc8CfVQnkRzm9oYSvNSYzNLVwYAFCpBRoQyu8eBnTUhT9GTQHhzU4AnGvZtcNhQS2wUUfrTeyhJogDunUJtG.json,69FnU8vszZSZF6DZCT6VHdsvm3DvvojDgbwqzHJ4cCFS,SOL,0.293808325,,native transfer,11111111111111111111111111111111,9wMSNoA7TzhwUjqsACVGEvzAxAibCHnsZTgXEAGov8zQ,9wMSNoA7TzhwUjqsACVGEvzAxAibCHnsZTgXEAGov8zQ,0.000079934,intact,CONFIRMED,instruction flattened index=2; program=11111111111111111111111111111111; authority=; source owner=9wMSNoA7TzhwUjqsACVGEvzAxAibCHnsZTgXEAGov8zQ; destination owner=69FnU8vszZSZF6DZCT6VHdsvm3DvvojDgbwqzHJ4cCFS. 
F0012,2026-10-06T20:15:34Z,Solana mainnet,2ZjeSc8CfVQnkRzm9oYSvNSYzNLVwYAFCpBRoQyu8eBnTUhT9GTQHhzU4AnGvZtcNhQS2wUUfrTeyhJogDunUJtG,raw_transactions/2ZjeSc8CfVQnkRzm9oYSvNSYzNLVwYAFCpBRoQyu8eBnTUhT9GTQHhzU4AnGvZtcNhQS2wUUfrTeyhJogDunUJtG.json,network,SOL,0.000079934,,network fee,,9wMSNoA7TzhwUjqsACVGEvzAxAibCHnsZTgXEAGov8zQ,9wMSNoA7TzhwUjqsACVGEvzAxAibCHnsZTgXEAGov8zQ,0.000079934,mixed,CONFIRMED,"Fee occurs even for failed transaction; repeated network_fee_SOL columns are metadata, not additional fees."
F0013,2026-10-06T20:16:18Z,Solana mainnet,4B6SuCMEatwWU2gV7q4M54BQZKK1F7yhZiwogUksMnh5PTGUmA72paFFDNhdFAQxnbDrCBRUEVkL5q23YtVQCk1T,raw_transactions/4B6SuCMEatwWU2gV7q4M54BQZKK1F7yhZiwogUksMnh5PTGUmA72paFFDNhdFAQxnbDrCBRUEVkL5q23YtVQCk1T.json,HMnB7bHSFLfo2k4GdGQ2c6inb6eLt3Wpx8SbXgzwnaU2,EPjFWdd5AufqSSqeM2qN1xzybapC8G4wEGGkZwyTDt1v,0.0001,,token transfer,TokenkegQfeZyiNwAJbNbGKPFXCWuBvf9Ss623VQ5DA,9wMSg113W9qstfDhDWJtxpzPQFcy7r53KZBD5FSa28zQ,9wMSg113W9qstfDhDWJtxpzPQFcy7r53KZBD5FSa28zQ,0.00000505,mixed,CONFIRMED,instruction flattened index=3; program=TokenkegQfeZyiNwAJbNbGKPFXCWuBvf9Ss623VQ5DA; authority=9wMSg113W9qstfDhDWJtxpzPQFcy7r53KZBD5FSa28zQ; source owner=9wMSg113W9qstfDhDWJtxpzPQFcy7r53KZBD5FSa28zQ; destination owner=69FnU8vszZSZF6DZCT6VHdsvm3DvvojDgbwqzHJ4cCFS. 
F0014,2026-10-06T20:16:18Z,Solana mainnet,4B6SuCMEatwWU2gV7q4M54BQZKK1F7yhZiwogUksMnh5PTGUmA72paFFDNhdFAQxnbDrCBRUEVkL5q23YtVQCk1T,raw_transactions/4B6SuCMEatwWU2gV7q4M54BQZKK1F7yhZiwogUksMnh5PTGUmA72paFFDNhdFAQxnbDrCBRUEVkL5q23YtVQCk1T.json,network,SOL,0.00000505,,network fee,,9wMSg113W9qstfDhDWJtxpzPQFcy7r53KZBD5FSa28zQ,9wMSg113W9qstfDhDWJtxpzPQFcy7r53KZBD5FSa28zQ,0.00000505,mixed,CONFIRMED,"Fee occurs even for failed transaction; repeated network_fee_SOL columns are metadata, not additional fees."
F0015,2026-10-06T20:16:24Z,Solana mainnet,5qDubfsgPWm23yzP2mq43DUPb5B7hkfJ1ZKZtWD7LFohG6WVzQs77A8RBiQkrd124tckQsCJxLQ6AuDRur168iMQ,raw_transactions/5qDubfsgPWm23yzP2mq43DUPb5B7hkfJ1ZKZtWD7LFohG6WVzQs77A8RBiQkrd124tckQsCJxLQ6AuDRur168iMQ.json,69FnU8vszZSZF6DZCT6VHdsvm3DvvojDgbwqzHJ4cCFS,SOL,0.000001,,native transfer,11111111111111111111111111111111,9wMSg113W9qstfDhDWJtxpzPQFcy7r53KZBD5FSa28zQ,9wMSg113W9qstfDhDWJtxpzPQFcy7r53KZBD5FSa28zQ,0.00000505,mixed,CONFIRMED,instruction flattened index=2; program=11111111111111111111111111111111; authority=; source owner=9wMSg113W9qstfDhDWJtxpzPQFcy7r53KZBD5FSa28zQ; destination owner=69FnU8vszZSZF6DZCT6VHdsvm3DvvojDgbwqzHJ4cCFS. 
F0016,2026-10-06T20:16:24Z,Solana mainnet,5qDubfsgPWm23yzP2mq43DUPb5B7hkfJ1ZKZtWD7LFohG6WVzQs77A8RBiQkrd124tckQsCJxLQ6AuDRur168iMQ,raw_transactions/5qDubfsgPWm23yzP2mq43DUPb5B7hkfJ1ZKZtWD7LFohG6WVzQs77A8RBiQkrd124tckQsCJxLQ6AuDRur168iMQ.json,network,SOL,0.00000505,,network fee,,9wMSg113W9qstfDhDWJtxpzPQFcy7r53KZBD5FSa28zQ,9wMSg113W9qstfDhDWJtxpzPQFcy7r53KZBD5FSa28zQ,0.00000505,mixed,CONFIRMED,"Fee occurs even for failed transaction; repeated network_fee_SOL columns are metadata, not additional fees."
F0017,2026-10-06T20:16:37Z,Solana mainnet,3gqaBzu1hyGxSTWtJYQD7jHtD8cq8fks7VJUqcrLGJq4YpW7HEDsnpdqqxEnHZYp6msqmde6qzQQvpZmkePCBpak,raw_transactions/3gqaBzu1hyGxSTWtJYQD7jHtD8cq8fks7VJUqcrLGJq4YpW7HEDsnpdqqxEnHZYp6msqmde6qzQQvpZmkePCBpak.json,C3mvxaDCTYmkcQN6pr4x1R3TjdMuaBZwyaRUcMQmV5zF,6dPweBFhc13AjGQ5MBYJUs9EYDJ3zXfGPi61zDAVEwDb,331588.68,,failed transfer instruction,TokenzQdBNbLqP5VEhdkAS6EPFLC1PHnBqCXEpPxuEb,9wMSNoA7TzhwUjqsACVGEvzAxAibCHnsZTgXEAGov8zQ,9wMSNoA7TzhwUjqsACVGEvzAxAibCHnsZTgXEAGov8zQ,0.00008,intact,CONFIRMED,instruction flattened index=4; program=TokenzQdBNbLqP5VEhdkAS6EPFLC1PHnBqCXEpPxuEb; authority=9wMSNoA7TzhwUjqsACVGEvzAxAibCHnsZTgXEAGov8zQ; source owner=9wMSNoA7TzhwUjqsACVGEvzAxAibCHnsZTgXEAGov8zQ; destination owner=C3mvxaDCTYmkcQN6pr4x1R3TjdMuaBZwyaRUcMQmV5zF. Attempt only: transaction failed; no transfer committed.
F0018,2026-10-06T20:16:37Z,Solana mainnet,3gqaBzu1hyGxSTWtJYQD7jHtD8cq8fks7VJUqcrLGJq4YpW7HEDsnpdqqxEnHZYp6msqmde6qzQQvpZmkePCBpak,raw_transactions/3gqaBzu1hyGxSTWtJYQD7jHtD8cq8fks7VJUqcrLGJq4YpW7HEDsnpdqqxEnHZYp6msqmde6qzQQvpZmkePCBpak.json,network,SOL,0.00008,,network fee,,9wMSNoA7TzhwUjqsACVGEvzAxAibCHnsZTgXEAGov8zQ,9wMSNoA7TzhwUjqsACVGEvzAxAibCHnsZTgXEAGov8zQ,0.00008,mixed,CONFIRMED,"Fee occurs even for failed transaction; repeated network_fee_SOL columns are metadata, not additional fees."
F0019,2026-10-06T20:18:14Z,Solana mainnet,4gFp1mjoHSKstrRs2hiYFWa9EHCjbg8VTuSnedwq2RwTp8XXHChDcwrkTfst3WxYmwAyPG7gvsv3myTqKvaBV6Bm,raw_transactions/4gFp1mjoHSKstrRs2hiYFWa9EHCjbg8VTuSnedwq2RwTp8XXHChDcwrkTfst3WxYmwAyPG7gvsv3myTqKvaBV6Bm.json,HhdH9tGT84nF5MzhgHS1chDed4cWbmk2oimHASobVXuY,BPxxfRCXkUVhig4HS1Lh7kZqV6SPJhzfEk4x6fVBjPCy,22593.038707547,,token transfer,TokenkegQfeZyiNwAJbNbGKPFXCWuBvf9Ss623VQ5DA,69FnU8vszZSZF6DZCT6VHdsvm3DvvojDgbwqzHJ4cCFS;sighWH8KaiT7QhtV4w29ReVF8kG6D5yG3EQP1KYyGVF,69FnU8vszZSZF6DZCT6VHdsvm3DvvojDgbwqzHJ4cCFS,0.000226996,mixed,CONFIRMED,instruction flattened index=10; program=TokenkegQfeZyiNwAJbNbGKPFXCWuBvf9Ss623VQ5DA; authority=69FnU8vszZSZF6DZCT6VHdsvm3DvvojDgbwqzHJ4cCFS; source owner=69FnU8vszZSZF6DZCT6VHdsvm3DvvojDgbwqzHJ4cCFS; destination owner=7o3bfXjeDL6Wzuwk1VR8nvEwSJTA2hHJhBgUA95nFDDa. 
F0020,2026-10-06T20:18:14Z,Solana mainnet,4gFp1mjoHSKstrRs2hiYFWa9EHCjbg8VTuSnedwq2RwTp8XXHChDcwrkTfst3WxYmwAyPG7gvsv3myTqKvaBV6Bm,raw_transactions/4gFp1mjoHSKstrRs2hiYFWa9EHCjbg8VTuSnedwq2RwTp8XXHChDcwrkTfst3WxYmwAyPG7gvsv3myTqKvaBV6Bm.json,2kDWUhGyv6yz1Ta3okLMaSnuRpAgVabCUgcFfGfGjxZa,So11111111111111111111111111111111111111112,221.06740011,,token transfer,TokenkegQfeZyiNwAJbNbGKPFXCWuBvf9Ss623VQ5DA,69FnU8vszZSZF6DZCT6VHdsvm3DvvojDgbwqzHJ4cCFS;sighWH8KaiT7QhtV4w29ReVF8kG6D5yG3EQP1KYyGVF,69FnU8vszZSZF6DZCT6VHdsvm3DvvojDgbwqzHJ4cCFS,0.000226996,mixed,CONFIRMED,instruction flattened index=11; program=TokenkegQfeZyiNwAJbNbGKPFXCWuBvf9Ss623VQ5DA; authority=7o3bfXjeDL6Wzuwk1VR8nvEwSJTA2hHJhBgUA95nFDDa; source owner=7o3bfXjeDL6Wzuwk1VR8nvEwSJTA2hHJhBgUA95nFDDa; destination owner=2kDWUhGyv6yz1Ta3okLMaSnuRpAgVabCUgcFfGfGjxZa. 
F0021,2026-10-06T20:18:14Z,Solana mainnet,4gFp1mjoHSKstrRs2hiYFWa9EHCjbg8VTuSnedwq2RwTp8XXHChDcwrkTfst3WxYmwAyPG7gvsv3myTqKvaBV6Bm,raw_transactions/4gFp1mjoHSKstrRs2hiYFWa9EHCjbg8VTuSnedwq2RwTp8XXHChDcwrkTfst3WxYmwAyPG7gvsv3myTqKvaBV6Bm.json,VUEyRHYzJNHehVrJDGfpnhCUF1Z4wh2jipw6JE5D6rK,BPxxfRCXkUVhig4HS1Lh7kZqV6SPJhzfEk4x6fVBjPCy,334891.750968843,,token transfer,TokenkegQfeZyiNwAJbNbGKPFXCWuBvf9Ss623VQ5DA,69FnU8vszZSZF6DZCT6VHdsvm3DvvojDgbwqzHJ4cCFS;sighWH8KaiT7QhtV4w29ReVF8kG6D5yG3EQP1KYyGVF,69FnU8vszZSZF6DZCT6VHdsvm3DvvojDgbwqzHJ4cCFS,0.000226996,mixed,CONFIRMED,instruction flattened index=15; program=TokenkegQfeZyiNwAJbNbGKPFXCWuBvf9Ss623VQ5DA; authority=69FnU8vszZSZF6DZCT6VHdsvm3DvvojDgbwqzHJ4cCFS; source owner=69FnU8vszZSZF6DZCT6VHdsvm3DvvojDgbwqzHJ4cCFS; destination owner=6qz7THwQvcjF3HyDGLuKaLBUk6EyJKeZXZMWLAeiwfjd. 
F0022,2026-10-06T20:18:14Z,Solana mainnet,4gFp1mjoHSKstrRs2hiYFWa9EHCjbg8VTuSnedwq2RwTp8XXHChDcwrkTfst3WxYmwAyPG7gvsv3myTqKvaBV6Bm,raw_transactions/4gFp1mjoHSKstrRs2hiYFWa9EHCjbg8VTuSnedwq2RwTp8XXHChDcwrkTfst3WxYmwAyPG7gvsv3myTqKvaBV6Bm.json,HMnB7bHSFLfo2k4GdGQ2c6inb6eLt3Wpx8SbXgzwnaU2,EPjFWdd5AufqSSqeM2qN1xzybapC8G4wEGGkZwyTDt1v,395364.083187,,token transfer,TokenkegQfeZyiNwAJbNbGKPFXCWuBvf9Ss623VQ5DA,69FnU8vszZSZF6DZCT6VHdsvm3DvvojDgbwqzHJ4cCFS;sighWH8KaiT7QhtV4w29ReVF8kG6D5yG3EQP1KYyGVF,69FnU8vszZSZF6DZCT6VHdsvm3DvvojDgbwqzHJ4cCFS,0.000226996,mixed,CONFIRMED,instruction flattened index=16; program=TokenkegQfeZyiNwAJbNbGKPFXCWuBvf9Ss623VQ5DA; authority=6qz7THwQvcjF3HyDGLuKaLBUk6EyJKeZXZMWLAeiwfjd; source owner=6qz7THwQvcjF3HyDGLuKaLBUk6EyJKeZXZMWLAeiwfjd; destination owner=69FnU8vszZSZF6DZCT6VHdsvm3DvvojDgbwqzHJ4cCFS. 
F0023,2026-10-06T20:18:14Z,Solana mainnet,4gFp1mjoHSKstrRs2hiYFWa9EHCjbg8VTuSnedwq2RwTp8XXHChDcwrkTfst3WxYmwAyPG7gvsv3myTqKvaBV6Bm,raw_transactions/4gFp1mjoHSKstrRs2hiYFWa9EHCjbg8VTuSnedwq2RwTp8XXHChDcwrkTfst3WxYmwAyPG7gvsv3myTqKvaBV6Bm.json,EunHLeqeJKvxnCPQSytnBP63HJVk2fbHceiKKpngyAo8,EPjFWdd5AufqSSqeM2qN1xzybapC8G4wEGGkZwyTDt1v,146431.141922,,token transfer,TokenkegQfeZyiNwAJbNbGKPFXCWuBvf9Ss623VQ5DA,69FnU8vszZSZF6DZCT6VHdsvm3DvvojDgbwqzHJ4cCFS;sighWH8KaiT7QhtV4w29ReVF8kG6D5yG3EQP1KYyGVF,69FnU8vszZSZF6DZCT6VHdsvm3DvvojDgbwqzHJ4cCFS,0.000226996,mixed,CONFIRMED,instruction flattened index=20; program=TokenkegQfeZyiNwAJbNbGKPFXCWuBvf9Ss623VQ5DA; authority=69FnU8vszZSZF6DZCT6VHdsvm3DvvojDgbwqzHJ4cCFS; source owner=69FnU8vszZSZF6DZCT6VHdsvm3DvvojDgbwqzHJ4cCFS; destination owner=GMCJvYGf5Ex2ARiMquaBDqU6iKM8uiEQkB8jCnoNfHpC. 
F0024,2026-10-06T20:18:14Z,Solana mainnet,4gFp1mjoHSKstrRs2hiYFWa9EHCjbg8VTuSnedwq2RwTp8XXHChDcwrkTfst3WxYmwAyPG7gvsv3myTqKvaBV6Bm,raw_transactions/4gFp1mjoHSKstrRs2hiYFWa9EHCjbg8VTuSnedwq2RwTp8XXHChDcwrkTfst3WxYmwAyPG7gvsv3myTqKvaBV6Bm.json,2kDWUhGyv6yz1Ta3okLMaSnuRpAgVabCUgcFfGfGjxZa,So11111111111111111111111111111111111111112,1210.280591171,,token transfer,TokenkegQfeZyiNwAJbNbGKPFXCWuBvf9Ss623VQ5DA,69FnU8vszZSZF6DZCT6VHdsvm3DvvojDgbwqzHJ4cCFS;sighWH8KaiT7QhtV4w29ReVF8kG6D5yG3EQP1KYyGVF,69FnU8vszZSZF6DZCT6VHdsvm3DvvojDgbwqzHJ4cCFS,0.000226996,mixed,CONFIRMED,instruction flattened index=21; program=TokenkegQfeZyiNwAJbNbGKPFXCWuBvf9Ss623VQ5DA; authority=GMCJvYGf5Ex2ARiMquaBDqU6iKM8uiEQkB8jCnoNfHpC; source owner=GMCJvYGf5Ex2ARiMquaBDqU6iKM8uiEQkB8jCnoNfHpC; destination owner=2kDWUhGyv6yz1Ta3okLMaSnuRpAgVabCUgcFfGfGjxZa. 
F0025,2026-10-06T20:18:14Z,Solana mainnet,4gFp1mjoHSKstrRs2hiYFWa9EHCjbg8VTuSnedwq2RwTp8XXHChDcwrkTfst3WxYmwAyPG7gvsv3myTqKvaBV6Bm,raw_transactions/4gFp1mjoHSKstrRs2hiYFWa9EHCjbg8VTuSnedwq2RwTp8XXHChDcwrkTfst3WxYmwAyPG7gvsv3myTqKvaBV6Bm.json,9t4P5wMwfFkyn92Z7hf463qYKEZf8ERVZsGBEPNp8uJx,EPjFWdd5AufqSSqeM2qN1xzybapC8G4wEGGkZwyTDt1v,248932.941265,,token transfer,TokenkegQfeZyiNwAJbNbGKPFXCWuBvf9Ss623VQ5DA,69FnU8vszZSZF6DZCT6VHdsvm3DvvojDgbwqzHJ4cCFS;sighWH8KaiT7QhtV4w29ReVF8kG6D5yG3EQP1KYyGVF,69FnU8vszZSZF6DZCT6VHdsvm3DvvojDgbwqzHJ4cCFS,0.000226996,mixed,CONFIRMED,instruction flattened index=23; program=TokenkegQfeZyiNwAJbNbGKPFXCWuBvf9Ss623VQ5DA; authority=69FnU8vszZSZF6DZCT6VHdsvm3DvvojDgbwqzHJ4cCFS; source owner=69FnU8vszZSZF6DZCT6VHdsvm3DvvojDgbwqzHJ4cCFS; destination owner=8ekCy2jHHUbW2yeNGFWYJT9Hm9FW7SvZcZK66dSZCDiF. 
F0026,2026-10-06T20:18:14Z,Solana mainnet,4gFp1mjoHSKstrRs2hiYFWa9EHCjbg8VTuSnedwq2RwTp8XXHChDcwrkTfst3WxYmwAyPG7gvsv3myTqKvaBV6Bm,raw_transactions/4gFp1mjoHSKstrRs2hiYFWa9EHCjbg8VTuSnedwq2RwTp8XXHChDcwrkTfst3WxYmwAyPG7gvsv3myTqKvaBV6Bm.json,2kDWUhGyv6yz1Ta3okLMaSnuRpAgVabCUgcFfGfGjxZa,So11111111111111111111111111111111111111112,2057.366671872,,token transfer,TokenkegQfeZyiNwAJbNbGKPFXCWuBvf9Ss623VQ5DA,69FnU8vszZSZF6DZCT6VHdsvm3DvvojDgbwqzHJ4cCFS;sighWH8KaiT7QhtV4w29ReVF8kG6D5yG3EQP1KYyGVF,69FnU8vszZSZF6DZCT6VHdsvm3DvvojDgbwqzHJ4cCFS,0.000226996,mixed,CONFIRMED,instruction flattened index=24; program=TokenkegQfeZyiNwAJbNbGKPFXCWuBvf9Ss623VQ5DA; authority=8ekCy2jHHUbW2yeNGFWYJT9Hm9FW7SvZcZK66dSZCDiF; source owner=8ekCy2jHHUbW2yeNGFWYJT9Hm9FW7SvZcZK66dSZCDiF; destination owner=2kDWUhGyv6yz1Ta3okLMaSnuRpAgVabCUgcFfGfGjxZa. 
F0027,2026-10-06T20:18:14Z,Solana mainnet,4gFp1mjoHSKstrRs2hiYFWa9EHCjbg8VTuSnedwq2RwTp8XXHChDcwrkTfst3WxYmwAyPG7gvsv3myTqKvaBV6Bm,raw_transactions/4gFp1mjoHSKstrRs2hiYFWa9EHCjbg8VTuSnedwq2RwTp8XXHChDcwrkTfst3WxYmwAyPG7gvsv3myTqKvaBV6Bm.json,6AMWTvaL1pscDo5CAaBhPfv7xnSLjJ3ZXScV9yt5Gr5G,,3488714663,,token transfer,TokenkegQfeZyiNwAJbNbGKPFXCWuBvf9Ss623VQ5DA,69FnU8vszZSZF6DZCT6VHdsvm3DvvojDgbwqzHJ4cCFS;sighWH8KaiT7QhtV4w29ReVF8kG6D5yG3EQP1KYyGVF,69FnU8vszZSZF6DZCT6VHdsvm3DvvojDgbwqzHJ4cCFS,0.000226996,mixed,CONFIRMED,instruction flattened index=26; program=TokenkegQfeZyiNwAJbNbGKPFXCWuBvf9Ss623VQ5DA; authority=69FnU8vszZSZF6DZCT6VHdsvm3DvvojDgbwqzHJ4cCFS; source owner=2kDWUhGyv6yz1Ta3okLMaSnuRpAgVabCUgcFfGfGjxZa; destination owner=3LoAYHuSd7Gh8d7RTFnhvYtiTiefdZ5ByamU42vkzd76. 
F0028,2026-10-06T20:18:14Z,Solana mainnet,4gFp1mjoHSKstrRs2hiYFWa9EHCjbg8VTuSnedwq2RwTp8XXHChDcwrkTfst3WxYmwAyPG7gvsv3myTqKvaBV6Bm,raw_transactions/4gFp1mjoHSKstrRs2hiYFWa9EHCjbg8VTuSnedwq2RwTp8XXHChDcwrkTfst3WxYmwAyPG7gvsv3myTqKvaBV6Bm.json,network,SOL,0.000226996,,network fee,,69FnU8vszZSZF6DZCT6VHdsvm3DvvojDgbwqzHJ4cCFS;sighWH8KaiT7QhtV4w29ReVF8kG6D5yG3EQP1KYyGVF,69FnU8vszZSZF6DZCT6VHdsvm3DvvojDgbwqzHJ4cCFS,0.000226996,mixed,CONFIRMED,"Fee occurs even for failed transaction; repeated network_fee_SOL columns are metadata, not additional fees."
F0029,2026-10-06T20:20:26Z,Solana mainnet,2tGBJBuDWnmgV6Azn8WDqe5EdyARFnUwek917EeFE1xuQzZXdbruKrSJfZDZEJZ9JuRv59nckCosqLTGiGfpFd4b,raw_transactions/2tGBJBuDWnmgV6Azn8WDqe5EdyARFnUwek917EeFE1xuQzZXdbruKrSJfZDZEJZ9JuRv59nckCosqLTGiGfpFd4b.json,HMnB7bHSFLfo2k4GdGQ2c6inb6eLt3Wpx8SbXgzwnaU2,EPjFWdd5AufqSSqeM2qN1xzybapC8G4wEGGkZwyTDt1v,0.001,,token transfer,TokenkegQfeZyiNwAJbNbGKPFXCWuBvf9Ss623VQ5DA,9wMSobM9kWHsi94dZ9ts8YRFCvyyBDef5cpUn2AWG8zQ,9wMSobM9kWHsi94dZ9ts8YRFCvyyBDef5cpUn2AWG8zQ,0.00000505,mixed,CONFIRMED,instruction flattened index=3; program=TokenkegQfeZyiNwAJbNbGKPFXCWuBvf9Ss623VQ5DA; authority=9wMSobM9kWHsi94dZ9ts8YRFCvyyBDef5cpUn2AWG8zQ; source owner=9wMSobM9kWHsi94dZ9ts8YRFCvyyBDef5cpUn2AWG8zQ; destination owner=69FnU8vszZSZF6DZCT6VHdsvm3DvvojDgbwqzHJ4cCFS. 
F0030,2026-10-06T20:20:26Z,Solana mainnet,2tGBJBuDWnmgV6Azn8WDqe5EdyARFnUwek917EeFE1xuQzZXdbruKrSJfZDZEJZ9JuRv59nckCosqLTGiGfpFd4b,raw_transactions/2tGBJBuDWnmgV6Azn8WDqe5EdyARFnUwek917EeFE1xuQzZXdbruKrSJfZDZEJZ9JuRv59nckCosqLTGiGfpFd4b.json,network,SOL,0.00000505,,network fee,,9wMSobM9kWHsi94dZ9ts8YRFCvyyBDef5cpUn2AWG8zQ,9wMSobM9kWHsi94dZ9ts8YRFCvyyBDef5cpUn2AWG8zQ,0.00000505,mixed,CONFIRMED,"Fee occurs even for failed transaction; repeated network_fee_SOL columns are metadata, not additional fees."
F0031,2026-10-06T20:20:35Z,Solana mainnet,j6VocaeyQgndKFsAFUpfKMCwkAQ7aigYyAZxTnGnZDs8HoUeyuJwnwhQauUWEAHnBnZd1N5jktXwvXokUP9gAd9,raw_transactions/j6VocaeyQgndKFsAFUpfKMCwkAQ7aigYyAZxTnGnZDs8HoUeyuJwnwhQauUWEAHnBnZd1N5jktXwvXokUP9gAd9.json,9ViFVXMED4um2nJbL5LepdPv7EEbLkM5S4FjB5V81BGo,EPjFWdd5AufqSSqeM2qN1xzybapC8G4wEGGkZwyTDt1v,0.001,,token transfer,TokenkegQfeZyiNwAJbNbGKPFXCWuBvf9Ss623VQ5DA,69FnGeWqBEp6NRoxa82GZozNitBaLHf5arQokKQqhCFS,69FnGeWqBEp6NRoxa82GZozNitBaLHf5arQokKQqhCFS,0.00000505,mixed,CONFIRMED,instruction flattened index=3; program=TokenkegQfeZyiNwAJbNbGKPFXCWuBvf9Ss623VQ5DA; authority=69FnGeWqBEp6NRoxa82GZozNitBaLHf5arQokKQqhCFS; source owner=69FnGeWqBEp6NRoxa82GZozNitBaLHf5arQokKQqhCFS; destination owner=9wMSNoA7TzhwUjqsACVGEvzAxAibCHnsZTgXEAGov8zQ. 
F0032,2026-10-06T20:20:35Z,Solana mainnet,j6VocaeyQgndKFsAFUpfKMCwkAQ7aigYyAZxTnGnZDs8HoUeyuJwnwhQauUWEAHnBnZd1N5jktXwvXokUP9gAd9,raw_transactions/j6VocaeyQgndKFsAFUpfKMCwkAQ7aigYyAZxTnGnZDs8HoUeyuJwnwhQauUWEAHnBnZd1N5jktXwvXokUP9gAd9.json,network,SOL,0.00000505,,network fee,,69FnGeWqBEp6NRoxa82GZozNitBaLHf5arQokKQqhCFS,69FnGeWqBEp6NRoxa82GZozNitBaLHf5arQokKQqhCFS,0.00000505,mixed,CONFIRMED,"Fee occurs even for failed transaction; repeated network_fee_SOL columns are metadata, not additional fees."
F0033,2026-10-06T20:20:41Z,Solana mainnet,4oGgjwhJc1RvrfYy9AezuqWyTN8bF2TyaxEkoSdzdriVtbAfVw3c8hkCZiLJ5aXqhDCtBfJScpSggXRKUNb8qJjw,raw_transactions/4oGgjwhJc1RvrfYy9AezuqWyTN8bF2TyaxEkoSdzdriVtbAfVw3c8hkCZiLJ5aXqhDCtBfJScpSggXRKUNb8qJjw.json,66WmHskiS981YdWzHCfdu1hkB9qENyJ4HjT4Pz5XWDj5,BPxxfRCXkUVhig4HS1Lh7kZqV6SPJhzfEk4x6fVBjPCy,357484.78967639,,token transfer,TokenkegQfeZyiNwAJbNbGKPFXCWuBvf9Ss623VQ5DA,69FnU8vszZSZF6DZCT6VHdsvm3DvvojDgbwqzHJ4cCFS,69FnU8vszZSZF6DZCT6VHdsvm3DvvojDgbwqzHJ4cCFS,0.000309686,mixed,CONFIRMED,instruction flattened index=10; program=TokenkegQfeZyiNwAJbNbGKPFXCWuBvf9Ss623VQ5DA; authority=69FnU8vszZSZF6DZCT6VHdsvm3DvvojDgbwqzHJ4cCFS; source owner=69FnU8vszZSZF6DZCT6VHdsvm3DvvojDgbwqzHJ4cCFS; destination owner=ARu4n5mFdZogZAravu7CcizaojWnS6oqka37gdLT5SZn. 
F0034,2026-10-06T20:20:41Z,Solana mainnet,4oGgjwhJc1RvrfYy9AezuqWyTN8bF2TyaxEkoSdzdriVtbAfVw3c8hkCZiLJ5aXqhDCtBfJScpSggXRKUNb8qJjw,raw_transactions/4oGgjwhJc1RvrfYy9AezuqWyTN8bF2TyaxEkoSdzdriVtbAfVw3c8hkCZiLJ5aXqhDCtBfJScpSggXRKUNb8qJjw.json,VUEyRHYzJNHehVrJDGfpnhCUF1Z4wh2jipw6JE5D6rK,BPxxfRCXkUVhig4HS1Lh7kZqV6SPJhzfEk4x6fVBjPCy,330959.418282401,,token transfer,TokenkegQfeZyiNwAJbNbGKPFXCWuBvf9Ss623VQ5DA,69FnU8vszZSZF6DZCT6VHdsvm3DvvojDgbwqzHJ4cCFS,69FnU8vszZSZF6DZCT6VHdsvm3DvvojDgbwqzHJ4cCFS,0.000309686,mixed,CONFIRMED,instruction flattened index=13; program=TokenkegQfeZyiNwAJbNbGKPFXCWuBvf9Ss623VQ5DA; authority=ARu4n5mFdZogZAravu7CcizaojWnS6oqka37gdLT5SZn; source owner=ARu4n5mFdZogZAravu7CcizaojWnS6oqka37gdLT5SZn; destination owner=6qz7THwQvcjF3HyDGLuKaLBUk6EyJKeZXZMWLAeiwfjd. 
F0035,2026-10-06T20:20:41Z,Solana mainnet,4oGgjwhJc1RvrfYy9AezuqWyTN8bF2TyaxEkoSdzdriVtbAfVw3c8hkCZiLJ5aXqhDCtBfJScpSggXRKUNb8qJjw,raw_transactions/4oGgjwhJc1RvrfYy9AezuqWyTN8bF2TyaxEkoSdzdriVtbAfVw3c8hkCZiLJ5aXqhDCtBfJScpSggXRKUNb8qJjw.json,8XrtGP8RG33AnrN2yJ6H3gnXPNQ3dYXKqM72bpzhcsd6,EPjFWdd5AufqSSqeM2qN1xzybapC8G4wEGGkZwyTDt1v,372942.06185,,token transfer,TokenkegQfeZyiNwAJbNbGKPFXCWuBvf9Ss623VQ5DA,69FnU8vszZSZF6DZCT6VHdsvm3DvvojDgbwqzHJ4cCFS,69FnU8vszZSZF6DZCT6VHdsvm3DvvojDgbwqzHJ4cCFS,0.000309686,mixed,CONFIRMED,instruction flattened index=14; program=TokenkegQfeZyiNwAJbNbGKPFXCWuBvf9Ss623VQ5DA; authority=6qz7THwQvcjF3HyDGLuKaLBUk6EyJKeZXZMWLAeiwfjd; source owner=6qz7THwQvcjF3HyDGLuKaLBUk6EyJKeZXZMWLAeiwfjd; destination owner=ARu4n5mFdZogZAravu7CcizaojWnS6oqka37gdLT5SZn. 
F0036,2026-10-06T20:20:41Z,Solana mainnet,4oGgjwhJc1RvrfYy9AezuqWyTN8bF2TyaxEkoSdzdriVtbAfVw3c8hkCZiLJ5aXqhDCtBfJScpSggXRKUNb8qJjw,raw_transactions/4oGgjwhJc1RvrfYy9AezuqWyTN8bF2TyaxEkoSdzdriVtbAfVw3c8hkCZiLJ5aXqhDCtBfJScpSggXRKUNb8qJjw.json,HhdH9tGT84nF5MzhgHS1chDed4cWbmk2oimHASobVXuY,BPxxfRCXkUVhig4HS1Lh7kZqV6SPJhzfEk4x6fVBjPCy,18374.718189366,,token transfer,TokenkegQfeZyiNwAJbNbGKPFXCWuBvf9Ss623VQ5DA,69FnU8vszZSZF6DZCT6VHdsvm3DvvojDgbwqzHJ4cCFS,69FnU8vszZSZF6DZCT6VHdsvm3DvvojDgbwqzHJ4cCFS,0.000309686,mixed,CONFIRMED,instruction flattened index=19; program=TokenkegQfeZyiNwAJbNbGKPFXCWuBvf9Ss623VQ5DA; authority=ARu4n5mFdZogZAravu7CcizaojWnS6oqka37gdLT5SZn; source owner=ARu4n5mFdZogZAravu7CcizaojWnS6oqka37gdLT5SZn; destination owner=7o3bfXjeDL6Wzuwk1VR8nvEwSJTA2hHJhBgUA95nFDDa. 
F0037,2026-10-06T20:20:41Z,Solana mainnet,4oGgjwhJc1RvrfYy9AezuqWyTN8bF2TyaxEkoSdzdriVtbAfVw3c8hkCZiLJ5aXqhDCtBfJScpSggXRKUNb8qJjw,raw_transactions/4oGgjwhJc1RvrfYy9AezuqWyTN8bF2TyaxEkoSdzdriVtbAfVw3c8hkCZiLJ5aXqhDCtBfJScpSggXRKUNb8qJjw.json,DT2krA8vSP96D68nH86eAztZHVM18YB5i4gDXjLBDXm7,So11111111111111111111111111111111111111112,170.985275111,,token transfer,TokenkegQfeZyiNwAJbNbGKPFXCWuBvf9Ss623VQ5DA,69FnU8vszZSZF6DZCT6VHdsvm3DvvojDgbwqzHJ4cCFS,69FnU8vszZSZF6DZCT6VHdsvm3DvvojDgbwqzHJ4cCFS,0.000309686,mixed,CONFIRMED,instruction flattened index=20; program=TokenkegQfeZyiNwAJbNbGKPFXCWuBvf9Ss623VQ5DA; authority=7o3bfXjeDL6Wzuwk1VR8nvEwSJTA2hHJhBgUA95nFDDa; source owner=7o3bfXjeDL6Wzuwk1VR8nvEwSJTA2hHJhBgUA95nFDDa; destination owner=ARu4n5mFdZogZAravu7CcizaojWnS6oqka37gdLT5SZn. 
F0038,2026-10-06T20:20:41Z,Solana mainnet,4oGgjwhJc1RvrfYy9AezuqWyTN8bF2TyaxEkoSdzdriVtbAfVw3c8hkCZiLJ5aXqhDCtBfJScpSggXRKUNb8qJjw,raw_transactions/4oGgjwhJc1RvrfYy9AezuqWyTN8bF2TyaxEkoSdzdriVtbAfVw3c8hkCZiLJ5aXqhDCtBfJScpSggXRKUNb8qJjw.json,CfQKqneYxXqCc2Ev3zxHwSDz1B59ngcVxFBFr1dqT2dU,BPxxfRCXkUVhig4HS1Lh7kZqV6SPJhzfEk4x6fVBjPCy,8150.653204623,,token transfer,TokenkegQfeZyiNwAJbNbGKPFXCWuBvf9Ss623VQ5DA,69FnU8vszZSZF6DZCT6VHdsvm3DvvojDgbwqzHJ4cCFS,69FnU8vszZSZF6DZCT6VHdsvm3DvvojDgbwqzHJ4cCFS,0.000309686,mixed,CONFIRMED,instruction flattened index=24; program=TokenkegQfeZyiNwAJbNbGKPFXCWuBvf9Ss623VQ5DA; authority=ARu4n5mFdZogZAravu7CcizaojWnS6oqka37gdLT5SZn; source owner=ARu4n5mFdZogZAravu7CcizaojWnS6oqka37gdLT5SZn; destination owner=8x6R5zLL41N41aM3NSgTZAD3ys2YZSHsDLuiq9Dkh3Mw. 
F0039,2026-10-06T20:20:41Z,Solana mainnet,4oGgjwhJc1RvrfYy9AezuqWyTN8bF2TyaxEkoSdzdriVtbAfVw3c8hkCZiLJ5aXqhDCtBfJScpSggXRKUNb8qJjw,raw_transactions/4oGgjwhJc1RvrfYy9AezuqWyTN8bF2TyaxEkoSdzdriVtbAfVw3c8hkCZiLJ5aXqhDCtBfJScpSggXRKUNb8qJjw.json,DT2krA8vSP96D68nH86eAztZHVM18YB5i4gDXjLBDXm7,So11111111111111111111111111111111111111112,75.979954434,,token transfer,TokenkegQfeZyiNwAJbNbGKPFXCWuBvf9Ss623VQ5DA,69FnU8vszZSZF6DZCT6VHdsvm3DvvojDgbwqzHJ4cCFS,69FnU8vszZSZF6DZCT6VHdsvm3DvvojDgbwqzHJ4cCFS,0.000309686,mixed,CONFIRMED,instruction flattened index=25; program=TokenkegQfeZyiNwAJbNbGKPFXCWuBvf9Ss623VQ5DA; authority=8x6R5zLL41N41aM3NSgTZAD3ys2YZSHsDLuiq9Dkh3Mw; source owner=8x6R5zLL41N41aM3NSgTZAD3ys2YZSHsDLuiq9Dkh3Mw; destination owner=ARu4n5mFdZogZAravu7CcizaojWnS6oqka37gdLT5SZn. 
F0040,2026-10-06T20:20:41Z,Solana mainnet,4oGgjwhJc1RvrfYy9AezuqWyTN8bF2TyaxEkoSdzdriVtbAfVw3c8hkCZiLJ5aXqhDCtBfJScpSggXRKUNb8qJjw,raw_transactions/4oGgjwhJc1RvrfYy9AezuqWyTN8bF2TyaxEkoSdzdriVtbAfVw3c8hkCZiLJ5aXqhDCtBfJScpSggXRKUNb8qJjw.json,9t4P5wMwfFkyn92Z7hf463qYKEZf8ERVZsGBEPNp8uJx,EPjFWdd5AufqSSqeM2qN1xzybapC8G4wEGGkZwyTDt1v,372942.06185,,token transfer,TokenkegQfeZyiNwAJbNbGKPFXCWuBvf9Ss623VQ5DA,69FnU8vszZSZF6DZCT6VHdsvm3DvvojDgbwqzHJ4cCFS,69FnU8vszZSZF6DZCT6VHdsvm3DvvojDgbwqzHJ4cCFS,0.000309686,mixed,CONFIRMED,instruction flattened index=28; program=TokenkegQfeZyiNwAJbNbGKPFXCWuBvf9Ss623VQ5DA; authority=ARu4n5mFdZogZAravu7CcizaojWnS6oqka37gdLT5SZn; source owner=ARu4n5mFdZogZAravu7CcizaojWnS6oqka37gdLT5SZn; destination owner=8ekCy2jHHUbW2yeNGFWYJT9Hm9FW7SvZcZK66dSZCDiF. 
F0041,2026-10-06T20:20:41Z,Solana mainnet,4oGgjwhJc1RvrfYy9AezuqWyTN8bF2TyaxEkoSdzdriVtbAfVw3c8hkCZiLJ5aXqhDCtBfJScpSggXRKUNb8qJjw,raw_transactions/4oGgjwhJc1RvrfYy9AezuqWyTN8bF2TyaxEkoSdzdriVtbAfVw3c8hkCZiLJ5aXqhDCtBfJScpSggXRKUNb8qJjw.json,DT2krA8vSP96D68nH86eAztZHVM18YB5i4gDXjLBDXm7,So11111111111111111111111111111111111111112,3078.506463676,,token transfer,TokenkegQfeZyiNwAJbNbGKPFXCWuBvf9Ss623VQ5DA,69FnU8vszZSZF6DZCT6VHdsvm3DvvojDgbwqzHJ4cCFS,69FnU8vszZSZF6DZCT6VHdsvm3DvvojDgbwqzHJ4cCFS,0.000309686,mixed,CONFIRMED,instruction flattened index=29; program=TokenkegQfeZyiNwAJbNbGKPFXCWuBvf9Ss623VQ5DA; authority=8ekCy2jHHUbW2yeNGFWYJT9Hm9FW7SvZcZK66dSZCDiF; source owner=8ekCy2jHHUbW2yeNGFWYJT9Hm9FW7SvZcZK66dSZCDiF; destination owner=ARu4n5mFdZogZAravu7CcizaojWnS6oqka37gdLT5SZn. 
F0042,2026-10-06T20:20:41Z,Solana mainnet,4oGgjwhJc1RvrfYy9AezuqWyTN8bF2TyaxEkoSdzdriVtbAfVw3c8hkCZiLJ5aXqhDCtBfJScpSggXRKUNb8qJjw,raw_transactions/4oGgjwhJc1RvrfYy9AezuqWyTN8bF2TyaxEkoSdzdriVtbAfVw3c8hkCZiLJ5aXqhDCtBfJScpSggXRKUNb8qJjw.json,39FWQJxqTmUkFqHKjEs3CawQ1b1rqLcKmHfJ1FWMAWdu,So11111111111111111111111111111111111111112,3.325471693,,token transfer,TokenkegQfeZyiNwAJbNbGKPFXCWuBvf9Ss623VQ5DA,69FnU8vszZSZF6DZCT6VHdsvm3DvvojDgbwqzHJ4cCFS,69FnU8vszZSZF6DZCT6VHdsvm3DvvojDgbwqzHJ4cCFS,0.000309686,mixed,CONFIRMED,instruction flattened index=31; program=TokenkegQfeZyiNwAJbNbGKPFXCWuBvf9Ss623VQ5DA; authority=ARu4n5mFdZogZAravu7CcizaojWnS6oqka37gdLT5SZn; source owner=ARu4n5mFdZogZAravu7CcizaojWnS6oqka37gdLT5SZn; destination owner=3CgvbiM3op4vjrrjH2zcrQUwsqh5veNVRjFCB9N6sRoD. 
F0043,2026-10-06T20:20:41Z,Solana mainnet,4oGgjwhJc1RvrfYy9AezuqWyTN8bF2TyaxEkoSdzdriVtbAfVw3c8hkCZiLJ5aXqhDCtBfJScpSggXRKUNb8qJjw,raw_transactions/4oGgjwhJc1RvrfYy9AezuqWyTN8bF2TyaxEkoSdzdriVtbAfVw3c8hkCZiLJ5aXqhDCtBfJScpSggXRKUNb8qJjw.json,2kDWUhGyv6yz1Ta3okLMaSnuRpAgVabCUgcFfGfGjxZa,So11111111111111111111111111111111111111112,3322.146221528,,token transfer,TokenkegQfeZyiNwAJbNbGKPFXCWuBvf9Ss623VQ5DA,69FnU8vszZSZF6DZCT6VHdsvm3DvvojDgbwqzHJ4cCFS,69FnU8vszZSZF6DZCT6VHdsvm3DvvojDgbwqzHJ4cCFS,0.000309686,mixed,CONFIRMED,instruction flattened index=32; program=TokenkegQfeZyiNwAJbNbGKPFXCWuBvf9Ss623VQ5DA; authority=ARu4n5mFdZogZAravu7CcizaojWnS6oqka37gdLT5SZn; source owner=ARu4n5mFdZogZAravu7CcizaojWnS6oqka37gdLT5SZn; destination owner=2kDWUhGyv6yz1Ta3okLMaSnuRpAgVabCUgcFfGfGjxZa. 
F0044,2026-10-06T20:20:41Z,Solana mainnet,4oGgjwhJc1RvrfYy9AezuqWyTN8bF2TyaxEkoSdzdriVtbAfVw3c8hkCZiLJ5aXqhDCtBfJScpSggXRKUNb8qJjw,raw_transactions/4oGgjwhJc1RvrfYy9AezuqWyTN8bF2TyaxEkoSdzdriVtbAfVw3c8hkCZiLJ5aXqhDCtBfJScpSggXRKUNb8qJjw.json,network,SOL,0.000309686,,network fee,,69FnU8vszZSZF6DZCT6VHdsvm3DvvojDgbwqzHJ4cCFS,69FnU8vszZSZF6DZCT6VHdsvm3DvvojDgbwqzHJ4cCFS,0.000309686,mixed,CONFIRMED,"Fee occurs even for failed transaction; repeated network_fee_SOL columns are metadata, not additional fees."
F0045,2026-10-06T20:21:48Z,Solana mainnet,312uJ1cSEoVST9chHp2PwQ2piqkqRrqY1JPJ9VmvnCkzSnG4xYuyuD5UWV2ZevgYuXLztXQkGQQmQ8TnJ13osUfs,raw_transactions/312uJ1cSEoVST9chHp2PwQ2piqkqRrqY1JPJ9VmvnCkzSnG4xYuyuD5UWV2ZevgYuXLztXQkGQQmQ8TnJ13osUfs.json,VUEyRHYzJNHehVrJDGfpnhCUF1Z4wh2jipw6JE5D6rK,BPxxfRCXkUVhig4HS1Lh7kZqV6SPJhzfEk4x6fVBjPCy,357484.78967639,,token transfer,TokenkegQfeZyiNwAJbNbGKPFXCWuBvf9Ss623VQ5DA,69FnU8vszZSZF6DZCT6VHdsvm3DvvojDgbwqzHJ4cCFS,69FnU8vszZSZF6DZCT6VHdsvm3DvvojDgbwqzHJ4cCFS,0.000012175,mixed,CONFIRMED,instruction flattened index=5; program=TokenkegQfeZyiNwAJbNbGKPFXCWuBvf9Ss623VQ5DA; authority=69FnU8vszZSZF6DZCT6VHdsvm3DvvojDgbwqzHJ4cCFS; source owner=69FnU8vszZSZF6DZCT6VHdsvm3DvvojDgbwqzHJ4cCFS; destination owner=6qz7THwQvcjF3HyDGLuKaLBUk6EyJKeZXZMWLAeiwfjd. 
F0046,2026-10-06T20:21:48Z,Solana mainnet,312uJ1cSEoVST9chHp2PwQ2piqkqRrqY1JPJ9VmvnCkzSnG4xYuyuD5UWV2ZevgYuXLztXQkGQQmQ8TnJ13osUfs,raw_transactions/312uJ1cSEoVST9chHp2PwQ2piqkqRrqY1JPJ9VmvnCkzSnG4xYuyuD5UWV2ZevgYuXLztXQkGQQmQ8TnJ13osUfs.json,HMnB7bHSFLfo2k4GdGQ2c6inb6eLt3Wpx8SbXgzwnaU2,EPjFWdd5AufqSSqeM2qN1xzybapC8G4wEGGkZwyTDt1v,387473.89259,,token transfer,TokenkegQfeZyiNwAJbNbGKPFXCWuBvf9Ss623VQ5DA,69FnU8vszZSZF6DZCT6VHdsvm3DvvojDgbwqzHJ4cCFS,69FnU8vszZSZF6DZCT6VHdsvm3DvvojDgbwqzHJ4cCFS,0.000012175,mixed,CONFIRMED,instruction flattened index=6; program=TokenkegQfeZyiNwAJbNbGKPFXCWuBvf9Ss623VQ5DA; authority=6qz7THwQvcjF3HyDGLuKaLBUk6EyJKeZXZMWLAeiwfjd; source owner=6qz7THwQvcjF3HyDGLuKaLBUk6EyJKeZXZMWLAeiwfjd; destination owner=69FnU8vszZSZF6DZCT6VHdsvm3DvvojDgbwqzHJ4cCFS. 
F0047,2026-10-06T20:21:48Z,Solana mainnet,312uJ1cSEoVST9chHp2PwQ2piqkqRrqY1JPJ9VmvnCkzSnG4xYuyuD5UWV2ZevgYuXLztXQkGQQmQ8TnJ13osUfs,raw_transactions/312uJ1cSEoVST9chHp2PwQ2piqkqRrqY1JPJ9VmvnCkzSnG4xYuyuD5UWV2ZevgYuXLztXQkGQQmQ8TnJ13osUfs.json,9t4P5wMwfFkyn92Z7hf463qYKEZf8ERVZsGBEPNp8uJx,EPjFWdd5AufqSSqeM2qN1xzybapC8G4wEGGkZwyTDt1v,300891.4028,,token transfer,TokenkegQfeZyiNwAJbNbGKPFXCWuBvf9Ss623VQ5DA,69FnU8vszZSZF6DZCT6VHdsvm3DvvojDgbwqzHJ4cCFS,69FnU8vszZSZF6DZCT6VHdsvm3DvvojDgbwqzHJ4cCFS,0.000012175,mixed,CONFIRMED,instruction flattened index=16; program=TokenkegQfeZyiNwAJbNbGKPFXCWuBvf9Ss623VQ5DA; authority=69FnU8vszZSZF6DZCT6VHdsvm3DvvojDgbwqzHJ4cCFS; source owner=69FnU8vszZSZF6DZCT6VHdsvm3DvvojDgbwqzHJ4cCFS; destination owner=8ekCy2jHHUbW2yeNGFWYJT9Hm9FW7SvZcZK66dSZCDiF. 
F0048,2026-10-06T20:21:48Z,Solana mainnet,312uJ1cSEoVST9chHp2PwQ2piqkqRrqY1JPJ9VmvnCkzSnG4xYuyuD5UWV2ZevgYuXLztXQkGQQmQ8TnJ13osUfs,raw_transactions/312uJ1cSEoVST9chHp2PwQ2piqkqRrqY1JPJ9VmvnCkzSnG4xYuyuD5UWV2ZevgYuXLztXQkGQQmQ8TnJ13osUfs.json,2kDWUhGyv6yz1Ta3okLMaSnuRpAgVabCUgcFfGfGjxZa,So11111111111111111111111111111111111111112,2482.947654106,,token transfer,TokenkegQfeZyiNwAJbNbGKPFXCWuBvf9Ss623VQ5DA,69FnU8vszZSZF6DZCT6VHdsvm3DvvojDgbwqzHJ4cCFS,69FnU8vszZSZF6DZCT6VHdsvm3DvvojDgbwqzHJ4cCFS,0.000012175,mixed,CONFIRMED,instruction flattened index=17; program=TokenkegQfeZyiNwAJbNbGKPFXCWuBvf9Ss623VQ5DA; authority=8ekCy2jHHUbW2yeNGFWYJT9Hm9FW7SvZcZK66dSZCDiF; source owner=8ekCy2jHHUbW2yeNGFWYJT9Hm9FW7SvZcZK66dSZCDiF; destination owner=2kDWUhGyv6yz1Ta3okLMaSnuRpAgVabCUgcFfGfGjxZa. 
F0049,2026-10-06T20:21:48Z,Solana mainnet,312uJ1cSEoVST9chHp2PwQ2piqkqRrqY1JPJ9VmvnCkzSnG4xYuyuD5UWV2ZevgYuXLztXQkGQQmQ8TnJ13osUfs,raw_transactions/312uJ1cSEoVST9chHp2PwQ2piqkqRrqY1JPJ9VmvnCkzSnG4xYuyuD5UWV2ZevgYuXLztXQkGQQmQ8TnJ13osUfs.json,2Y7HATmn9aJBcxCskE5V2U2epmjvkZmB51zTJBbhj4cU,EPjFWdd5AufqSSqeM2qN1xzybapC8G4wEGGkZwyTDt1v,86582.48979,,token transfer,TokenkegQfeZyiNwAJbNbGKPFXCWuBvf9Ss623VQ5DA,69FnU8vszZSZF6DZCT6VHdsvm3DvvojDgbwqzHJ4cCFS,69FnU8vszZSZF6DZCT6VHdsvm3DvvojDgbwqzHJ4cCFS,0.000012175,mixed,CONFIRMED,instruction flattened index=20; program=TokenkegQfeZyiNwAJbNbGKPFXCWuBvf9Ss623VQ5DA; authority=69FnU8vszZSZF6DZCT6VHdsvm3DvvojDgbwqzHJ4cCFS; source owner=69FnU8vszZSZF6DZCT6VHdsvm3DvvojDgbwqzHJ4cCFS; destination owner=8FnX3xo2yYw3EUE6w3nQA4GfXGS9wpK6oj3veJpbFzLo. 
F0050,2026-10-06T20:21:48Z,Solana mainnet,312uJ1cSEoVST9chHp2PwQ2piqkqRrqY1JPJ9VmvnCkzSnG4xYuyuD5UWV2ZevgYuXLztXQkGQQmQ8TnJ13osUfs,raw_transactions/312uJ1cSEoVST9chHp2PwQ2piqkqRrqY1JPJ9VmvnCkzSnG4xYuyuD5UWV2ZevgYuXLztXQkGQQmQ8TnJ13osUfs.json,2kDWUhGyv6yz1Ta3okLMaSnuRpAgVabCUgcFfGfGjxZa,So11111111111111111111111111111111111111112,714.689696887,,token transfer,TokenkegQfeZyiNwAJbNbGKPFXCWuBvf9Ss623VQ5DA,69FnU8vszZSZF6DZCT6VHdsvm3DvvojDgbwqzHJ4cCFS,69FnU8vszZSZF6DZCT6VHdsvm3DvvojDgbwqzHJ4cCFS,0.000012175,mixed,CONFIRMED,instruction flattened index=21; program=TokenkegQfeZyiNwAJbNbGKPFXCWuBvf9Ss623VQ5DA; authority=8FnX3xo2yYw3EUE6w3nQA4GfXGS9wpK6oj3veJpbFzLo; source owner=8FnX3xo2yYw3EUE6w3nQA4GfXGS9wpK6oj3veJpbFzLo; destination owner=2kDWUhGyv6yz1Ta3okLMaSnuRpAgVabCUgcFfGfGjxZa. 
F0051,2026-10-06T20:21:48Z,Solana mainnet,312uJ1cSEoVST9chHp2PwQ2piqkqRrqY1JPJ9VmvnCkzSnG4xYuyuD5UWV2ZevgYuXLztXQkGQQmQ8TnJ13osUfs,raw_transactions/312uJ1cSEoVST9chHp2PwQ2piqkqRrqY1JPJ9VmvnCkzSnG4xYuyuD5UWV2ZevgYuXLztXQkGQQmQ8TnJ13osUfs.json,9TuJee4fJBPUFLbvTiKbwbhXFfMUNbsdoMeSxSyDGGqA,,3197637350,,token transfer,TokenkegQfeZyiNwAJbNbGKPFXCWuBvf9Ss623VQ5DA,69FnU8vszZSZF6DZCT6VHdsvm3DvvojDgbwqzHJ4cCFS,69FnU8vszZSZF6DZCT6VHdsvm3DvvojDgbwqzHJ4cCFS,0.000012175,mixed,CONFIRMED,instruction flattened index=23; program=TokenkegQfeZyiNwAJbNbGKPFXCWuBvf9Ss623VQ5DA; authority=69FnU8vszZSZF6DZCT6VHdsvm3DvvojDgbwqzHJ4cCFS; source owner=2kDWUhGyv6yz1Ta3okLMaSnuRpAgVabCUgcFfGfGjxZa; destination owner=4JVzaxyMKvhZZTMdatchvCNUPeNn7LHiKeRZtcskuaHB. 
F0052,2026-10-06T20:21:48Z,Solana mainnet,312uJ1cSEoVST9chHp2PwQ2piqkqRrqY1JPJ9VmvnCkzSnG4xYuyuD5UWV2ZevgYuXLztXQkGQQmQ8TnJ13osUfs,raw_transactions/312uJ1cSEoVST9chHp2PwQ2piqkqRrqY1JPJ9VmvnCkzSnG4xYuyuD5UWV2ZevgYuXLztXQkGQQmQ8TnJ13osUfs.json,qqdJ4z1yu4sTbAitwXZsGNDoGZFgL2HfVKSVwAXWCfq,So11111111111111111111111111111111111111112,3.19763735,,token transfer,TokenkegQfeZyiNwAJbNbGKPFXCWuBvf9Ss623VQ5DA,69FnU8vszZSZF6DZCT6VHdsvm3DvvojDgbwqzHJ4cCFS,69FnU8vszZSZF6DZCT6VHdsvm3DvvojDgbwqzHJ4cCFS,0.000012175,mixed,CONFIRMED,instruction flattened index=24; program=TokenkegQfeZyiNwAJbNbGKPFXCWuBvf9Ss623VQ5DA; authority=4JVzaxyMKvhZZTMdatchvCNUPeNn7LHiKeRZtcskuaHB; source owner=4JVzaxyMKvhZZTMdatchvCNUPeNn7LHiKeRZtcskuaHB; destination owner=69yhtoJR4JYPPABZcSNkzuqbaFbwHsCkja1sP1Q2aVT5. 
F0053,2026-10-06T20:21:48Z,Solana mainnet,312uJ1cSEoVST9chHp2PwQ2piqkqRrqY1JPJ9VmvnCkzSnG4xYuyuD5UWV2ZevgYuXLztXQkGQQmQ8TnJ13osUfs,raw_transactions/312uJ1cSEoVST9chHp2PwQ2piqkqRrqY1JPJ9VmvnCkzSnG4xYuyuD5UWV2ZevgYuXLztXQkGQQmQ8TnJ13osUfs.json,network,SOL,0.000012175,,network fee,,69FnU8vszZSZF6DZCT6VHdsvm3DvvojDgbwqzHJ4cCFS,69FnU8vszZSZF6DZCT6VHdsvm3DvvojDgbwqzHJ4cCFS,0.000012175,mixed,CONFIRMED,"Fee occurs even for failed transaction; repeated network_fee_SOL columns are metadata, not additional fees."
F0054,2026-10-06T20:23:21Z,Solana mainnet,4KJ38ttcvcjXC2qBjAXAq5CqAcuSjJwv57C5hcmjsLwRqya8jhUGwk42MypaJku3xxNjzSZ3G79wvDLzFvQ24SQn,raw_transactions/4KJ38ttcvcjXC2qBjAXAq5CqAcuSjJwv57C5hcmjsLwRqya8jhUGwk42MypaJku3xxNjzSZ3G79wvDLzFvQ24SQn.json,CA9B7pgkAFYNyo8gqwg34K9Ee3odJLSgWRpnb8eDc5Gu,EZwsB9QbF6uAWnKBRmZrMv82tbWrzQHpuD1scxqD3tEF,14261.043777,,token transfer,TokenkegQfeZyiNwAJbNbGKPFXCWuBvf9Ss623VQ5DA,CPgPrxLxuZnRKfccwWLQcPd1fQYFqvy58CsuBb5Zx6PZ,CPgPrxLxuZnRKfccwWLQcPd1fQYFqvy58CsuBb5Zx6PZ,0.00000903,mixed,CONFIRMED,instruction flattened index=2; program=TokenkegQfeZyiNwAJbNbGKPFXCWuBvf9Ss623VQ5DA; authority=CPgPrxLxuZnRKfccwWLQcPd1fQYFqvy58CsuBb5Zx6PZ; source owner=CPgPrxLxuZnRKfccwWLQcPd1fQYFqvy58CsuBb5Zx6PZ; destination owner=69FnU8vszZSZF6DZCT6VHdsvm3DvvojDgbwqzHJ4cCFS. 
F0055,2026-10-06T20:23:21Z,Solana mainnet,4KJ38ttcvcjXC2qBjAXAq5CqAcuSjJwv57C5hcmjsLwRqya8jhUGwk42MypaJku3xxNjzSZ3G79wvDLzFvQ24SQn,raw_transactions/4KJ38ttcvcjXC2qBjAXAq5CqAcuSjJwv57C5hcmjsLwRqya8jhUGwk42MypaJku3xxNjzSZ3G79wvDLzFvQ24SQn.json,network,SOL,0.00000903,,network fee,,CPgPrxLxuZnRKfccwWLQcPd1fQYFqvy58CsuBb5Zx6PZ,CPgPrxLxuZnRKfccwWLQcPd1fQYFqvy58CsuBb5Zx6PZ,0.00000903,mixed,CONFIRMED,"Fee occurs even for failed transaction; repeated network_fee_SOL columns are metadata, not additional fees."
F0056,2026-10-06T20:23:43Z,Solana mainnet,3KuFVRz24BkxXbHMisbGA57sdarRQavNCzRWr15pWVocNtoa5S1R5sAcm6Msu5i9jfKSMCvAYwzR9e2i9qJEUbaa,raw_transactions/3KuFVRz24BkxXbHMisbGA57sdarRQavNCzRWr15pWVocNtoa5S1R5sAcm6Msu5i9jfKSMCvAYwzR9e2i9qJEUbaa.json,66WmHskiS981YdWzHCfdu1hkB9qENyJ4HjT4Pz5XWDj5,BPxxfRCXkUVhig4HS1Lh7kZqV6SPJhzfEk4x6fVBjPCy,357484.78967639,,token transfer,TokenkegQfeZyiNwAJbNbGKPFXCWuBvf9Ss623VQ5DA,69FnU8vszZSZF6DZCT6VHdsvm3DvvojDgbwqzHJ4cCFS,69FnU8vszZSZF6DZCT6VHdsvm3DvvojDgbwqzHJ4cCFS,0.000382629,mixed,CONFIRMED,instruction flattened index=10; program=TokenkegQfeZyiNwAJbNbGKPFXCWuBvf9Ss623VQ5DA; authority=69FnU8vszZSZF6DZCT6VHdsvm3DvvojDgbwqzHJ4cCFS; source owner=69FnU8vszZSZF6DZCT6VHdsvm3DvvojDgbwqzHJ4cCFS; destination owner=ARu4n5mFdZogZAravu7CcizaojWnS6oqka37gdLT5SZn. 
F0057,2026-10-06T20:23:43Z,Solana mainnet,3KuFVRz24BkxXbHMisbGA57sdarRQavNCzRWr15pWVocNtoa5S1R5sAcm6Msu5i9jfKSMCvAYwzR9e2i9qJEUbaa,raw_transactions/3KuFVRz24BkxXbHMisbGA57sdarRQavNCzRWr15pWVocNtoa5S1R5sAcm6Msu5i9jfKSMCvAYwzR9e2i9qJEUbaa.json,VUEyRHYzJNHehVrJDGfpnhCUF1Z4wh2jipw6JE5D6rK,BPxxfRCXkUVhig4HS1Lh7kZqV6SPJhzfEk4x6fVBjPCy,330923.669803434,,token transfer,TokenkegQfeZyiNwAJbNbGKPFXCWuBvf9Ss623VQ5DA,69FnU8vszZSZF6DZCT6VHdsvm3DvvojDgbwqzHJ4cCFS,69FnU8vszZSZF6DZCT6VHdsvm3DvvojDgbwqzHJ4cCFS,0.000382629,mixed,CONFIRMED,instruction flattened index=13; program=TokenkegQfeZyiNwAJbNbGKPFXCWuBvf9Ss623VQ5DA; authority=ARu4n5mFdZogZAravu7CcizaojWnS6oqka37gdLT5SZn; source owner=ARu4n5mFdZogZAravu7CcizaojWnS6oqka37gdLT5SZn; destination owner=6qz7THwQvcjF3HyDGLuKaLBUk6EyJKeZXZMWLAeiwfjd. 
F0058,2026-10-06T20:23:43Z,Solana mainnet,3KuFVRz24BkxXbHMisbGA57sdarRQavNCzRWr15pWVocNtoa5S1R5sAcm6Msu5i9jfKSMCvAYwzR9e2i9qJEUbaa,raw_transactions/3KuFVRz24BkxXbHMisbGA57sdarRQavNCzRWr15pWVocNtoa5S1R5sAcm6Msu5i9jfKSMCvAYwzR9e2i9qJEUbaa.json,8XrtGP8RG33AnrN2yJ6H3gnXPNQ3dYXKqM72bpzhcsd6,EPjFWdd5AufqSSqeM2qN1xzybapC8G4wEGGkZwyTDt1v,342651.624812,,token transfer,TokenkegQfeZyiNwAJbNbGKPFXCWuBvf9Ss623VQ5DA,69FnU8vszZSZF6DZCT6VHdsvm3DvvojDgbwqzHJ4cCFS,69FnU8vszZSZF6DZCT6VHdsvm3DvvojDgbwqzHJ4cCFS,0.000382629,mixed,CONFIRMED,instruction flattened index=14; program=TokenkegQfeZyiNwAJbNbGKPFXCWuBvf9Ss623VQ5DA; authority=6qz7THwQvcjF3HyDGLuKaLBUk6EyJKeZXZMWLAeiwfjd; source owner=6qz7THwQvcjF3HyDGLuKaLBUk6EyJKeZXZMWLAeiwfjd; destination owner=ARu4n5mFdZogZAravu7CcizaojWnS6oqka37gdLT5SZn. 
F0059,2026-10-06T20:23:43Z,Solana mainnet,3KuFVRz24BkxXbHMisbGA57sdarRQavNCzRWr15pWVocNtoa5S1R5sAcm6Msu5i9jfKSMCvAYwzR9e2i9qJEUbaa,raw_transactions/3KuFVRz24BkxXbHMisbGA57sdarRQavNCzRWr15pWVocNtoa5S1R5sAcm6Msu5i9jfKSMCvAYwzR9e2i9qJEUbaa.json,HhdH9tGT84nF5MzhgHS1chDed4cWbmk2oimHASobVXuY,BPxxfRCXkUVhig4HS1Lh7kZqV6SPJhzfEk4x6fVBjPCy,13226.937218026,,token transfer,TokenkegQfeZyiNwAJbNbGKPFXCWuBvf9Ss623VQ5DA,69FnU8vszZSZF6DZCT6VHdsvm3DvvojDgbwqzHJ4cCFS,69FnU8vszZSZF6DZCT6VHdsvm3DvvojDgbwqzHJ4cCFS,0.000382629,mixed,CONFIRMED,instruction flattened index=19; program=TokenkegQfeZyiNwAJbNbGKPFXCWuBvf9Ss623VQ5DA; authority=ARu4n5mFdZogZAravu7CcizaojWnS6oqka37gdLT5SZn; source owner=ARu4n5mFdZogZAravu7CcizaojWnS6oqka37gdLT5SZn; destination owner=7o3bfXjeDL6Wzuwk1VR8nvEwSJTA2hHJhBgUA95nFDDa. 
F0060,2026-10-06T20:23:43Z,Solana mainnet,3KuFVRz24BkxXbHMisbGA57sdarRQavNCzRWr15pWVocNtoa5S1R5sAcm6Msu5i9jfKSMCvAYwzR9e2i9qJEUbaa,raw_transactions/3KuFVRz24BkxXbHMisbGA57sdarRQavNCzRWr15pWVocNtoa5S1R5sAcm6Msu5i9jfKSMCvAYwzR9e2i9qJEUbaa.json,DT2krA8vSP96D68nH86eAztZHVM18YB5i4gDXjLBDXm7,So11111111111111111111111111111111111111112,114.350840106,,token transfer,TokenkegQfeZyiNwAJbNbGKPFXCWuBvf9Ss623VQ5DA,69FnU8vszZSZF6DZCT6VHdsvm3DvvojDgbwqzHJ4cCFS,69FnU8vszZSZF6DZCT6VHdsvm3DvvojDgbwqzHJ4cCFS,0.000382629,mixed,CONFIRMED,instruction flattened index=20; program=TokenkegQfeZyiNwAJbNbGKPFXCWuBvf9Ss623VQ5DA; authority=7o3bfXjeDL6Wzuwk1VR8nvEwSJTA2hHJhBgUA95nFDDa; source owner=7o3bfXjeDL6Wzuwk1VR8nvEwSJTA2hHJhBgUA95nFDDa; destination owner=ARu4n5mFdZogZAravu7CcizaojWnS6oqka37gdLT5SZn. 
F0061,2026-10-06T20:23:43Z,Solana mainnet,3KuFVRz24BkxXbHMisbGA57sdarRQavNCzRWr15pWVocNtoa5S1R5sAcm6Msu5i9jfKSMCvAYwzR9e2i9qJEUbaa,raw_transactions/3KuFVRz24BkxXbHMisbGA57sdarRQavNCzRWr15pWVocNtoa5S1R5sAcm6Msu5i9jfKSMCvAYwzR9e2i9qJEUbaa.json,HeLDzXecZNWX29Ctcd9MGzxUcnTyRYVKMMBvznNDjR81,BPxxfRCXkUVhig4HS1Lh7kZqV6SPJhzfEk4x6fVBjPCy,13334.18265493,,token transfer,TokenkegQfeZyiNwAJbNbGKPFXCWuBvf9Ss623VQ5DA,69FnU8vszZSZF6DZCT6VHdsvm3DvvojDgbwqzHJ4cCFS,69FnU8vszZSZF6DZCT6VHdsvm3DvvojDgbwqzHJ4cCFS,0.000382629,mixed,CONFIRMED,instruction flattened index=25; program=TokenkegQfeZyiNwAJbNbGKPFXCWuBvf9Ss623VQ5DA; authority=ARu4n5mFdZogZAravu7CcizaojWnS6oqka37gdLT5SZn; source owner=ARu4n5mFdZogZAravu7CcizaojWnS6oqka37gdLT5SZn; destination owner=APMCZRS9hatjUyiuPCt2kfTf1ZW6pmVdxQtaTSfqYLQj. 
F0062,2026-10-06T20:23:43Z,Solana mainnet,3KuFVRz24BkxXbHMisbGA57sdarRQavNCzRWr15pWVocNtoa5S1R5sAcm6Msu5i9jfKSMCvAYwzR9e2i9qJEUbaa,raw_transactions/3KuFVRz24BkxXbHMisbGA57sdarRQavNCzRWr15pWVocNtoa5S1R5sAcm6Msu5i9jfKSMCvAYwzR9e2i9qJEUbaa.json,DT2krA8vSP96D68nH86eAztZHVM18YB5i4gDXjLBDXm7,So11111111111111111111111111111111111111112,111.981685546,,token transfer,TokenkegQfeZyiNwAJbNbGKPFXCWuBvf9Ss623VQ5DA,69FnU8vszZSZF6DZCT6VHdsvm3DvvojDgbwqzHJ4cCFS,69FnU8vszZSZF6DZCT6VHdsvm3DvvojDgbwqzHJ4cCFS,0.000382629,mixed,CONFIRMED,instruction flattened index=26; program=TokenkegQfeZyiNwAJbNbGKPFXCWuBvf9Ss623VQ5DA; authority=APMCZRS9hatjUyiuPCt2kfTf1ZW6pmVdxQtaTSfqYLQj; source owner=APMCZRS9hatjUyiuPCt2kfTf1ZW6pmVdxQtaTSfqYLQj; destination owner=ARu4n5mFdZogZAravu7CcizaojWnS6oqka37gdLT5SZn. 
F0063,2026-10-06T20:23:43Z,Solana mainnet,3KuFVRz24BkxXbHMisbGA57sdarRQavNCzRWr15pWVocNtoa5S1R5sAcm6Msu5i9jfKSMCvAYwzR9e2i9qJEUbaa,raw_transactions/3KuFVRz24BkxXbHMisbGA57sdarRQavNCzRWr15pWVocNtoa5S1R5sAcm6Msu5i9jfKSMCvAYwzR9e2i9qJEUbaa.json,9t4P5wMwfFkyn92Z7hf463qYKEZf8ERVZsGBEPNp8uJx,EPjFWdd5AufqSSqeM2qN1xzybapC8G4wEGGkZwyTDt1v,342651.624812,,token transfer,TokenkegQfeZyiNwAJbNbGKPFXCWuBvf9Ss623VQ5DA,69FnU8vszZSZF6DZCT6VHdsvm3DvvojDgbwqzHJ4cCFS,69FnU8vszZSZF6DZCT6VHdsvm3DvvojDgbwqzHJ4cCFS,0.000382629,mixed,CONFIRMED,instruction flattened index=30; program=TokenkegQfeZyiNwAJbNbGKPFXCWuBvf9Ss623VQ5DA; authority=ARu4n5mFdZogZAravu7CcizaojWnS6oqka37gdLT5SZn; source owner=ARu4n5mFdZogZAravu7CcizaojWnS6oqka37gdLT5SZn; destination owner=8ekCy2jHHUbW2yeNGFWYJT9Hm9FW7SvZcZK66dSZCDiF. 
F0064,2026-10-06T20:23:43Z,Solana mainnet,3KuFVRz24BkxXbHMisbGA57sdarRQavNCzRWr15pWVocNtoa5S1R5sAcm6Msu5i9jfKSMCvAYwzR9e2i9qJEUbaa,raw_transactions/3KuFVRz24BkxXbHMisbGA57sdarRQavNCzRWr15pWVocNtoa5S1R5sAcm6Msu5i9jfKSMCvAYwzR9e2i9qJEUbaa.json,DT2krA8vSP96D68nH86eAztZHVM18YB5i4gDXjLBDXm7,So11111111111111111111111111111111111111112,2828.475252944,,token transfer,TokenkegQfeZyiNwAJbNbGKPFXCWuBvf9Ss623VQ5DA,69FnU8vszZSZF6DZCT6VHdsvm3DvvojDgbwqzHJ4cCFS,69FnU8vszZSZF6DZCT6VHdsvm3DvvojDgbwqzHJ4cCFS,0.000382629,mixed,CONFIRMED,instruction flattened index=31; program=TokenkegQfeZyiNwAJbNbGKPFXCWuBvf9Ss623VQ5DA; authority=8ekCy2jHHUbW2yeNGFWYJT9Hm9FW7SvZcZK66dSZCDiF; source owner=8ekCy2jHHUbW2yeNGFWYJT9Hm9FW7SvZcZK66dSZCDiF; destination owner=ARu4n5mFdZogZAravu7CcizaojWnS6oqka37gdLT5SZn. 
F0065,2026-10-06T20:23:43Z,Solana mainnet,3KuFVRz24BkxXbHMisbGA57sdarRQavNCzRWr15pWVocNtoa5S1R5sAcm6Msu5i9jfKSMCvAYwzR9e2i9qJEUbaa,raw_transactions/3KuFVRz24BkxXbHMisbGA57sdarRQavNCzRWr15pWVocNtoa5S1R5sAcm6Msu5i9jfKSMCvAYwzR9e2i9qJEUbaa.json,EaUghZfmuhgtZEEwaZwX5EBroz4WyH8VM5NSXi4tam5A,So11111111111111111111111111111111111111112,3.054807778,,token transfer,TokenkegQfeZyiNwAJbNbGKPFXCWuBvf9Ss623VQ5DA,69FnU8vszZSZF6DZCT6VHdsvm3DvvojDgbwqzHJ4cCFS,69FnU8vszZSZF6DZCT6VHdsvm3DvvojDgbwqzHJ4cCFS,0.000382629,mixed,CONFIRMED,instruction flattened index=33; program=TokenkegQfeZyiNwAJbNbGKPFXCWuBvf9Ss623VQ5DA; authority=ARu4n5mFdZogZAravu7CcizaojWnS6oqka37gdLT5SZn; source owner=ARu4n5mFdZogZAravu7CcizaojWnS6oqka37gdLT5SZn; destination owner=HU23r7UoZbqTUuh3vA7emAGztFtqwTeVips789vqxxBw. 
F0066,2026-10-06T20:23:43Z,Solana mainnet,3KuFVRz24BkxXbHMisbGA57sdarRQavNCzRWr15pWVocNtoa5S1R5sAcm6Msu5i9jfKSMCvAYwzR9e2i9qJEUbaa,raw_transactions/3KuFVRz24BkxXbHMisbGA57sdarRQavNCzRWr15pWVocNtoa5S1R5sAcm6Msu5i9jfKSMCvAYwzR9e2i9qJEUbaa.json,2kDWUhGyv6yz1Ta3okLMaSnuRpAgVabCUgcFfGfGjxZa,So11111111111111111111111111111111111111112,3051.752970818,,token transfer,TokenkegQfeZyiNwAJbNbGKPFXCWuBvf9Ss623VQ5DA,69FnU8vszZSZF6DZCT6VHdsvm3DvvojDgbwqzHJ4cCFS,69FnU8vszZSZF6DZCT6VHdsvm3DvvojDgbwqzHJ4cCFS,0.000382629,mixed,CONFIRMED,instruction flattened index=34; program=TokenkegQfeZyiNwAJbNbGKPFXCWuBvf9Ss623VQ5DA; authority=ARu4n5mFdZogZAravu7CcizaojWnS6oqka37gdLT5SZn; source owner=ARu4n5mFdZogZAravu7CcizaojWnS6oqka37gdLT5SZn; destination owner=2kDWUhGyv6yz1Ta3okLMaSnuRpAgVabCUgcFfGfGjxZa. 
F0067,2026-10-06T20:23:43Z,Solana mainnet,3KuFVRz24BkxXbHMisbGA57sdarRQavNCzRWr15pWVocNtoa5S1R5sAcm6Msu5i9jfKSMCvAYwzR9e2i9qJEUbaa,raw_transactions/3KuFVRz24BkxXbHMisbGA57sdarRQavNCzRWr15pWVocNtoa5S1R5sAcm6Msu5i9jfKSMCvAYwzR9e2i9qJEUbaa.json,network,SOL,0.000382629,,network fee,,69FnU8vszZSZF6DZCT6VHdsvm3DvvojDgbwqzHJ4cCFS,69FnU8vszZSZF6DZCT6VHdsvm3DvvojDgbwqzHJ4cCFS,0.000382629,mixed,CONFIRMED,"Fee occurs even for failed transaction; repeated network_fee_SOL columns are metadata, not additional fees."
F0068,2026-10-06T20:35:35Z,Solana mainnet,TkEe4z4zGuw1jTSA3fEDnSPM3rg5retPVkF7VhQcqjhuSoA6wDPAfPzLZysVP7GopTZhx94CgXTfxW6DoYmxo6t,raw_transactions/TkEe4z4zGuw1jTSA3fEDnSPM3rg5retPVkF7VhQcqjhuSoA6wDPAfPzLZysVP7GopTZhx94CgXTfxW6DoYmxo6t.json,5PoDS64x9ZiaBUyKdn73ZwwJr7vvMcYJr2rfycZ7e3dU,ZesMGYmokFiEuDvNzWeMhB7jxF6eUW8c512vwSKSTNK,9889280.200736,,token transfer,TokenzQdBNbLqP5VEhdkAS6EPFLC1PHnBqCXEpPxuEb,69FnU8vszZSZF6DZCT6VHdsvm3DvvojDgbwqzHJ4cCFS,69FnU8vszZSZF6DZCT6VHdsvm3DvvojDgbwqzHJ4cCFS,0.000699507,mixed,CONFIRMED,instruction flattened index=11; program=TokenzQdBNbLqP5VEhdkAS6EPFLC1PHnBqCXEpPxuEb; authority=69FnU8vszZSZF6DZCT6VHdsvm3DvvojDgbwqzHJ4cCFS; source owner=69FnU8vszZSZF6DZCT6VHdsvm3DvvojDgbwqzHJ4cCFS; destination owner=GpMZbSM2GgvTKHJirzeGfMFoaZ8UR2X7F4v8vHTvxFbL. 
F0069,2026-10-06T20:35:35Z,Solana mainnet,TkEe4z4zGuw1jTSA3fEDnSPM3rg5retPVkF7VhQcqjhuSoA6wDPAfPzLZysVP7GopTZhx94CgXTfxW6DoYmxo6t,raw_transactions/TkEe4z4zGuw1jTSA3fEDnSPM3rg5retPVkF7VhQcqjhuSoA6wDPAfPzLZysVP7GopTZhx94CgXTfxW6DoYmxo6t.json,66WmHskiS981YdWzHCfdu1hkB9qENyJ4HjT4Pz5XWDj5,BPxxfRCXkUVhig4HS1Lh7kZqV6SPJhzfEk4x6fVBjPCy,8294.647365906,,token transfer,TokenkegQfeZyiNwAJbNbGKPFXCWuBvf9Ss623VQ5DA,69FnU8vszZSZF6DZCT6VHdsvm3DvvojDgbwqzHJ4cCFS,69FnU8vszZSZF6DZCT6VHdsvm3DvvojDgbwqzHJ4cCFS,0.000699507,mixed,CONFIRMED,instruction flattened index=12; program=TokenkegQfeZyiNwAJbNbGKPFXCWuBvf9Ss623VQ5DA; authority=GpMZbSM2GgvTKHJirzeGfMFoaZ8UR2X7F4v8vHTvxFbL; source owner=GpMZbSM2GgvTKHJirzeGfMFoaZ8UR2X7F4v8vHTvxFbL; destination owner=ARu4n5mFdZogZAravu7CcizaojWnS6oqka37gdLT5SZn. 
F0070,2026-10-06T20:35:35Z,Solana mainnet,TkEe4z4zGuw1jTSA3fEDnSPM3rg5retPVkF7VhQcqjhuSoA6wDPAfPzLZysVP7GopTZhx94CgXTfxW6DoYmxo6t,raw_transactions/TkEe4z4zGuw1jTSA3fEDnSPM3rg5retPVkF7VhQcqjhuSoA6wDPAfPzLZysVP7GopTZhx94CgXTfxW6DoYmxo6t.json,3sPDUULAoRzRuYCCzYWM5KRucvhTWGGg7E5XqoXxnRRZ,ZesMGYmokFiEuDvNzWeMhB7jxF6eUW8c512vwSKSTNK,5981816.253664,,token transfer,TokenzQdBNbLqP5VEhdkAS6EPFLC1PHnBqCXEpPxuEb,69FnU8vszZSZF6DZCT6VHdsvm3DvvojDgbwqzHJ4cCFS,69FnU8vszZSZF6DZCT6VHdsvm3DvvojDgbwqzHJ4cCFS,0.000699507,mixed,CONFIRMED,instruction flattened index=16; program=TokenzQdBNbLqP5VEhdkAS6EPFLC1PHnBqCXEpPxuEb; authority=69FnU8vszZSZF6DZCT6VHdsvm3DvvojDgbwqzHJ4cCFS; source owner=69FnU8vszZSZF6DZCT6VHdsvm3DvvojDgbwqzHJ4cCFS; destination owner=6Hqd8wspmgRXaoKNwRF2a23QioEsz1V2UNDBhhsMgcXq. 
F0071,2026-10-06T20:35:35Z,Solana mainnet,TkEe4z4zGuw1jTSA3fEDnSPM3rg5retPVkF7VhQcqjhuSoA6wDPAfPzLZysVP7GopTZhx94CgXTfxW6DoYmxo6t,raw_transactions/TkEe4z4zGuw1jTSA3fEDnSPM3rg5retPVkF7VhQcqjhuSoA6wDPAfPzLZysVP7GopTZhx94CgXTfxW6DoYmxo6t.json,DT2krA8vSP96D68nH86eAztZHVM18YB5i4gDXjLBDXm7,So11111111111111111111111111111111111111112,45.646512149,,token transfer,TokenkegQfeZyiNwAJbNbGKPFXCWuBvf9Ss623VQ5DA,69FnU8vszZSZF6DZCT6VHdsvm3DvvojDgbwqzHJ4cCFS,69FnU8vszZSZF6DZCT6VHdsvm3DvvojDgbwqzHJ4cCFS,0.000699507,mixed,CONFIRMED,instruction flattened index=17; program=TokenkegQfeZyiNwAJbNbGKPFXCWuBvf9Ss623VQ5DA; authority=6Hqd8wspmgRXaoKNwRF2a23QioEsz1V2UNDBhhsMgcXq; source owner=6Hqd8wspmgRXaoKNwRF2a23QioEsz1V2UNDBhhsMgcXq; destination owner=ARu4n5mFdZogZAravu7CcizaojWnS6oqka37gdLT5SZn. 
F0072,2026-10-06T20:35:35Z,Solana mainnet,TkEe4z4zGuw1jTSA3fEDnSPM3rg5retPVkF7VhQcqjhuSoA6wDPAfPzLZysVP7GopTZhx94CgXTfxW6DoYmxo6t,raw_transactions/TkEe4z4zGuw1jTSA3fEDnSPM3rg5retPVkF7VhQcqjhuSoA6wDPAfPzLZysVP7GopTZhx94CgXTfxW6DoYmxo6t.json,VUEyRHYzJNHehVrJDGfpnhCUF1Z4wh2jipw6JE5D6rK,BPxxfRCXkUVhig4HS1Lh7kZqV6SPJhzfEk4x6fVBjPCy,8294.647365906,,token transfer,TokenkegQfeZyiNwAJbNbGKPFXCWuBvf9Ss623VQ5DA,69FnU8vszZSZF6DZCT6VHdsvm3DvvojDgbwqzHJ4cCFS,69FnU8vszZSZF6DZCT6VHdsvm3DvvojDgbwqzHJ4cCFS,0.000699507,mixed,CONFIRMED,instruction flattened index=22; program=TokenkegQfeZyiNwAJbNbGKPFXCWuBvf9Ss623VQ5DA; authority=ARu4n5mFdZogZAravu7CcizaojWnS6oqka37gdLT5SZn; source owner=ARu4n5mFdZogZAravu7CcizaojWnS6oqka37gdLT5SZn; destination owner=6qz7THwQvcjF3HyDGLuKaLBUk6EyJKeZXZMWLAeiwfjd. 
F0073,2026-10-06T20:35:35Z,Solana mainnet,TkEe4z4zGuw1jTSA3fEDnSPM3rg5retPVkF7VhQcqjhuSoA6wDPAfPzLZysVP7GopTZhx94CgXTfxW6DoYmxo6t,raw_transactions/TkEe4z4zGuw1jTSA3fEDnSPM3rg5retPVkF7VhQcqjhuSoA6wDPAfPzLZysVP7GopTZhx94CgXTfxW6DoYmxo6t.json,8XrtGP8RG33AnrN2yJ6H3gnXPNQ3dYXKqM72bpzhcsd6,EPjFWdd5AufqSSqeM2qN1xzybapC8G4wEGGkZwyTDt1v,9281.089661,,token transfer,TokenkegQfeZyiNwAJbNbGKPFXCWuBvf9Ss623VQ5DA,69FnU8vszZSZF6DZCT6VHdsvm3DvvojDgbwqzHJ4cCFS,69FnU8vszZSZF6DZCT6VHdsvm3DvvojDgbwqzHJ4cCFS,0.000699507,mixed,CONFIRMED,instruction flattened index=23; program=TokenkegQfeZyiNwAJbNbGKPFXCWuBvf9Ss623VQ5DA; authority=6qz7THwQvcjF3HyDGLuKaLBUk6EyJKeZXZMWLAeiwfjd; source owner=6qz7THwQvcjF3HyDGLuKaLBUk6EyJKeZXZMWLAeiwfjd; destination owner=ARu4n5mFdZogZAravu7CcizaojWnS6oqka37gdLT5SZn. 
F0074,2026-10-06T20:35:35Z,Solana mainnet,TkEe4z4zGuw1jTSA3fEDnSPM3rg5retPVkF7VhQcqjhuSoA6wDPAfPzLZysVP7GopTZhx94CgXTfxW6DoYmxo6t,raw_transactions/TkEe4z4zGuw1jTSA3fEDnSPM3rg5retPVkF7VhQcqjhuSoA6wDPAfPzLZysVP7GopTZhx94CgXTfxW6DoYmxo6t.json,2Y7HATmn9aJBcxCskE5V2U2epmjvkZmB51zTJBbhj4cU,EPjFWdd5AufqSSqeM2qN1xzybapC8G4wEGGkZwyTDt1v,9281.089661,,token transfer,TokenkegQfeZyiNwAJbNbGKPFXCWuBvf9Ss623VQ5DA,69FnU8vszZSZF6DZCT6VHdsvm3DvvojDgbwqzHJ4cCFS,69FnU8vszZSZF6DZCT6VHdsvm3DvvojDgbwqzHJ4cCFS,0.000699507,mixed,CONFIRMED,instruction flattened index=27; program=TokenkegQfeZyiNwAJbNbGKPFXCWuBvf9Ss623VQ5DA; authority=ARu4n5mFdZogZAravu7CcizaojWnS6oqka37gdLT5SZn; source owner=ARu4n5mFdZogZAravu7CcizaojWnS6oqka37gdLT5SZn; destination owner=8FnX3xo2yYw3EUE6w3nQA4GfXGS9wpK6oj3veJpbFzLo. 
F0075,2026-10-06T20:35:35Z,Solana mainnet,TkEe4z4zGuw1jTSA3fEDnSPM3rg5retPVkF7VhQcqjhuSoA6wDPAfPzLZysVP7GopTZhx94CgXTfxW6DoYmxo6t,raw_transactions/TkEe4z4zGuw1jTSA3fEDnSPM3rg5retPVkF7VhQcqjhuSoA6wDPAfPzLZysVP7GopTZhx94CgXTfxW6DoYmxo6t.json,DT2krA8vSP96D68nH86eAztZHVM18YB5i4gDXjLBDXm7,So11111111111111111111111111111111111111112,76.689393759,,token transfer,TokenkegQfeZyiNwAJbNbGKPFXCWuBvf9Ss623VQ5DA,69FnU8vszZSZF6DZCT6VHdsvm3DvvojDgbwqzHJ4cCFS,69FnU8vszZSZF6DZCT6VHdsvm3DvvojDgbwqzHJ4cCFS,0.000699507,mixed,CONFIRMED,instruction flattened index=28; program=TokenkegQfeZyiNwAJbNbGKPFXCWuBvf9Ss623VQ5DA; authority=8FnX3xo2yYw3EUE6w3nQA4GfXGS9wpK6oj3veJpbFzLo; source owner=8FnX3xo2yYw3EUE6w3nQA4GfXGS9wpK6oj3veJpbFzLo; destination owner=ARu4n5mFdZogZAravu7CcizaojWnS6oqka37gdLT5SZn. 
F0076,2026-10-06T20:35:35Z,Solana mainnet,TkEe4z4zGuw1jTSA3fEDnSPM3rg5retPVkF7VhQcqjhuSoA6wDPAfPzLZysVP7GopTZhx94CgXTfxW6DoYmxo6t,raw_transactions/TkEe4z4zGuw1jTSA3fEDnSPM3rg5retPVkF7VhQcqjhuSoA6wDPAfPzLZysVP7GopTZhx94CgXTfxW6DoYmxo6t.json,2oL6my4QDDCfpgJZX1bZV1NgbmuNptKdgcE8wJm6efgk,So11111111111111111111111111111111111111112,0.122335905,,token transfer,TokenkegQfeZyiNwAJbNbGKPFXCWuBvf9Ss623VQ5DA,69FnU8vszZSZF6DZCT6VHdsvm3DvvojDgbwqzHJ4cCFS,69FnU8vszZSZF6DZCT6VHdsvm3DvvojDgbwqzHJ4cCFS,0.000699507,mixed,CONFIRMED,instruction flattened index=30; program=TokenkegQfeZyiNwAJbNbGKPFXCWuBvf9Ss623VQ5DA; authority=ARu4n5mFdZogZAravu7CcizaojWnS6oqka37gdLT5SZn; source owner=ARu4n5mFdZogZAravu7CcizaojWnS6oqka37gdLT5SZn; destination owner=7iWnBRRhBCiNXXPhqiGzvvBkKrvFSWqqmxRyu9VyYBxE. 
F0077,2026-10-06T20:35:35Z,Solana mainnet,TkEe4z4zGuw1jTSA3fEDnSPM3rg5retPVkF7VhQcqjhuSoA6wDPAfPzLZysVP7GopTZhx94CgXTfxW6DoYmxo6t,raw_transactions/TkEe4z4zGuw1jTSA3fEDnSPM3rg5retPVkF7VhQcqjhuSoA6wDPAfPzLZysVP7GopTZhx94CgXTfxW6DoYmxo6t.json,2kDWUhGyv6yz1Ta3okLMaSnuRpAgVabCUgcFfGfGjxZa,So11111111111111111111111111111111111111112,122.213570003,,token transfer,TokenkegQfeZyiNwAJbNbGKPFXCWuBvf9Ss623VQ5DA,69FnU8vszZSZF6DZCT6VHdsvm3DvvojDgbwqzHJ4cCFS,69FnU8vszZSZF6DZCT6VHdsvm3DvvojDgbwqzHJ4cCFS,0.000699507,mixed,CONFIRMED,instruction flattened index=31; program=TokenkegQfeZyiNwAJbNbGKPFXCWuBvf9Ss623VQ5DA; authority=ARu4n5mFdZogZAravu7CcizaojWnS6oqka37gdLT5SZn; source owner=ARu4n5mFdZogZAravu7CcizaojWnS6oqka37gdLT5SZn; destination owner=2kDWUhGyv6yz1Ta3okLMaSnuRpAgVabCUgcFfGfGjxZa. 
F0078,2026-10-06T20:35:35Z,Solana mainnet,TkEe4z4zGuw1jTSA3fEDnSPM3rg5retPVkF7VhQcqjhuSoA6wDPAfPzLZysVP7GopTZhx94CgXTfxW6DoYmxo6t,raw_transactions/TkEe4z4zGuw1jTSA3fEDnSPM3rg5retPVkF7VhQcqjhuSoA6wDPAfPzLZysVP7GopTZhx94CgXTfxW6DoYmxo6t.json,network,SOL,0.000699507,,network fee,,69FnU8vszZSZF6DZCT6VHdsvm3DvvojDgbwqzHJ4cCFS,69FnU8vszZSZF6DZCT6VHdsvm3DvvojDgbwqzHJ4cCFS,0.000699507,mixed,CONFIRMED,"Fee occurs even for failed transaction; repeated network_fee_SOL columns are metadata, not additional fees."
F0079,2026-10-06T20:35:41Z,Solana mainnet,5fFLUqvsAJLEn1cPnypjzfKi8iioUYCnaCgR8QonKtE2U3xf6nk8RduhjURrjLP32yX1pzTT9vy9bXHXfQyNA87t,raw_transactions/5fFLUqvsAJLEn1cPnypjzfKi8iioUYCnaCgR8QonKtE2U3xf6nk8RduhjURrjLP32yX1pzTT9vy9bXHXfQyNA87t.json,8Ti6AMEkfZnFjKTa3kJw9mNsyjgKC5vwCxViqgViMj9S,EPjFWdd5AufqSSqeM2qN1xzybapC8G4wEGGkZwyTDt1v,7859.975842,,token transfer,TokenkegQfeZyiNwAJbNbGKPFXCWuBvf9Ss623VQ5DA,Grr9WnZdcetQywtFXog81UhqmnJyvFhb4AT3ipw44mZP;69FnU8vszZSZF6DZCT6VHdsvm3DvvojDgbwqzHJ4cCFS,Grr9WnZdcetQywtFXog81UhqmnJyvFhb4AT3ipw44mZP,0.000011225,mixed,CONFIRMED,instruction flattened index=3; program=TokenkegQfeZyiNwAJbNbGKPFXCWuBvf9Ss623VQ5DA; authority=69FnU8vszZSZF6DZCT6VHdsvm3DvvojDgbwqzHJ4cCFS; source owner=69FnU8vszZSZF6DZCT6VHdsvm3DvvojDgbwqzHJ4cCFS; destination owner=Grr9WnZdcetQywtFXog81UhqmnJyvFhb4AT3ipw44mZP. 
F0080,2026-10-06T20:35:41Z,Solana mainnet,5fFLUqvsAJLEn1cPnypjzfKi8iioUYCnaCgR8QonKtE2U3xf6nk8RduhjURrjLP32yX1pzTT9vy9bXHXfQyNA87t,raw_transactions/5fFLUqvsAJLEn1cPnypjzfKi8iioUYCnaCgR8QonKtE2U3xf6nk8RduhjURrjLP32yX1pzTT9vy9bXHXfQyNA87t.json,4dbQGq7vUHdoRvF5g8mTu8eeah68M15PfX2MK1rhCAJL,So11111111111111111111111111111111111111112,64.925550449,,token transfer,TokenkegQfeZyiNwAJbNbGKPFXCWuBvf9Ss623VQ5DA,Grr9WnZdcetQywtFXog81UhqmnJyvFhb4AT3ipw44mZP;69FnU8vszZSZF6DZCT6VHdsvm3DvvojDgbwqzHJ4cCFS,Grr9WnZdcetQywtFXog81UhqmnJyvFhb4AT3ipw44mZP,0.000011225,mixed,CONFIRMED,instruction flattened index=6; program=TokenkegQfeZyiNwAJbNbGKPFXCWuBvf9Ss623VQ5DA; authority=Grr9WnZdcetQywtFXog81UhqmnJyvFhb4AT3ipw44mZP; source owner=Grr9WnZdcetQywtFXog81UhqmnJyvFhb4AT3ipw44mZP; destination owner=4dbQGq7vUHdoRvF5g8mTu8eeah68M15PfX2MK1rhCAJL. 
F0081,2026-10-06T20:35:41Z,Solana mainnet,5fFLUqvsAJLEn1cPnypjzfKi8iioUYCnaCgR8QonKtE2U3xf6nk8RduhjURrjLP32yX1pzTT9vy9bXHXfQyNA87t,raw_transactions/5fFLUqvsAJLEn1cPnypjzfKi8iioUYCnaCgR8QonKtE2U3xf6nk8RduhjURrjLP32yX1pzTT9vy9bXHXfQyNA87t.json,69FnU8vszZSZF6DZCT6VHdsvm3DvvojDgbwqzHJ4cCFS,SOL,64.925550449,,native transfer,11111111111111111111111111111111,Grr9WnZdcetQywtFXog81UhqmnJyvFhb4AT3ipw44mZP;69FnU8vszZSZF6DZCT6VHdsvm3DvvojDgbwqzHJ4cCFS,Grr9WnZdcetQywtFXog81UhqmnJyvFhb4AT3ipw44mZP,0.000011225,mixed,CONFIRMED,instruction flattened index=8; program=11111111111111111111111111111111; authority=; source owner=Grr9WnZdcetQywtFXog81UhqmnJyvFhb4AT3ipw44mZP; destination owner=69FnU8vszZSZF6DZCT6VHdsvm3DvvojDgbwqzHJ4cCFS. 
F0082,2026-10-06T20:35:41Z,Solana mainnet,5fFLUqvsAJLEn1cPnypjzfKi8iioUYCnaCgR8QonKtE2U3xf6nk8RduhjURrjLP32yX1pzTT9vy9bXHXfQyNA87t,raw_transactions/5fFLUqvsAJLEn1cPnypjzfKi8iioUYCnaCgR8QonKtE2U3xf6nk8RduhjURrjLP32yX1pzTT9vy9bXHXfQyNA87t.json,network,SOL,0.000011225,,network fee,,Grr9WnZdcetQywtFXog81UhqmnJyvFhb4AT3ipw44mZP;69FnU8vszZSZF6DZCT6VHdsvm3DvvojDgbwqzHJ4cCFS,Grr9WnZdcetQywtFXog81UhqmnJyvFhb4AT3ipw44mZP,0.000011225,mixed,CONFIRMED,"Fee occurs even for failed transaction; repeated network_fee_SOL columns are metadata, not additional fees."
F0083,2026-10-06T20:36:06Z,Solana mainnet,2z3oR5xtnE9mkk3F5Y7HFf3NZxzNtKJBEx3Fwzo9jcERr288dCQDiX6mjF8ECcu4wS6umS5jZes7Tcyv8rUatumN,raw_transactions/2z3oR5xtnE9mkk3F5Y7HFf3NZxzNtKJBEx3Fwzo9jcERr288dCQDiX6mjF8ECcu4wS6umS5jZes7Tcyv8rUatumN.json,4AV2Qzp3N4c9RfzyEbNZs2wqWfW4EwKnnxFAZCndvfGh,SOL,550,,Privacy Cash deposit,9fhQBbumKEFuXtMBDw8AaQyAjCorLGJQiS3skWZdQyQD,69FnU8vszZSZF6DZCT6VHdsvm3DvvojDgbwqzHJ4cCFS,69FnU8vszZSZF6DZCT6VHdsvm3DvvojDgbwqzHJ4cCFS,0.000205,mixed,CONFIRMED,instruction flattened index=6; program=11111111111111111111111111111111; authority=; source owner=69FnU8vszZSZF6DZCT6VHdsvm3DvvojDgbwqzHJ4cCFS; destination owner=4AV2Qzp3N4c9RfzyEbNZs2wqWfW4EwKnnxFAZCndvfGh. Pool entry confirmed; no withdrawal match.
F0084,2026-10-06T20:36:06Z,Solana mainnet,2z3oR5xtnE9mkk3F5Y7HFf3NZxzNtKJBEx3Fwzo9jcERr288dCQDiX6mjF8ECcu4wS6umS5jZes7Tcyv8rUatumN,raw_transactions/2z3oR5xtnE9mkk3F5Y7HFf3NZxzNtKJBEx3Fwzo9jcERr288dCQDiX6mjF8ECcu4wS6umS5jZes7Tcyv8rUatumN.json,network,SOL,0.000205,,network fee,,69FnU8vszZSZF6DZCT6VHdsvm3DvvojDgbwqzHJ4cCFS,69FnU8vszZSZF6DZCT6VHdsvm3DvvojDgbwqzHJ4cCFS,0.000205,mixed,CONFIRMED,"Fee occurs even for failed transaction; repeated network_fee_SOL columns are metadata, not additional fees."
F0085,2026-10-06T20:39:06Z,Solana mainnet,2RQzMvMEjC4UbWBzxdFrthgQAWvmKepgdPqXCghe6tEoSS9M8aqMYsosnECkxM3N4ipYbF1vXBmkjEkqBRNz4wdd,raw_transactions/2RQzMvMEjC4UbWBzxdFrthgQAWvmKepgdPqXCghe6tEoSS9M8aqMYsosnECkxM3N4ipYbF1vXBmkjEkqBRNz4wdd.json,4AV2Qzp3N4c9RfzyEbNZs2wqWfW4EwKnnxFAZCndvfGh,SOL,1000,,Privacy Cash deposit,9fhQBbumKEFuXtMBDw8AaQyAjCorLGJQiS3skWZdQyQD,69FnU8vszZSZF6DZCT6VHdsvm3DvvojDgbwqzHJ4cCFS,69FnU8vszZSZF6DZCT6VHdsvm3DvvojDgbwqzHJ4cCFS,0.000205,mixed,CONFIRMED,instruction flattened index=6; program=11111111111111111111111111111111; authority=; source owner=69FnU8vszZSZF6DZCT6VHdsvm3DvvojDgbwqzHJ4cCFS; destination owner=4AV2Qzp3N4c9RfzyEbNZs2wqWfW4EwKnnxFAZCndvfGh. Pool entry confirmed; no withdrawal match.
F0086,2026-10-06T20:39:06Z,Solana mainnet,2RQzMvMEjC4UbWBzxdFrthgQAWvmKepgdPqXCghe6tEoSS9M8aqMYsosnECkxM3N4ipYbF1vXBmkjEkqBRNz4wdd,raw_transactions/2RQzMvMEjC4UbWBzxdFrthgQAWvmKepgdPqXCghe6tEoSS9M8aqMYsosnECkxM3N4ipYbF1vXBmkjEkqBRNz4wdd.json,network,SOL,0.000205,,network fee,,69FnU8vszZSZF6DZCT6VHdsvm3DvvojDgbwqzHJ4cCFS,69FnU8vszZSZF6DZCT6VHdsvm3DvvojDgbwqzHJ4cCFS,0.000205,mixed,CONFIRMED,"Fee occurs even for failed transaction; repeated network_fee_SOL columns are metadata, not additional fees."
F0087,2026-10-06T20:41:15Z,Solana mainnet,2rmwmvV6o3t88NqFzkScnAmLp6MQSNdSwdM6fVEpFjbnQmivPdR5pg132WG6yoRbwMr6vxhVuctEoHWbZ7srV1bh,raw_transactions/2rmwmvV6o3t88NqFzkScnAmLp6MQSNdSwdM6fVEpFjbnQmivPdR5pg132WG6yoRbwMr6vxhVuctEoHWbZ7srV1bh.json,4AV2Qzp3N4c9RfzyEbNZs2wqWfW4EwKnnxFAZCndvfGh,SOL,1000,,Privacy Cash deposit,9fhQBbumKEFuXtMBDw8AaQyAjCorLGJQiS3skWZdQyQD,69FnU8vszZSZF6DZCT6VHdsvm3DvvojDgbwqzHJ4cCFS,69FnU8vszZSZF6DZCT6VHdsvm3DvvojDgbwqzHJ4cCFS,0.000205,mixed,CONFIRMED,instruction flattened index=6; program=11111111111111111111111111111111; authority=; source owner=69FnU8vszZSZF6DZCT6VHdsvm3DvvojDgbwqzHJ4cCFS; destination owner=4AV2Qzp3N4c9RfzyEbNZs2wqWfW4EwKnnxFAZCndvfGh. Pool entry confirmed; no withdrawal match.
F0088,2026-10-06T20:41:15Z,Solana mainnet,2rmwmvV6o3t88NqFzkScnAmLp6MQSNdSwdM6fVEpFjbnQmivPdR5pg132WG6yoRbwMr6vxhVuctEoHWbZ7srV1bh,raw_transactions/2rmwmvV6o3t88NqFzkScnAmLp6MQSNdSwdM6fVEpFjbnQmivPdR5pg132WG6yoRbwMr6vxhVuctEoHWbZ7srV1bh.json,network,SOL,0.000205,,network fee,,69FnU8vszZSZF6DZCT6VHdsvm3DvvojDgbwqzHJ4cCFS,69FnU8vszZSZF6DZCT6VHdsvm3DvvojDgbwqzHJ4cCFS,0.000205,mixed,CONFIRMED,"Fee occurs even for failed transaction; repeated network_fee_SOL columns are metadata, not additional fees."
F0089,2026-10-06T20:44:38Z,Solana mainnet,4dMYbos32EUJEX6S3PAQZEY2Xn3XAJS5ytRVZyHxbE24i31zrUJAdcimYRvcsu4d8Ac9P8mj6huz6fZz5PuV57DW,raw_transactions/4dMYbos32EUJEX6S3PAQZEY2Xn3XAJS5ytRVZyHxbE24i31zrUJAdcimYRvcsu4d8Ac9P8mj6huz6fZz5PuV57DW.json,4AV2Qzp3N4c9RfzyEbNZs2wqWfW4EwKnnxFAZCndvfGh,SOL,1000,,Privacy Cash deposit,9fhQBbumKEFuXtMBDw8AaQyAjCorLGJQiS3skWZdQyQD,69FnU8vszZSZF6DZCT6VHdsvm3DvvojDgbwqzHJ4cCFS,69FnU8vszZSZF6DZCT6VHdsvm3DvvojDgbwqzHJ4cCFS,0.000205,mixed,CONFIRMED,instruction flattened index=6; program=11111111111111111111111111111111; authority=; source owner=69FnU8vszZSZF6DZCT6VHdsvm3DvvojDgbwqzHJ4cCFS; destination owner=4AV2Qzp3N4c9RfzyEbNZs2wqWfW4EwKnnxFAZCndvfGh. Pool entry confirmed; no withdrawal match.
F0090,2026-10-06T20:44:38Z,Solana mainnet,4dMYbos32EUJEX6S3PAQZEY2Xn3XAJS5ytRVZyHxbE24i31zrUJAdcimYRvcsu4d8Ac9P8mj6huz6fZz5PuV57DW,raw_transactions/4dMYbos32EUJEX6S3PAQZEY2Xn3XAJS5ytRVZyHxbE24i31zrUJAdcimYRvcsu4d8Ac9P8mj6huz6fZz5PuV57DW.json,network,SOL,0.000205,,network fee,,69FnU8vszZSZF6DZCT6VHdsvm3DvvojDgbwqzHJ4cCFS,69FnU8vszZSZF6DZCT6VHdsvm3DvvojDgbwqzHJ4cCFS,0.000205,mixed,CONFIRMED,"Fee occurs even for failed transaction; repeated network_fee_SOL columns are metadata, not additional fees."
F0091,2026-10-06T20:47:25Z,Solana mainnet,4bjhir5fURcbzsgkEZLRXc3ZuHuShYWDdPeubiYGQ4mWJNjhHMtJd7sJXDPffLm2CsWkZWqfNGr96UQTgPAgjmdM,raw_transactions/4bjhir5fURcbzsgkEZLRXc3ZuHuShYWDdPeubiYGQ4mWJNjhHMtJd7sJXDPffLm2CsWkZWqfNGr96UQTgPAgjmdM.json,4AV2Qzp3N4c9RfzyEbNZs2wqWfW4EwKnnxFAZCndvfGh,SOL,1666,,Privacy Cash deposit,9fhQBbumKEFuXtMBDw8AaQyAjCorLGJQiS3skWZdQyQD,69FnU8vszZSZF6DZCT6VHdsvm3DvvojDgbwqzHJ4cCFS,69FnU8vszZSZF6DZCT6VHdsvm3DvvojDgbwqzHJ4cCFS,0.000205,mixed,CONFIRMED,instruction flattened index=6; program=11111111111111111111111111111111; authority=; source owner=69FnU8vszZSZF6DZCT6VHdsvm3DvvojDgbwqzHJ4cCFS; destination owner=4AV2Qzp3N4c9RfzyEbNZs2wqWfW4EwKnnxFAZCndvfGh. Pool entry confirmed; no withdrawal match.
F0092,2026-10-06T20:47:25Z,Solana mainnet,4bjhir5fURcbzsgkEZLRXc3ZuHuShYWDdPeubiYGQ4mWJNjhHMtJd7sJXDPffLm2CsWkZWqfNGr96UQTgPAgjmdM,raw_transactions/4bjhir5fURcbzsgkEZLRXc3ZuHuShYWDdPeubiYGQ4mWJNjhHMtJd7sJXDPffLm2CsWkZWqfNGr96UQTgPAgjmdM.json,network,SOL,0.000205,,network fee,,69FnU8vszZSZF6DZCT6VHdsvm3DvvojDgbwqzHJ4cCFS,69FnU8vszZSZF6DZCT6VHdsvm3DvvojDgbwqzHJ4cCFS,0.000205,mixed,CONFIRMED,"Fee occurs even for failed transaction; repeated network_fee_SOL columns are metadata, not additional fees."
F0093,2026-10-06T20:50:20Z,Solana mainnet,3UtUPbZbsSFqMTcSPG5s9nv3yihtPhjiG53inP5eMmfKwZkwsEv8dGrbY59mszAm6AwNbaHuHTrSM5gebF7s99BA,raw_transactions/3UtUPbZbsSFqMTcSPG5s9nv3yihtPhjiG53inP5eMmfKwZkwsEv8dGrbY59mszAm6AwNbaHuHTrSM5gebF7s99BA.json,4AV2Qzp3N4c9RfzyEbNZs2wqWfW4EwKnnxFAZCndvfGh,SOL,1666,,Privacy Cash deposit,9fhQBbumKEFuXtMBDw8AaQyAjCorLGJQiS3skWZdQyQD,69FnU8vszZSZF6DZCT6VHdsvm3DvvojDgbwqzHJ4cCFS,69FnU8vszZSZF6DZCT6VHdsvm3DvvojDgbwqzHJ4cCFS,0.000205,mixed,CONFIRMED,instruction flattened index=6; program=11111111111111111111111111111111; authority=; source owner=69FnU8vszZSZF6DZCT6VHdsvm3DvvojDgbwqzHJ4cCFS; destination owner=4AV2Qzp3N4c9RfzyEbNZs2wqWfW4EwKnnxFAZCndvfGh. Pool entry confirmed; no withdrawal match.
F0094,2026-10-06T20:50:20Z,Solana mainnet,3UtUPbZbsSFqMTcSPG5s9nv3yihtPhjiG53inP5eMmfKwZkwsEv8dGrbY59mszAm6AwNbaHuHTrSM5gebF7s99BA,raw_transactions/3UtUPbZbsSFqMTcSPG5s9nv3yihtPhjiG53inP5eMmfKwZkwsEv8dGrbY59mszAm6AwNbaHuHTrSM5gebF7s99BA.json,network,SOL,0.000205,,network fee,,69FnU8vszZSZF6DZCT6VHdsvm3DvvojDgbwqzHJ4cCFS,69FnU8vszZSZF6DZCT6VHdsvm3DvvojDgbwqzHJ4cCFS,0.000205,mixed,CONFIRMED,"Fee occurs even for failed transaction; repeated network_fee_SOL columns are metadata, not additional fees."
F0095,2026-10-06T20:52:15Z,Solana mainnet,4LiSTZUKyB4eoN6BFNwZRmXviqNwmJLUHWCvPhLqeRyWQb5nz6yJAeKnAY7H1xeyHxwpj2fYq3vn6BhXFNPw8Bmp,raw_transactions/4LiSTZUKyB4eoN6BFNwZRmXviqNwmJLUHWCvPhLqeRyWQb5nz6yJAeKnAY7H1xeyHxwpj2fYq3vn6BhXFNPw8Bmp.json,4AV2Qzp3N4c9RfzyEbNZs2wqWfW4EwKnnxFAZCndvfGh,SOL,1700,,Privacy Cash deposit,9fhQBbumKEFuXtMBDw8AaQyAjCorLGJQiS3skWZdQyQD,69FnU8vszZSZF6DZCT6VHdsvm3DvvojDgbwqzHJ4cCFS,69FnU8vszZSZF6DZCT6VHdsvm3DvvojDgbwqzHJ4cCFS,0.000205,mixed,CONFIRMED,instruction flattened index=6; program=11111111111111111111111111111111; authority=; source owner=69FnU8vszZSZF6DZCT6VHdsvm3DvvojDgbwqzHJ4cCFS; destination owner=4AV2Qzp3N4c9RfzyEbNZs2wqWfW4EwKnnxFAZCndvfGh. Pool entry confirmed; no withdrawal match.
F0096,2026-10-06T20:52:15Z,Solana mainnet,4LiSTZUKyB4eoN6BFNwZRmXviqNwmJLUHWCvPhLqeRyWQb5nz6yJAeKnAY7H1xeyHxwpj2fYq3vn6BhXFNPw8Bmp,raw_transactions/4LiSTZUKyB4eoN6BFNwZRmXviqNwmJLUHWCvPhLqeRyWQb5nz6yJAeKnAY7H1xeyHxwpj2fYq3vn6BhXFNPw8Bmp.json,network,SOL,0.000205,,network fee,,69FnU8vszZSZF6DZCT6VHdsvm3DvvojDgbwqzHJ4cCFS,69FnU8vszZSZF6DZCT6VHdsvm3DvvojDgbwqzHJ4cCFS,0.000205,mixed,CONFIRMED,"Fee occurs even for failed transaction; repeated network_fee_SOL columns are metadata, not additional fees."
F0097,2026-10-06T20:55:03Z,Solana mainnet,Y93jwy61fQGerS8PnroExyMKkczavyzntqu3UfsSKmyWZc2BQcnG9nTmzpCkP81D5Fw1YtAPHUXLhkc37K716Aj,raw_transactions/Y93jwy61fQGerS8PnroExyMKkczavyzntqu3UfsSKmyWZc2BQcnG9nTmzpCkP81D5Fw1YtAPHUXLhkc37K716Aj.json,4AV2Qzp3N4c9RfzyEbNZs2wqWfW4EwKnnxFAZCndvfGh,SOL,1700,,Privacy Cash deposit,9fhQBbumKEFuXtMBDw8AaQyAjCorLGJQiS3skWZdQyQD,69FnU8vszZSZF6DZCT6VHdsvm3DvvojDgbwqzHJ4cCFS,69FnU8vszZSZF6DZCT6VHdsvm3DvvojDgbwqzHJ4cCFS,0.000205,mixed,CONFIRMED,instruction flattened index=6; program=11111111111111111111111111111111; authority=; source owner=69FnU8vszZSZF6DZCT6VHdsvm3DvvojDgbwqzHJ4cCFS; destination owner=4AV2Qzp3N4c9RfzyEbNZs2wqWfW4EwKnnxFAZCndvfGh. Pool entry confirmed; no withdrawal match.
F0098,2026-10-06T20:55:03Z,Solana mainnet,Y93jwy61fQGerS8PnroExyMKkczavyzntqu3UfsSKmyWZc2BQcnG9nTmzpCkP81D5Fw1YtAPHUXLhkc37K716Aj,raw_transactions/Y93jwy61fQGerS8PnroExyMKkczavyzntqu3UfsSKmyWZc2BQcnG9nTmzpCkP81D5Fw1YtAPHUXLhkc37K716Aj.json,network,SOL,0.000205,,network fee,,69FnU8vszZSZF6DZCT6VHdsvm3DvvojDgbwqzHJ4cCFS,69FnU8vszZSZF6DZCT6VHdsvm3DvvojDgbwqzHJ4cCFS,0.000205,mixed,CONFIRMED,"Fee occurs even for failed transaction; repeated network_fee_SOL columns are metadata, not additional fees."
F0099,2026-10-06T20:58:40Z,Solana mainnet,xUu8jqmsvU4GoXjAJvihPhuYPd8P65URTQM6XWnysGtkjrfd1fmWaLiq3FntXrecfaLDQ3yxA3hqTBiicSG4hvU,raw_transactions/xUu8jqmsvU4GoXjAJvihPhuYPd8P65URTQM6XWnysGtkjrfd1fmWaLiq3FntXrecfaLDQ3yxA3hqTBiicSG4hvU.json,4AV2Qzp3N4c9RfzyEbNZs2wqWfW4EwKnnxFAZCndvfGh,SOL,1700,,Privacy Cash deposit,9fhQBbumKEFuXtMBDw8AaQyAjCorLGJQiS3skWZdQyQD,69FnU8vszZSZF6DZCT6VHdsvm3DvvojDgbwqzHJ4cCFS,69FnU8vszZSZF6DZCT6VHdsvm3DvvojDgbwqzHJ4cCFS,0.000205,mixed,CONFIRMED,instruction flattened index=6; program=11111111111111111111111111111111; authority=; source owner=69FnU8vszZSZF6DZCT6VHdsvm3DvvojDgbwqzHJ4cCFS; destination owner=4AV2Qzp3N4c9RfzyEbNZs2wqWfW4EwKnnxFAZCndvfGh. Pool entry confirmed; no withdrawal match.
F0100,2026-10-06T20:58:40Z,Solana mainnet,xUu8jqmsvU4GoXjAJvihPhuYPd8P65URTQM6XWnysGtkjrfd1fmWaLiq3FntXrecfaLDQ3yxA3hqTBiicSG4hvU,raw_transactions/xUu8jqmsvU4GoXjAJvihPhuYPd8P65URTQM6XWnysGtkjrfd1fmWaLiq3FntXrecfaLDQ3yxA3hqTBiicSG4hvU.json,network,SOL,0.000205,,network fee,,69FnU8vszZSZF6DZCT6VHdsvm3DvvojDgbwqzHJ4cCFS,69FnU8vszZSZF6DZCT6VHdsvm3DvvojDgbwqzHJ4cCFS,0.000205,mixed,CONFIRMED,"Fee occurs even for failed transaction; repeated network_fee_SOL columns are metadata, not additional fees."
F0101,2026-10-06T21:00:54Z,Solana mainnet,3f9ABQgo1xe4gVrDYxFJTSVvfeEz6pucS2ARDypLis6cMDDiT8X789Jf9ipR71n8ZjbvnAu1e9vQHquFwz21DWYm,raw_transactions/3f9ABQgo1xe4gVrDYxFJTSVvfeEz6pucS2ARDypLis6cMDDiT8X789Jf9ipR71n8ZjbvnAu1e9vQHquFwz21DWYm.json,4AV2Qzp3N4c9RfzyEbNZs2wqWfW4EwKnnxFAZCndvfGh,SOL,1258.9737809,,Privacy Cash deposit,9fhQBbumKEFuXtMBDw8AaQyAjCorLGJQiS3skWZdQyQD,69FnU8vszZSZF6DZCT6VHdsvm3DvvojDgbwqzHJ4cCFS,69FnU8vszZSZF6DZCT6VHdsvm3DvvojDgbwqzHJ4cCFS,0.000205,mixed,CONFIRMED,instruction flattened index=6; program=11111111111111111111111111111111; authority=; source owner=69FnU8vszZSZF6DZCT6VHdsvm3DvvojDgbwqzHJ4cCFS; destination owner=4AV2Qzp3N4c9RfzyEbNZs2wqWfW4EwKnnxFAZCndvfGh. Pool entry confirmed; no withdrawal match.
F0102,2026-10-06T21:00:54Z,Solana mainnet,3f9ABQgo1xe4gVrDYxFJTSVvfeEz6pucS2ARDypLis6cMDDiT8X789Jf9ipR71n8ZjbvnAu1e9vQHquFwz21DWYm,raw_transactions/3f9ABQgo1xe4gVrDYxFJTSVvfeEz6pucS2ARDypLis6cMDDiT8X789Jf9ipR71n8ZjbvnAu1e9vQHquFwz21DWYm.json,network,SOL,0.000205,,network fee,,69FnU8vszZSZF6DZCT6VHdsvm3DvvojDgbwqzHJ4cCFS,69FnU8vszZSZF6DZCT6VHdsvm3DvvojDgbwqzHJ4cCFS,0.000205,mixed,CONFIRMED,"Fee occurs even for failed transaction; repeated network_fee_SOL columns are metadata, not additional fees."
